tags,n_seeds,ranked,n_rows,n_pairs,adj_r2,ref_adj_r2,err_corr,blend50_adj_r2,arch,preset,no_triangles,topology_only,pair_loss_weight,select_on,level_weight,block_key,block_centre,film,pair_head,pair_head_weight,pair_reconcile,geometry,extra_block_mean,node_angular,angular_readout,attn_pool,aux_target,conformers,pretrain_epochs,filtration_max,heavy_only,dim,layers,dropout,head_hidden,lr,weight_decay,epochs,batch_rows,folds,repeats,restrict_groups,pair_adj_weight,pair_adj_only,pair_loss_kind,pair_metric_align,radius_slope,radius_slope_u,radial_bins,radial_max,rbf_bins,rbf_max,edge_asset,level_loss,level_huber_delta,pair_subsample,level_quantile
"c6_y7_c60_w20_s11,c6_y7_c60_w20_s23",12,True,3567,604,0.2042663231181322,0.22348566199544928,0.8624822827757643,0.26800918119403094,dist,baseline_2d_mphys,False,False,2.0,adjacent,,,False,False,False,1.0,False,full,False,False,False,False,,1,0,6.0,True,96,3,0.15,256,0.002,0.0001,60,64,5,1,screen_select_extractants.txt,20.0,False,sq,False,off,block,,,96.0,6.0,c60,huber,1.0,1.0,0.5
"c6_e0_mphys_s11,c6_e0_mphys_s211",12,True,3567,604,0.19981479419724346,0.22348566199544928,0.8404495925600789,0.2756575964210283,dist,baseline_2d_mphys,False,False,2.0,adjacent,,,False,False,False,1.0,False,full,False,False,False,False,,1,0,3.5,True,96,3,0.15,256,0.002,0.0001,60,64,5,1,screen_select_extractants.txt,3.0,False,sq,False,off,block,,,,,,huber,1.0,1.0,0.5
"c6_y5_w40_s11,c6_y5_w40_s23",4,False,3567,604,0.19849361670760335,0.22348566199544928,0.8569051675515063,0.26842864624742035,dist,baseline_2d_mphys,False,False,2.0,adjacent,,,False,False,False,1.0,False,full,False,False,False,False,,1,0,4.0,True,96,3,0.15,256,0.002,0.0001,60,64,5,1,screen_select_extractants.txt,40.0,False,sq,False,off,block,,,64.0,,,huber,1.0,1.0,0.5
"c6_x5_d02_mphys_s11,c6_x5_d02_mphys_s23",4,False,3567,604,0.19780651714524444,0.22348566199544928,0.8473143326582888,0.2720651011025361,dist,baseline_2d_mphys,False,False,2.0,adjacent,,,False,False,False,1.0,False,full,False,False,False,False,,1,0,3.5,True,96,3,0.15,256,0.002,0.0001,60,64,5,1,screen_select_extractants.txt,3.0,False,sq,False,off,block,,,,,,huber,0.2,1.0,0.5
"c6_y6_c50_w20_s11,c6_y6_c50_w20_s23",4,False,3567,604,0.1965642115662043,0.22348566199544928,0.8323667866382645,0.27636960381730136,dist,baseline_2d_mphys,False,False,2.0,adjacent,,,False,False,False,1.0,False,full,False,False,False,False,,1,0,5.0,True,96,3,0.15,256,0.002,0.0001,60,64,5,1,screen_select_extractants.txt,20.0,False,sq,False,off,block,,,64.0,5.0,c50,huber,1.0,1.0,0.5
"c6_y4_w20_s11,c6_y4_w20_s23",4,False,3567,604,0.19291840180752717,0.22348566199544928,0.8660897112667358,0.26133648478370186,dist,baseline_2d_mphys,False,False,2.0,adjacent,,,False,False,False,1.0,False,full,False,False,False,False,,1,0,4.0,True,96,3,0.15,256,0.002,0.0001,60,64,5,1,screen_select_extractants.txt,20.0,False,sq,False,off,block,,,64.0,,,huber,1.0,1.0,0.5
"c6d_d050_s11,c6d_d050_s211",12,True,3567,604,0.18900218612876407,0.22348566199544928,0.8541324797676823,0.2644267398922904,dist,baseline_2d,False,False,2.0,adjacent,,,False,False,False,1.0,False,full,False,False,False,False,,1,0,4.0,True,96,3,0.15,256,0.002,0.0001,60,64,5,1,screen_select_extractants.txt,3.0,False,sq,False,off,block,,,64.0,,,huber,0.5,1.0,0.5
"c6_x4_mae_mphys_s11,c6_x4_mae_mphys_s23",4,False,3567,604,0.18867992407683065,0.22348566199544928,0.8100514053475656,0.28166162211526513,dist,baseline_2d_mphys,False,False,2.0,adjacent,,,False,False,False,1.0,False,full,False,False,False,False,,1,0,3.5,True,96,3,0.15,256,0.002,0.0001,60,64,5,1,screen_select_extractants.txt,3.0,False,sq,False,off,block,,,,,,mae,1.0,1.0,0.5
"c6_x2_d02_s11,c6_x2_d02_s23",4,False,3567,604,0.18849413579138108,0.22348566199544928,0.8188558262300499,0.2785127899987463,dist,baseline_2d,False,False,2.0,adjacent,,,False,False,False,1.0,False,full,False,False,False,False,,1,0,3.5,True,96,3,0.15,256,0.002,0.0001,60,64,5,1,screen_select_extractants.txt,3.0,False,sq,False,off,block,,,,,,huber,0.2,1.0,0.5
"c6_b7_f40_fb64_s11,c6_b7_f40_fb64_s211",12,True,3567,604,0.18738884873908457,0.22348566199544928,0.8441348933351137,0.2679627592613669,dist,baseline_2d,False,False,2.0,adjacent,,,False,False,False,1.0,False,full,False,False,False,False,,1,0,4.0,True,96,3,0.15,256,0.002,0.0001,60,64,5,1,screen_select_extractants.txt,3.0,False,sq,False,off,block,,,64.0,,,huber,1.0,1.0,0.5
"c6sm_sm_full_s11,c6sm_sm_full_s23",8,False,3512,584,0.18664497304133287,0.22623833242908375,0.8402052435893032,0.27115026763057826,dist,baseline_2d,False,False,2.0,adjacent,,,False,False,False,1.0,False,full,False,False,False,False,,1,0,4.0,True,96,3,0.15,256,0.002,0.0001,60,64,5,1,solvent_matched_extractants.txt,3.0,False,sq,False,off,block,,,64.0,,,huber,1.0,1.0,0.5
"c6_a7_w10_only_s11,c6_a7_w10_only_s211",12,True,3567,604,0.18551768110294464,0.22348566199544928,0.8653291108157514,0.2584628821500843,dist,baseline_2d,False,False,2.0,adjacent,,,False,False,False,1.0,False,full,False,False,False,False,,1,0,3.5,True,96,3,0.15,256,0.002,0.0001,60,64,5,1,screen_select_extractants.txt,10.0,False,sq,False,off,block,,,,,,huber,1.0,1.0,0.5
"c6_b10_f40_rb128_s11,c6_b10_f40_rb128_s23",4,False,3567,604,0.18472667370771179,0.22348566199544928,0.8311556778470349,0.271720802540117,dist,baseline_2d,False,False,2.0,adjacent,,,False,False,False,1.0,False,full,False,False,False,False,,1,0,4.0,True,96,3,0.15,256,0.002,0.0001,60,64,5,1,screen_select_extractants.txt,3.0,False,sq,False,off,block,128.0,,,,,huber,1.0,1.0,0.5
"c6q_q75_s11,c6q_q75_s23",4,False,3567,604,0.1836108949315275,0.22348566199544928,0.8165002833543495,0.27733820133626264,dist,baseline_2d,False,False,2.0,adjacent,,,False,False,False,1.0,False,full,False,False,False,False,,1,0,3.5,True,96,3,0.15,256,0.002,0.0001,60,64,5,1,screen_select_extractants.txt,3.0,False,sq,False,off,block,,,,,,quantile,1.0,1.0,0.75
"c6_c6_tabular_basis_s11,c6_c6_tabular_basis_s23",4,False,3567,604,0.1832404289551245,0.22348566199544928,0.8561515638830725,0.2608077888771144,tabular,baseline_2d,False,False,2.0,adjacent,,,False,False,False,1.0,False,full,False,False,False,False,,1,0,3.5,True,96,3,0.15,256,0.002,0.0001,60,64,5,1,screen_select_extractants.txt,3.0,False,sq,False,basis,block,,,,,,huber,1.0,1.0,0.5
"c6w_w20_s11,c6w_w20_s23",4,False,3567,604,0.18247457851627824,0.22348566199544928,0.8268679301839472,0.2721610512501923,dist,baseline_2d,False,False,2.0,adjacent,,,False,False,False,1.0,False,full,False,False,False,False,,1,0,3.5,True,96,3,0.15,256,0.002,0.0001,60,64,5,1,screen_select_extractants.txt,3.0,False,sq,False,off,block,,,,,,huber,1.0,0.02,0.5
"c6_y2_c80_s11,c6_y2_c80_s23",12,True,3567,604,0.18038712027873594,0.22348566199544928,0.8493418385284864,0.26253775038131943,dist,baseline_2d_mphys,False,False,2.0,adjacent,,,False,False,False,1.0,False,full,False,False,False,False,,1,0,8.0,True,96,3,0.15,256,0.002,0.0001,60,64,5,1,screen_select_extractants.txt,3.0,False,sq,False,off,block,,,128.0,8.0,c80,huber,1.0,1.0,0.5
"c6sm_sm_water_s11,c6sm_sm_water_s23",8,False,3512,584,0.1787891074247303,0.22623833242908375,0.8539224936311823,0.26211344611438503,dist,baseline_2d,False,False,2.0,adjacent,,,False,False,False,1.0,False,water,False,False,False,False,,1,0,4.0,True,96,3,0.15,256,0.002,0.0001,60,64,5,1,solvent_matched_extractants.txt,3.0,False,sq,False,off,block,,,64.0,,,huber,1.0,1.0,0.5
"c6_y1_c60_s11,c6_y1_c60_s23",12,True,3567,604,0.17546599029516863,0.22348566199544928,0.8513782066136341,0.2598321506464394,dist,baseline_2d_mphys,False,False,2.0,adjacent,,,False,False,False,1.0,False,full,False,False,False,False,,1,0,6.0,True,96,3,0.15,256,0.002,0.0001,60,64,5,1,screen_select_extractants.txt,3.0,False,sq,False,off,block,,,96.0,6.0,c60,huber,1.0,1.0,0.5
"c6_x6_mae_f40_s11,c6_x6_mae_f40_s211",12,True,3567,604,0.17175563643854685,0.22348566199544928,0.8495201564521443,0.2585180903355846,dist,baseline_2d,False,False,2.0,adjacent,,,False,False,False,1.0,False,full,False,False,False,False,,1,0,4.0,True,96,3,0.15,256,0.002,0.0001,60,64,5,1,screen_select_extractants.txt,3.0,False,sq,False,off,block,,,64.0,,,mae,1.0,1.0,0.5
"c6q_q90_s11,c6q_q90_s23",4,False,3567,604,0.16883797715781657,0.22348566199544928,0.7854760318449509,0.28256841264677324,dist,baseline_2d,False,False,2.0,adjacent,,,False,False,False,1.0,False,full,False,False,False,False,,1,0,3.5,True,96,3,0.15,256,0.002,0.0001,60,64,5,1,screen_select_extractants.txt,3.0,False,sq,False,off,block,,,,,,quantile,1.0,1.0,0.9
"c6q_q70_s11,c6q_q70_s23",4,False,3567,604,0.1669532778236038,0.22348566199544928,0.8085095794606083,0.2725730742764071,dist,baseline_2d,False,False,2.0,adjacent,,,False,False,False,1.0,False,full,False,False,False,False,,1,0,3.5,True,96,3,0.15,256,0.002,0.0001,60,64,5,1,screen_select_extractants.txt,3.0,False,sq,False,off,block,,,,,,quantile,1.0,1.0,0.7
"c6_x7_d02_w10_s11,c6_x7_d02_w10_s23",4,False,3567,604,0.1665773060382605,0.22348566199544928,0.8464553248846043,0.25832957572371573,dist,baseline_2d,False,False,2.0,adjacent,,,False,False,False,1.0,False,full,False,False,False,False,,1,0,3.5,True,96,3,0.15,256,0.002,0.0001,60,64,5,1,screen_select_extractants.txt,10.0,False,sq,False,off,block,,,,,,huber,0.2,1.0,0.5
"c6_h0_sub075_s211,c6_h0_sub075_s223",12,True,3567,604,0.16614332854666214,0.22348566199544928,0.858178588172384,0.2528052716962561,dist,baseline_2d,False,False,2.0,adjacent,,,False,False,False,1.0,False,full,False,False,False,False,,1,0,3.5,True,96,3,0.15,256,0.002,0.0001,60,64,5,1,screen_select_extractants.txt,3.0,False,sq,False,off,block,,,,,,huber,1.0,0.075,0.5
"c6d_d030_s11,c6d_d030_s211",12,True,3567,604,0.16560144307653035,0.22348566199544928,0.8516308405116428,0.25463328678526664,dist,baseline_2d,False,False,2.0,adjacent,,,False,False,False,1.0,False,full,False,False,False,False,,1,0,4.0,True,96,3,0.15,256,0.002,0.0001,60,64,5,1,screen_select_extractants.txt,3.0,False,sq,False,off,block,,,64.0,,,huber,0.3,1.0,0.5
"c6_x1_d05_s11,c6_x1_d05_s23",4,False,3567,604,0.16456221347127198,0.22348566199544928,0.8141164828091729,0.26946698404365066,dist,baseline_2d,False,False,2.0,adjacent,,,False,False,False,1.0,False,full,False,False,False,False,,1,0,3.5,True,96,3,0.15,256,0.002,0.0001,60,64,5,1,screen_select_extractants.txt,3.0,False,sq,False,off,block,,,,,,huber,0.5,1.0,0.5
"c6q_q70_f40_s11,c6q_q70_f40_s23",4,False,3567,604,0.1645283481125539,0.22348566199544928,0.8328466593379802,0.2619267167137971,dist,baseline_2d,False,False,2.0,adjacent,,,False,False,False,1.0,False,full,False,False,False,False,,1,0,4.0,True,96,3,0.15,256,0.002,0.0001,60,64,5,1,screen_select_extractants.txt,3.0,False,sq,False,off,block,,,64.0,,,quantile,1.0,1.0,0.7
"c6_b6_f40_s11,c6_b6_f40_s23",4,False,3567,604,0.16441268013429722,0.22348566199544928,0.8389511764237237,0.2594085334165912,dist,baseline_2d,False,False,2.0,adjacent,,,False,False,False,1.0,False,full,False,False,False,False,,1,0,4.0,True,96,3,0.15,256,0.002,0.0001,60,64,5,1,screen_select_extractants.txt,3.0,False,sq,False,off,block,,,,,,huber,1.0,1.0,0.5
"c6_b3_rm12_s11,c6_b3_rm12_s23",4,False,3567,604,0.16414828883766786,0.22348566199544928,0.807854145221832,0.2717296210773624,dist,baseline_2d,False,False,2.0,adjacent,,,False,False,False,1.0,False,full,False,False,False,False,,1,0,3.5,True,96,3,0.15,256,0.002,0.0001,60,64,5,1,screen_select_extractants.txt,3.0,False,sq,False,off,block,,12.0,,,,huber,1.0,1.0,0.5
"c6w_w100_s11,c6w_w100_s23",4,False,3567,604,0.16363238912069367,0.22348566199544928,0.8467745164324831,0.25594291409706127,dist,baseline_2d,False,False,2.0,adjacent,,,False,False,False,1.0,False,full,False,False,False,False,,1,0,3.5,True,96,3,0.15,256,0.002,0.0001,60,64,5,1,screen_select_extractants.txt,3.0,False,sq,False,off,block,,,,,,huber,1.0,0.1,0.5
"c6n_sub05_lmae_f40_s11,c6n_sub05_lmae_f40_s23",4,False,3567,604,0.16353575932537157,0.22348566199544928,0.8171507855429907,0.2680859268485043,dist,baseline_2d,False,False,2.0,adjacent,,,False,False,False,1.0,False,full,False,False,False,False,,1,0,4.0,True,96,3,0.15,256,0.002,0.0001,60,64,5,1,screen_select_extractants.txt,3.0,False,sq,False,off,block,,,64.0,,,mae,1.0,0.05,0.5
"c6_b4_rb128_rm12_s11,c6_b4_rb128_rm12_s23",4,False,3567,604,0.1629587198082908,0.22348566199544928,0.8478340943112639,0.2549250810890118,dist,baseline_2d,False,False,2.0,adjacent,,,False,False,False,1.0,False,full,False,False,False,False,,1,0,3.5,True,96,3,0.15,256,0.002,0.0001,60,64,5,1,screen_select_extractants.txt,3.0,False,sq,False,off,block,128.0,12.0,,,,huber,1.0,1.0,0.5
"c6q_q80_s11,c6q_q80_s23",4,False,3567,604,0.16273935174153187,0.22348566199544928,0.7925643040132632,0.2779769648734175,dist,baseline_2d,False,False,2.0,adjacent,,,False,False,False,1.0,False,full,False,False,False,False,,1,0,3.5,True,96,3,0.15,256,0.002,0.0001,60,64,5,1,screen_select_extractants.txt,3.0,False,sq,False,off,block,,,,,,quantile,1.0,1.0,0.8
"c6d_d020_s11,c6d_d020_s211",12,True,3567,604,0.16215446595020533,0.22348566199544928,0.84624835981548,0.2552496318574051,dist,baseline_2d,False,False,2.0,adjacent,,,False,False,False,1.0,False,full,False,False,False,False,,1,0,4.0,True,96,3,0.15,256,0.002,0.0001,60,64,5,1,screen_select_extractants.txt,3.0,False,sq,False,off,block,,,64.0,,,huber,0.2,1.0,0.5
"c6_b9_fb64_fm5_s11,c6_b9_fb64_fm5_s23",4,False,3567,604,0.1599122188931844,0.22348566199544928,0.8250652204324088,0.2633006333502227,dist,baseline_2d,False,False,2.0,adjacent,,,False,False,False,1.0,False,full,False,False,False,False,,1,0,3.5,True,96,3,0.15,256,0.002,0.0001,60,64,5,1,screen_select_extractants.txt,3.0,False,sq,False,off,block,,,64.0,5.0,,huber,1.0,1.0,0.5
"c6_a6_adjonly_only_s11,c6_a6_adjonly_only_s23",4,False,3567,604,0.15900946430322882,0.22348566199544928,0.8646037135470354,0.2480777885355393,dist,baseline_2d,False,False,2.0,adjacent,,,False,False,False,1.0,False,full,False,False,False,False,,1,0,3.5,True,96,3,0.15,256,0.002,0.0001,60,64,5,1,screen_select_extractants.txt,3.0,True,sq,False,off,block,,,,,,huber,1.0,1.0,0.5
"c6_c3_basis_row_s11,c6_c3_basis_row_s23",4,False,3567,604,0.15873392935743647,0.22348566199544928,0.8383170141383255,0.25701862625173055,dist,baseline_2d,False,False,2.0,adjacent,,,False,False,False,1.0,False,full,False,False,False,False,,1,0,3.5,True,96,3,0.15,256,0.002,0.0001,60,64,5,1,screen_select_extractants.txt,3.0,False,sq,False,basis,row,,,,,,huber,1.0,1.0,0.5
"c6q_q65_f40_s11,c6q_q65_f40_s23",12,True,3567,604,0.1583007517758267,0.22348566199544928,0.8450085000017471,0.25414395996337424,dist,baseline_2d,False,False,2.0,adjacent,,,False,False,False,1.0,False,full,False,False,False,False,,1,0,4.0,True,96,3,0.15,256,0.002,0.0001,60,64,5,1,screen_select_extractants.txt,3.0,False,sq,False,off,block,,,64.0,,,quantile,1.0,1.0,0.65
"c6_e2_mphys_basis_s11,c6_e2_mphys_basis_s23",4,False,3567,604,0.15713063689960616,0.22348566199544928,0.8427175024930795,0.25435853890282434,dist,baseline_2d_mphys,False,False,2.0,adjacent,,,False,False,False,1.0,False,full,False,False,False,False,,1,0,3.5,True,96,3,0.15,256,0.002,0.0001,60,64,5,1,screen_select_extractants.txt,3.0,False,sq,False,basis,block,,,,,,huber,1.0,1.0,0.5
"c6w_w75_f40_q70_s11,c6w_w75_f40_q70_s23",4,False,3567,604,0.15533956170608842,0.22348566199544928,0.8343741312914129,0.25693839364847215,dist,baseline_2d,False,False,2.0,adjacent,,,False,False,False,1.0,False,full,False,False,False,False,,1,0,4.0,True,96,3,0.15,256,0.002,0.0001,60,64,5,1,screen_select_extractants.txt,3.0,False,sq,False,off,block,,,64.0,,,quantile,1.0,0.075,0.7
"c6_y0_c50_s11,c6_y0_c50_s23",12,True,3567,604,0.15475808757543097,0.22348566199544928,0.8592265797550618,0.24713722263689997,dist,baseline_2d_mphys,False,False,2.0,adjacent,,,False,False,False,1.0,False,full,False,False,False,False,,1,0,5.0,True,96,3,0.15,256,0.002,0.0001,60,64,5,1,screen_select_extractants.txt,3.0,False,sq,False,off,block,,,64.0,5.0,c50,huber,1.0,1.0,0.5
"c6_c2_basis_s11,c6_c2_basis_s23",4,False,3567,604,0.15455005986472614,0.22348566199544928,0.8432471511268403,0.2537308783400012,dist,baseline_2d,False,False,2.0,adjacent,,,False,False,False,1.0,False,full,False,False,False,False,,1,0,3.5,True,96,3,0.15,256,0.002,0.0001,60,64,5,1,screen_select_extractants.txt,3.0,False,sq,False,basis,block,,,,,,huber,1.0,1.0,0.5
"c6_y3_k24_s11,c6_y3_k24_s23",4,False,3567,604,0.1531038751713687,0.22348566199544928,0.8285248317048375,0.2584104478344138,dist,baseline_2d_mphys,False,False,2.0,adjacent,,,False,False,False,1.0,False,full,False,False,False,False,,1,0,12.0,True,96,3,0.15,256,0.002,0.0001,60,64,5,1,screen_select_extractants.txt,3.0,False,sq,False,off,block,,,96.0,8.0,k24,huber,1.0,1.0,0.5
"c6q_q50_s11,c6q_q50_s23",4,False,3567,604,0.15247359362296142,0.22348566199544928,0.838739135241231,0.2539818455542572,dist,baseline_2d,False,False,2.0,adjacent,,,False,False,False,1.0,False,full,False,False,False,False,,1,0,3.5,True,96,3,0.15,256,0.002,0.0001,60,64,5,1,screen_select_extractants.txt,3.0,False,sq,False,off,block,,,,,,quantile,1.0,1.0,0.5
"c6_b1_rb128_s11,c6_b1_rb128_s23",4,False,3567,604,0.15223510938082663,0.22348566199544928,0.8173638250923039,0.26291642539230886,dist,baseline_2d,False,False,2.0,adjacent,,,False,False,False,1.0,False,full,False,False,False,False,,1,0,3.5,True,96,3,0.15,256,0.002,0.0001,60,64,5,1,screen_select_extractants.txt,3.0,False,sq,False,off,block,128.0,,,,,huber,1.0,1.0,0.5
"c6_b0_rb64_s11,c6_b0_rb64_s23",4,False,3567,604,0.15215783829802865,0.22348566199544928,0.8254497514463885,0.2594710611425376,dist,baseline_2d,False,False,2.0,adjacent,,,False,False,False,1.0,False,full,False,False,False,False,,1,0,3.5,True,96,3,0.15,256,0.002,0.0001,60,64,5,1,screen_select_extractants.txt,3.0,False,sq,False,off,block,64.0,,,,,huber,1.0,1.0,0.5
"c6_d0_noecfp_s11,c6_d0_noecfp_s23",4,False,3567,604,0.15195008385037045,0.22348566199544928,0.8377750693100691,0.25581194828924503,dist,baseline_no_ecfp,False,False,2.0,adjacent,,,False,False,False,1.0,False,full,False,False,False,False,,1,0,3.5,True,96,3,0.15,256,0.002,0.0001,60,64,5,1,screen_select_extractants.txt,3.0,False,sq,False,off,block,,,,,,huber,1.0,1.0,0.5
"c6w_w50_f40_s11,c6w_w50_f40_s23",12,True,3567,604,0.15156226995993416,0.22348566199544928,0.8488453321572076,0.25015725143265277,dist,baseline_2d,False,False,2.0,adjacent,,,False,False,False,1.0,False,full,False,False,False,False,,1,0,4.0,True,96,3,0.15,256,0.002,0.0001,60,64,5,1,screen_select_extractants.txt,3.0,False,sq,False,off,block,,,64.0,,,huber,1.0,0.05,0.5
"c6q_q50_f40_s11,c6q_q50_f40_s23",4,False,3567,604,0.1509205664562594,0.22348566199544928,0.824334704877478,0.2592592131147682,dist,baseline_2d,False,False,2.0,adjacent,,,False,False,False,1.0,False,full,False,False,False,False,,1,0,4.0,True,96,3,0.15,256,0.002,0.0001,60,64,5,1,screen_select_extractants.txt,3.0,False,sq,False,off,block,,,64.0,,,quantile,1.0,1.0,0.5
"c6q_q60_s11,c6q_q60_s23",4,False,3567,604,0.15015303839573801,0.22348566199544928,0.8148357363741384,0.26263115411498417,dist,baseline_2d,False,False,2.0,adjacent,,,False,False,False,1.0,False,full,False,False,False,False,,1,0,3.5,True,96,3,0.15,256,0.002,0.0001,60,64,5,1,screen_select_extractants.txt,3.0,False,sq,False,off,block,,,,,,quantile,1.0,1.0,0.6
"c6d_d015_s11,c6d_d015_s211",12,True,3567,604,0.1495493892708324,0.22348566199544928,0.854567672341692,0.2463841915994336,dist,baseline_2d,False,False,2.0,adjacent,,,False,False,False,1.0,False,full,False,False,False,False,,1,0,4.0,True,96,3,0.15,256,0.002,0.0001,60,64,5,1,screen_select_extractants.txt,3.0,False,sq,False,off,block,,,64.0,,,huber,0.15,1.0,0.5
"c6q_q60_f40_s11,c6q_q60_f40_s23",4,False,3567,604,0.14664500408123415,0.22348566199544928,0.8554151364240078,0.2450227285346146,dist,baseline_2d,False,False,2.0,adjacent,,,False,False,False,1.0,False,full,False,False,False,False,,1,0,4.0,True,96,3,0.15,256,0.002,0.0001,60,64,5,1,screen_select_extractants.txt,3.0,False,sq,False,off,block,,,64.0,,,quantile,1.0,1.0,0.6
"c6v_v6_noecfp_q70_s11,c6v_v6_noecfp_q70_s23",4,False,3567,604,0.14438043089311436,0.22348566199544928,0.8092401691922274,0.2626465110627415,dist,baseline_no_ecfp,False,False,2.0,adjacent,,,False,False,False,1.0,False,full,False,False,False,False,,1,0,4.0,True,96,3,0.15,256,0.002,0.0001,60,64,5,1,screen_select_extractants.txt,3.0,False,sq,False,off,block,,,64.0,,,quantile,1.0,1.0,0.7
"c6_x0_mae_s11,c6_x0_mae_s23",4,False,3567,604,0.14412333589493365,0.22348566199544928,0.8382164710918254,0.2502296103211429,dist,baseline_2d,False,False,2.0,adjacent,,,False,False,False,1.0,False,full,False,False,False,False,,1,0,3.5,True,96,3,0.15,256,0.002,0.0001,60,64,5,1,screen_select_extractants.txt,3.0,False,sq,False,off,block,,,,,,mae,1.0,1.0,0.5
"c6q_q90_f40_s11,c6q_q90_f40_s23",4,False,3567,604,0.14004530068561982,0.22348566199544928,0.8251002681581698,0.2537519848912273,dist,baseline_2d,False,False,2.0,adjacent,,,False,False,False,1.0,False,full,False,False,False,False,,1,0,4.0,True,96,3,0.15,256,0.002,0.0001,60,64,5,1,screen_select_extractants.txt,3.0,False,sq,False,off,block,,,64.0,,,quantile,1.0,1.0,0.9
"c6_b5_rb128_rm10_s11,c6_b5_rb128_rm10_s23",4,False,3567,604,0.1390847957394553,0.22348566199544928,0.8240018248241083,0.2542004095724515,dist,baseline_2d,False,False,2.0,adjacent,,,False,False,False,1.0,False,full,False,False,False,False,,1,0,3.5,True,96,3,0.15,256,0.002,0.0001,60,64,5,1,screen_select_extractants.txt,3.0,False,sq,False,off,block,128.0,10.0,,,,huber,1.0,1.0,0.5
"c6d_d005_s11,c6d_d005_s211",12,True,3567,604,0.13717094359674997,0.22348566199544928,0.8586928304073878,0.23951201685156287,dist,baseline_2d,False,False,2.0,adjacent,,,False,False,False,1.0,False,full,False,False,False,False,,1,0,4.0,True,96,3,0.15,256,0.002,0.0001,60,64,5,1,screen_select_extractants.txt,3.0,False,sq,False,off,block,,,64.0,,,huber,0.05,1.0,0.5
"c6w_w150_s11,c6w_w150_s23",4,False,3567,604,0.134693139845814,0.22348566199544928,0.8392313105087862,0.24604178251885622,dist,baseline_2d,False,False,2.0,adjacent,,,False,False,False,1.0,False,full,False,False,False,False,,1,0,3.5,True,96,3,0.15,256,0.002,0.0001,60,64,5,1,screen_select_extractants.txt,3.0,False,sq,False,off,block,,,,,,huber,1.0,0.15,0.5
"c6n_sub075_lq70_f35_s11,c6n_sub075_lq70_f35_s23",4,False,3567,604,0.13344768252651473,0.22348566199544928,0.8291602364340412,0.24970181953966164,dist,baseline_2d,False,False,2.0,adjacent,,,False,False,False,1.0,False,full,False,False,False,False,,1,0,3.5,True,96,3,0.15,256,0.002,0.0001,60,64,5,1,screen_select_extractants.txt,3.0,False,sq,False,off,block,,,,,,quantile,1.0,0.075,0.7
"c6v_v7_dim160_q70_s11,c6v_v7_dim160_q70_s23",4,False,3567,604,0.13290926114497992,0.22348566199544928,0.823962673736136,0.2515577350679591,dist,baseline_2d,False,False,2.0,adjacent,,,False,False,False,1.0,False,full,False,False,False,False,,1,0,4.0,True,160,4,0.15,256,0.002,0.0001,60,64,5,1,screen_select_extractants.txt,3.0,False,sq,False,off,block,,,64.0,,,quantile,1.0,1.0,0.7
"c6_b2_rb256_s11,c6_b2_rb256_s23",4,False,3567,604,0.13205722399061293,0.22348566199544928,0.8272315364669218,0.24947486038350108,dist,baseline_2d,False,False,2.0,adjacent,,,False,False,False,1.0,False,full,False,False,False,False,,1,0,3.5,True,96,3,0.15,256,0.002,0.0001,60,64,5,1,screen_select_extractants.txt,3.0,False,sq,False,off,block,256.0,,,,,huber,1.0,1.0,0.5
"c6v_v8_dim128_s11,c6v_v8_dim128_s23",4,False,3567,604,0.12914303011746686,0.22348566199544928,0.8232888320856206,0.24969706670113234,dist,baseline_2d,False,False,2.0,adjacent,,,False,False,False,1.0,False,full,False,False,False,False,,1,0,4.0,True,128,3,0.15,256,0.002,0.0001,60,64,5,1,screen_select_extractants.txt,3.0,False,sq,False,off,block,,,64.0,,,huber,1.0,1.0,0.5
"c6n_sub075_lmae_f40_s11,c6n_sub075_lmae_f40_s23",4,False,3567,604,0.12717849324753283,0.22348566199544928,0.7995675690054493,0.258741438749968,dist,baseline_2d,False,False,2.0,adjacent,,,False,False,False,1.0,False,full,False,False,False,False,,1,0,4.0,True,96,3,0.15,256,0.002,0.0001,60,64,5,1,screen_select_extractants.txt,3.0,False,sq,False,off,block,,,64.0,,,mae,1.0,0.075,0.5
"c6_x3_mse_s11,c6_x3_mse_s23",4,False,3567,604,0.12677044318498876,0.22348566199544928,0.8031305173287087,0.25744203866199467,dist,baseline_2d,False,False,2.0,adjacent,,,False,False,False,1.0,False,full,False,False,False,False,,1,0,3.5,True,96,3,0.15,256,0.002,0.0001,60,64,5,1,screen_select_extractants.txt,3.0,False,sq,False,off,block,,,,,,mse,1.0,1.0,0.5
"c6_b8_fb64_s11,c6_b8_fb64_s23",4,False,3567,604,0.1266876061280009,0.22348566199544928,0.8276903646246058,0.2468539391028175,dist,baseline_2d,False,False,2.0,adjacent,,,False,False,False,1.0,False,full,False,False,False,False,,1,0,3.5,True,96,3,0.15,256,0.002,0.0001,60,64,5,1,screen_select_extractants.txt,3.0,False,sq,False,off,block,,,64.0,,,huber,1.0,1.0,0.5
"c6n_sub075_lmae_f35_s11,c6n_sub075_lmae_f35_s23",4,False,3567,604,0.1257249804403836,0.22348566199544928,0.8150419126854667,0.2515656143610875,dist,baseline_2d,False,False,2.0,adjacent,,,False,False,False,1.0,False,full,False,False,False,False,,1,0,3.5,True,96,3,0.15,256,0.002,0.0001,60,64,5,1,screen_select_extractants.txt,3.0,False,sq,False,off,block,,,,,,mae,1.0,0.075,0.5
"c6h_h1_sub25_s11,c6h_h1_sub25_s23",4,False,3567,604,0.12350784979520102,0.22348566199544928,0.8214062625587429,0.24822806370419037,dist,baseline_2d,False,False,2.0,adjacent,,,False,False,False,1.0,False,full,False,False,False,False,,1,0,3.5,True,96,3,0.15,256,0.002,0.0001,60,64,5,1,screen_select_extractants.txt,3.0,False,sq,False,off,block,,,,,,huber,1.0,0.25,0.5
"c6_a0_published_s11,c6_a0_published_s23",4,False,3567,604,0.12247657110804999,0.22348566199544928,0.8242176436702342,0.2465021512430179,dist,baseline_2d,False,False,2.0,adjacent,,,False,False,False,1.0,False,full,False,False,False,False,,1,0,3.5,True,96,3,0.15,256,0.002,0.0001,60,64,5,1,screen_select_extractants.txt,3.0,False,sq,False,off,block,,,,,,huber,1.0,1.0,0.5
"c6_e1_mphys_align_s11,c6_e1_mphys_align_s23",4,False,3567,604,0.12241500789203563,0.22348566199544928,0.8016672567900587,0.25556069506387213,dist,baseline_2d_mphys,False,False,2.0,adjacent,,,False,False,False,1.0,False,full,False,False,False,False,,1,0,3.5,True,96,3,0.15,256,0.002,0.0001,60,64,5,1,screen_select_extractants.txt,3.0,False,sq,True,off,block,,,,,,huber,1.0,1.0,0.5
"c6q_q75_f40_s11,c6q_q75_f40_s23",4,False,3567,604,0.1197004531436554,0.22348566199544928,0.8394170440007136,0.2402392057009053,dist,baseline_2d,False,False,2.0,adjacent,,,False,False,False,1.0,False,full,False,False,False,False,,1,0,4.0,True,96,3,0.15,256,0.002,0.0001,60,64,5,1,screen_select_extractants.txt,3.0,False,sq,False,off,block,,,64.0,,,quantile,1.0,1.0,0.75
"c6q_q65_s11,c6q_q65_s23",4,False,3567,604,0.11912527419632046,0.22348566199544928,0.8087566659885453,0.2517588150155845,dist,baseline_2d,False,False,2.0,adjacent,,,False,False,False,1.0,False,full,False,False,False,False,,1,0,3.5,True,96,3,0.15,256,0.002,0.0001,60,64,5,1,screen_select_extractants.txt,3.0,False,sq,False,off,block,,,,,,quantile,1.0,1.0,0.65
"c6q_q80_f40_s11,c6q_q80_f40_s23",4,False,3567,604,0.11895139238903396,0.22348566199544928,0.7964847935037755,0.2562457419379549,dist,baseline_2d,False,False,2.0,adjacent,,,False,False,False,1.0,False,full,False,False,False,False,,1,0,4.0,True,96,3,0.15,256,0.002,0.0001,60,64,5,1,screen_select_extractants.txt,3.0,False,sq,False,off,block,,,64.0,,,quantile,1.0,1.0,0.8
"c6_d3_g0_align_s11,c6_d3_g0_align_s23",4,False,3567,604,0.11625631714446127,0.22348566199544928,0.8220623845887501,0.24475846206933505,snn,baseline_2d,True,False,2.0,adjacent,,,False,False,False,1.0,False,full,False,False,False,False,,1,0,3.5,True,96,3,0.15,256,0.002,0.0001,60,64,5,1,screen_select_extractants.txt,3.0,False,sq,True,off,block,,,,,,huber,1.0,1.0,0.5
"c6v_v5_noecfp_f40_s11,c6v_v5_noecfp_f40_s23",4,False,3567,604,0.11306068767003397,0.22348566199544928,0.8182457913997755,0.24509721523015082,dist,baseline_no_ecfp,False,False,2.0,adjacent,,,False,False,False,1.0,False,full,False,False,False,False,,1,0,4.0,True,96,3,0.15,256,0.002,0.0001,60,64,5,1,screen_select_extractants.txt,3.0,False,sq,False,off,block,,,64.0,,,huber,1.0,1.0,0.5
"c6n_sub05_lq70_f40_s11,c6n_sub05_lq70_f40_s23",4,False,3567,604,0.11241485784859018,0.22348566199544928,0.8021650700028559,0.25099086941934057,dist,baseline_2d,False,False,2.0,adjacent,,,False,False,False,1.0,False,full,False,False,False,False,,1,0,4.0,True,96,3,0.15,256,0.002,0.0001,60,64,5,1,screen_select_extractants.txt,3.0,False,sq,False,off,block,,,64.0,,,quantile,1.0,0.05,0.7
"c6_e4_mphys_quad_align_s11,c6_e4_mphys_quad_align_s23",4,False,3567,604,0.11241399463664481,0.22348566199544928,0.8251206274546576,0.2425621095172984,dist,baseline_2d_mphys,False,False,2.0,adjacent,,,False,False,False,1.0,False,full,False,False,False,False,,1,0,3.5,True,96,3,0.15,256,0.002,0.0001,60,64,5,1,screen_select_extractants.txt,3.0,False,sq,True,quad,block,,,,,,huber,1.0,1.0,0.5
"c6_c4_quad_align_s11,c6_c4_quad_align_s23",4,False,3567,604,0.11170202176561217,0.22348566199544928,0.8175798449158865,0.24432164766088038,dist,baseline_2d,False,False,2.0,adjacent,,,False,False,False,1.0,False,full,False,False,False,False,,1,0,3.5,True,96,3,0.15,256,0.002,0.0001,60,64,5,1,screen_select_extractants.txt,3.0,False,sq,True,quad,block,,,,,,huber,1.0,1.0,0.5
"c6w_w75_f40_s11,c6w_w75_f40_s23",4,False,3567,604,0.11039394715871165,0.22348566199544928,0.834310904146515,0.23716805691429643,dist,baseline_2d,False,False,2.0,adjacent,,,False,False,False,1.0,False,full,False,False,False,False,,1,0,4.0,True,96,3,0.15,256,0.002,0.0001,60,64,5,1,screen_select_extractants.txt,3.0,False,sq,False,off,block,,,64.0,,,huber,1.0,0.075,0.5
"c6_c0_linear_s11,c6_c0_linear_s23",4,False,3567,604,0.10949825714301265,0.22348566199544928,0.8317880179746161,0.2374994650201251,dist,baseline_2d,False,False,2.0,adjacent,,,False,False,False,1.0,False,full,False,False,False,False,,1,0,3.5,True,96,3,0.15,256,0.002,0.0001,60,64,5,1,screen_select_extractants.txt,3.0,False,sq,False,linear,block,,,,,,huber,1.0,1.0,0.5
"c6_c5_basis_align_s11,c6_c5_basis_align_s23",4,False,3567,604,0.10808689825609463,0.22348566199544928,0.818892071805093,0.24256975658381807,dist,baseline_2d,False,False,2.0,adjacent,,,False,False,False,1.0,False,full,False,False,False,False,,1,0,3.5,True,96,3,0.15,256,0.002,0.0001,60,64,5,1,screen_select_extractants.txt,3.0,False,sq,True,basis,block,,,,,,huber,1.0,1.0,0.5
"c6_a8_huber_only_s11,c6_a8_huber_only_s23",4,False,3567,604,0.10635146229518255,0.22348566199544928,0.8177022351093363,0.24206972115555114,dist,baseline_2d,False,False,2.0,adjacent,,,False,False,False,1.0,False,full,False,False,False,False,,1,0,3.5,True,96,3,0.15,256,0.002,0.0001,60,64,5,1,screen_select_extractants.txt,3.0,False,huber,False,off,block,,,,,,huber,1.0,1.0,0.5
"c6sm_sm_octanol_s11,c6sm_sm_octanol_s23",8,False,3496,580,0.10603777759892974,0.2277647463162299,0.8482802884667984,0.23151009330411076,dist,baseline_2d,False,False,2.0,adjacent,,,False,False,False,1.0,False,octanol,False,False,False,False,,1,0,4.0,True,96,3,0.15,256,0.002,0.0001,60,64,5,1,solvent_matched_extractants.txt,3.0,False,sq,False,off,block,,,64.0,,,huber,1.0,1.0,0.5
"c6_a4_align_w10_s11,c6_a4_align_w10_s23",4,False,3567,604,0.10573564877982178,0.22348566199544928,0.8147045774270466,0.24313101517149893,dist,baseline_2d,False,False,2.0,adjacent,,,False,False,False,1.0,False,full,False,False,False,False,,1,0,3.5,True,96,3,0.15,256,0.002,0.0001,60,64,5,1,screen_select_extractants.txt,10.0,False,sq,True,off,block,,,,,,huber,1.0,1.0,0.5
"c6_a2_align_adjonly_s11,c6_a2_align_adjonly_s23",4,False,3567,604,0.10445534979623838,0.22348566199544928,0.8171179049113853,0.24180530144082546,dist,baseline_2d,False,False,2.0,adjacent,,,False,False,False,1.0,False,full,False,False,False,False,,1,0,3.5,True,96,3,0.15,256,0.002,0.0001,60,64,5,1,screen_select_extractants.txt,3.0,True,sq,True,off,block,,,,,,huber,1.0,1.0,0.5
"c6h_h2_sub50_s11,c6h_h2_sub50_s23",4,False,3567,604,0.09991327943331896,0.22348566199544928,0.8323532901504705,0.2330772603697574,dist,baseline_2d,False,False,2.0,adjacent,,,False,False,False,1.0,False,full,False,False,False,False,,1,0,3.5,True,96,3,0.15,256,0.002,0.0001,60,64,5,1,screen_select_extractants.txt,3.0,False,sq,False,off,block,,,,,,huber,1.0,0.5,0.5
"c6_e3_mphys_basis_align_s11,c6_e3_mphys_basis_align_s23",4,False,3567,604,0.0966962359567135,0.22348566199544928,0.8230125653049517,0.23682760968199212,dist,baseline_2d_mphys,False,False,2.0,adjacent,,,False,False,False,1.0,False,full,False,False,False,False,,1,0,3.5,True,96,3,0.15,256,0.002,0.0001,60,64,5,1,screen_select_extractants.txt,3.0,False,sq,True,basis,block,,,,,,huber,1.0,1.0,0.5
"c6_c1_quad_s11,c6_c1_quad_s23",4,False,3567,604,0.09548717192235001,0.22348566199544928,0.7987531111787317,0.24537908957105903,dist,baseline_2d,False,False,2.0,adjacent,,,False,False,False,1.0,False,full,False,False,False,False,,1,0,3.5,True,96,3,0.15,256,0.002,0.0001,60,64,5,1,screen_select_extractants.txt,3.0,False,sq,False,quad,block,,,,,,huber,1.0,1.0,0.5
"c6d_d010_s11,c6d_d010_s211",12,True,3567,604,0.08795278998266642,0.22348566199544928,0.8462312992004044,0.2221484861768681,dist,baseline_2d,False,False,2.0,adjacent,,,False,False,False,1.0,False,full,False,False,False,False,,1,0,4.0,True,96,3,0.15,256,0.002,0.0001,60,64,5,1,screen_select_extractants.txt,3.0,False,sq,False,off,block,,,64.0,,,huber,0.1,1.0,0.5
"c6n_sub05_lmae_f35_s11,c6n_sub05_lmae_f35_s23",4,False,3567,604,0.08192107279799621,0.22348566199544928,0.7692193630599552,0.2528191967496738,dist,baseline_2d,False,False,2.0,adjacent,,,False,False,False,1.0,False,full,False,False,False,False,,1,0,3.5,True,96,3,0.15,256,0.002,0.0001,60,64,5,1,screen_select_extractants.txt,3.0,False,sq,False,off,block,,,,,,mae,1.0,0.05,0.5
"c6_a10_align_pw1_s11,c6_a10_align_pw1_s23",4,False,3567,604,0.07506477864479932,0.22348566199544928,0.8011033686749627,0.2357782730081891,dist,baseline_2d,False,False,1.0,adjacent,,,False,False,False,1.0,False,full,False,False,False,False,,1,0,3.5,True,96,3,0.15,256,0.002,0.0001,60,64,5,1,screen_select_extractants.txt,3.0,False,sq,True,off,block,,,,,,huber,1.0,1.0,0.5
"c6w_w50_s11,c6w_w50_s23",4,False,3567,604,0.07402366807526395,0.22348566199544928,0.8249259898072496,0.22462747234812008,dist,baseline_2d,False,False,2.0,adjacent,,,False,False,False,1.0,False,full,False,False,False,False,,1,0,3.5,True,96,3,0.15,256,0.002,0.0001,60,64,5,1,screen_select_extractants.txt,3.0,False,sq,False,off,block,,,,,,huber,1.0,0.05,0.5
"c6_a3_align_huber_s11,c6_a3_align_huber_s23",4,False,3567,604,0.06607345390049812,0.22348566199544928,0.821390417171347,0.22319711535253206,dist,baseline_2d,False,False,2.0,adjacent,,,False,False,False,1.0,False,full,False,False,False,False,,1,0,3.5,True,96,3,0.15,256,0.002,0.0001,60,64,5,1,screen_select_extractants.txt,3.0,False,huber,True,off,block,,,,,,huber,1.0,1.0,0.5
"c6_a9_align_pw4_s11,c6_a9_align_pw4_s23",4,False,3567,604,0.06546600776419731,0.22348566199544928,0.7948251316266742,0.23433926830135687,dist,baseline_2d,False,False,4.0,adjacent,,,False,False,False,1.0,False,full,False,False,False,False,,1,0,3.5,True,96,3,0.15,256,0.002,0.0001,60,64,5,1,screen_select_extractants.txt,3.0,False,sq,True,off,block,,,,,,huber,1.0,1.0,0.5
"c6_d2_snn_align_s11,c6_d2_snn_align_s23",4,False,3567,604,0.061503087719515404,0.22348566199544928,0.814497388532686,0.22368224642622303,snn,baseline_2d,False,False,2.0,adjacent,,,False,False,False,1.0,False,full,False,False,False,False,,1,0,3.5,True,96,3,0.15,256,0.002,0.0001,60,64,5,1,screen_select_extractants.txt,3.0,False,sq,True,off,block,,,,,,huber,1.0,1.0,0.5
"c6_a1_align_s11,c6_a1_align_s23",4,False,3567,604,0.058888793571011844,0.22348566199544928,0.8131777375549674,0.22367901731274187,dist,baseline_2d,False,False,2.0,adjacent,,,False,False,False,1.0,False,full,False,False,False,False,,1,0,3.5,True,96,3,0.15,256,0.002,0.0001,60,64,5,1,screen_select_extractants.txt,3.0,False,sq,True,off,block,,,,,,huber,1.0,1.0,0.5
"c6_a5_align_w1_s11,c6_a5_align_w1_s23",4,False,3567,604,0.05068215626674977,0.22348566199544928,0.7960424014022526,0.2270156707356108,dist,baseline_2d,False,False,2.0,adjacent,,,False,False,False,1.0,False,full,False,False,False,False,,1,0,3.5,True,96,3,0.15,256,0.002,0.0001,60,64,5,1,screen_select_extractants.txt,1.0,False,sq,True,off,block,,,,,,huber,1.0,1.0,0.5
"c6n_sub05_lq70_f35_s11,c6n_sub05_lq70_f35_s23",4,False,3567,604,0.04629146238409787,0.22348566199544928,0.7989230142195429,0.22368812521163395,dist,baseline_2d,False,False,2.0,adjacent,,,False,False,False,1.0,False,full,False,False,False,False,,1,0,3.5,True,96,3,0.15,256,0.002,0.0001,60,64,5,1,screen_select_extractants.txt,3.0,False,sq,False,off,block,,,,,,quantile,1.0,0.05,0.7
"c6_a11_align_strict_s11,c6_a11_align_strict_s23",4,False,3567,604,0.046061541912924775,0.22348566199544928,0.8368667192192633,0.20731628898689924,dist,baseline_2d,False,False,2.0,adjacent,,strict_composition_key,False,False,False,1.0,False,full,False,False,False,False,,1,0,3.5,True,96,3,0.15,256,0.002,0.0001,60,64,5,1,screen_select_extractants.txt,3.0,False,sq,True,off,block,,,,,,huber,1.0,1.0,0.5
"c6_d1_noecfp_align_s11,c6_d1_noecfp_align_s23",4,False,3567,604,-0.027239434540258456,0.22348566199544928,0.8095307321663125,0.18818724996946534,dist,baseline_no_ecfp,False,False,2.0,adjacent,,,False,False,False,1.0,False,full,False,False,False,False,,1,0,3.5,True,96,3,0.15,256,0.002,0.0001,60,64,5,1,screen_select_extractants.txt,3.0,False,sq,True,off,block,,,,,,huber,1.0,1.0,0.5
"c6v_v4_topo_only_q70_s11,c6v_v4_topo_only_q70_s23",4,False,3567,604,-0.062002330377997295,0.22348566199544928,0.7528002972108021,0.19867857583794246,dist,baseline_2d,False,True,2.0,adjacent,,,False,False,False,1.0,False,full,False,False,False,False,,1,0,4.0,True,96,3,0.15,256,0.002,0.0001,60,64,5,1,screen_select_extractants.txt,3.0,False,sq,False,off,block,,,64.0,,,quantile,1.0,1.0,0.7
"c6v_v3_topo_only_s11,c6v_v3_topo_only_s23",4,False,3567,604,-0.08628566457226117,0.22348566199544928,0.7727011252448595,0.18015448711637372,dist,baseline_2d,False,True,2.0,adjacent,,,False,False,False,1.0,False,full,False,False,False,False,,1,0,4.0,True,96,3,0.15,256,0.002,0.0001,60,64,5,1,screen_select_extractants.txt,3.0,False,sq,False,off,block,,,64.0,,,huber,1.0,1.0,0.5
