ex,l_lo,dy,dE_gx,dE_g2,n,dy_res,dE_gx_res,dE_g2_res
C1COCCOCCOCCOCCOCCO1,2,0.2552725049999999,1141.2385262866749,0.3858924370144905,1,0.35700900442391653,0.2783424191584345,0.05193561094218385
CC(C)CCCC(C)CCCCN(C)C(=O)COCC(=O)N(C)CCCCC(C)CCCC(C)C,1,-0.19329328916330352,12068.712818189451,1.632162858087213,1,-0.007279963066882056,-0.109928417197807,-0.12550251025796455
CC(C)CCCC(C)CCCCN(C)C(=O)COCC(=O)N(C)CCCCC(C)CCCC(C)C,2,-0.16325403435050903,1140.8773313830816,0.33106880563263985,1,-0.061517534926592427,-0.08285248443485216,-0.002888020439666794
CC(C)CCCC(C)CCCCN(C)C(=O)COCC(=O)N(C)CCCCC(C)CCCC(C)C,3,-0.24879037757538575,1207.4666962811825,0.2549467122898932,1,-0.16667278509095995,0.0083423144817516,0.005536235057545941
CC(C)CCCC(C)CCCCN(C)C(=O)COCC(=O)N(C)CCCCC(C)CCCC(C)C,6,-0.11230382420910812,1424.850660876723,0.3031335595442215,1,-0.10006182476442117,0.0006271632387324644,-0.004489242237883273
CC(C)CCCC(C)CCCCN(C)C(=O)COCC(=O)N(C)CCCCC(C)CCCC(C)C,7,-0.04451372520053787,1504.6406578082697,-1.0446117950286862,1,-0.07403375143434782,-0.05416279689507064,-0.0004379309393480746
CC(C)CCCC(C)CCCCN(C)C(=O)COCC(=O)N(C)CCCCC(C)CCCC(C)C,8,-0.10966648217940023,1601.1357051111577,0.9208812473248145,1,0.08911071971658147,0.06500016936251996,-0.0017464274611207475
CC(C)CCCC(C)CCCCN(C)C(=O)COCC(=O)N(C)CCCCC(C)CCCC(C)C,9,-0.03402678352069133,1648.4998134977789,-0.019764796463732637,1,-0.0040797878437048365,-0.27674723427139725,0.0004271106263331603
CC(C)CCCC(C)CCCCN(C)C(=O)COCC(=O)N(C)CCCCC(C)CCCC(C)C,10,-0.038264500095282594,1716.1583415618204,0.9662829191852325,1,-0.014810236258896155,0.13055220768137588,0.004486423406628304
CC(C)CCCC(C)CCCCN(C)C(=O)COCC(=O)N(C)CCCCC(C)CCCC(C)C,11,-0.02562884752083061,1823.5114344861713,0.2504435836272023,1,-0.015144748266619264,-0.006246752698416458,0.009241108814821652
CC(C)CCCC(C)CCCCN(C)C(=O)COCC(=O)N(C)CCCCC(C)CCCC(C)C,12,0.020192709559937683,1908.1392028644411,0.26173422762803966,1,0.04863958243429401,-0.058688088731059906,0.010635774253412222
CC(C)CCCC(C)CCCCN(C)C(=O)COCC(=O)N(C)CCCCC(C)CCCC(C)C,13,-0.001172818649305185,1999.1780404306503,0.36084707154805074,1,-0.03467811240132688,0.16598694146887283,-0.017816539989144065
CC(C)CCCC(C)CCCCN(C)C(=O)COCC(=O)N(C)CCCCC(C)CCCC(C)C,14,-0.011329058478542153,2091.1236902341407,-0.6360593846129632,1,-0.006780457231637297,-0.2356117880867714,0.024991594355341817
CC(C)CCCCCP(=O)(CC(=O)N(CC(C)C)CC(C)C)c1ccccc1,2,-0.13033376849500616,1140.982642526359,0.37459990039405966,1,-0.02859726907108956,0.022458658842651857,0.040643074321753014
CC(C)CCCCCP(=O)(CC(=O)N(CC(C)C)CC(C)C)c1ccccc1,3,-0.015794267183231847,1207.1155949480926,0.23627917126032116,1,0.06632332530119393,-0.34275901860814884,-0.01313130597202608
CC(C)CCCCCP(=O)(CC(=O)N(CC(C)C)CC(C)C)c1ccccc1,6,0.0,1425.2298731463547,0.292235190017891,1,0.01224199944468694,0.3798394328705399,-0.015387611764213771
CC(C)CN(CC(C)C)C(=O)COCC(=O)N(CC(C)C)CC(C)C,6,-0.12569732978266568,1425.0312682910528,0.3168736505222114,1,-0.11345533033797874,0.18123457756860262,0.00925084874010662
CC(C)CN(CC(C)C)C(=O)COCC(=O)N(CC(C)C)CC(C)C,7,0.04676924286893813,1504.683205849131,-1.0493558540129015,1,0.017249216635128177,-0.011614756033850426,-0.005181989923563446
CCCCC(CC)CN(C)C(=O)COCC(=O)N(C)CC(CC)CCCC,1,-0.6911041712781423,12068.909273386096,1.7053639865785044,1,-0.5050908451817209,0.08652677944701281,-0.052301381766673094
CCCCC(CC)CN(C)C(=O)COCC(=O)N(C)CC(CC)CCCC,2,-0.08331920658625813,1140.7763660250291,0.3201374516438591,1,0.018417292837658472,-0.18381784248731492,-0.01381937442844755
CCCCC(CC)CN(C)C(=O)COCC(=O)N(C)CC(CC)CCCC,3,-0.399807944807157,1207.485030409936,0.2523281050230253,1,-0.3176903523227312,0.026676443235146508,0.002917627790678029
CCCCC(CC)CN(C)C(=O)COCC(=O)N(C)CC(CC)CCCC,6,-0.07224009484601046,1424.8786647055683,0.31381053859695385,1,-0.05999809540132352,0.02863099208411768,0.006187736814849076
CCCCC(CC)CN(C)C(=O)COCC(=O)N(C)CC(CC)CCCC,7,-0.09602775779229766,1504.59223435248,-1.055836141018517,1,-0.1255477840261076,-0.10258625268465948,-0.011662276929178983
CCCCC(CC)CN(C)C(=O)COCC(=O)N(C)CC(CC)CCCC,8,-0.10184197218377378,1601.131391825555,0.9226800517676566,1,0.09693522971220792,0.0606868837598995,5.237698172133598e-05
CCCCC(CC)CN(C)C(=O)COCC(=O)N(C)CC(CC)CCCC,9,0.0640293806133938,1648.5354870932924,-0.013122899932113796,1,0.0939763762903803,-0.2410736387578254,0.007069007157952001
CCCCC(CC)CN(C)C(=O)COCC(=O)N(C)CC(CC)CCCC,10,0.027975860782102346,1716.0320275660579,0.9520707651622615,1,0.05143012461848878,0.004238211918845991,-0.009725730616342632
CCCCC(CC)CN(C)C(=O)COCC(=O)N(C)CC(CC)CCCC,13,0.03731973827612545,1999.0552504988552,0.38360015272110104,1,0.0038144445241037536,0.04319700967380413,0.00493654118390624
CCCCC(CC)CN(C)C(=O)COCC(=O)N(C)CC(CC)CCCC,14,-0.05464574937009625,2091.2167441975994,-0.6296612067803835,1,-0.050097148123191396,-0.14255782462805655,0.031389772187921494
CCCCC(CC)CN(CC(CC)CCCC)C(=O)COCC(=O)N(CC(CC)CCCC)CC(CC)CCCC,3,0.011004026511157061,1207.4996550305798,0.2533618223233134,1,0.09312161899558284,0.04130106387901833,0.003951345090966146
CCCCC(CC)CN(CC(CC)CCCC)C(=O)COCC(=O)N(CC(CC)CCCC)CC(CC)CCCC,6,-0.0875121607891387,1424.7762503225288,0.30572146880998236,3,-0.07527016134445176,-0.07378339095544106,-0.001901332972122416
CCCCC(CC)CN(CC(CC)CCCC)C(=O)COCC(=O)N(CC(CC)CCCC)CC(CC)CCCC,7,-0.054590623023812235,1504.707134049348,-1.045089508381352,1,-0.08411064925762218,0.012313444183291722,-0.0009156442920139618
CCCCC(CC)CN(CC(CC)CCCC)C(=O)COCC(=O)N(CC(CC)CCCC)CC(CC)CCCC,8,-0.16478617745260227,1601.3756057698424,0.9428217782306092,1,0.033991024443379425,0.30490082804726626,0.020194103444673983
CCCCC(CC)CN(CC(CC)CCCC)C(=O)COCC(=O)N(CC(CC)CCCC)CC(CC)CCCC,9,-0.09072882037938845,1648.460026839277,-0.004806418119642331,1,-0.06078182470240196,-0.3165338927733501,0.015385488970423467
CCCCC(CC)CN(CC(CC)CCCC)C(=O)COCC(=O)N(CC(CC)CCCC)CC(CC)CCCC,10,-0.038864383480215814,1716.1059203548912,0.9667632397868147,1,-0.015410119643829375,0.07813100075213697,0.004966744008210511
CCCCC(CC)CN(CC(CC)CCCC)C(=O)COCC(=O)N(CC(CC)CCCC)CC(CC)CCCC,11,-0.016711877743474823,1823.5404389472842,0.24263388712051892,1,-0.006227778489263477,0.02275770841447411,0.001431412308138258
CCCCC(CC)CN(CC(CC)CCCC)C(=O)COCC(=O)N(CC(CC)CCCC)CC(CC)CCCC,12,0.0694705416683905,1908.090983721741,0.252510586212793,1,0.09791741454274683,-0.1069072314312507,0.0014121328381655474
CCCCC(CC)CN(CC(CC)CCCC)C(=O)COCC(=O)N(CC(CC)CCCC)CC(CC)CCCC,13,0.03569634257911258,1999.1612557805183,0.36536976609522753,1,0.00219104882709089,0.14920229133690555,-0.013293845441967267
CCCCC(CC)CN(CC(CC)CCCC)C(=O)COCC(=O)N(CC(CC)CCCC)CC(CC)CCCC,14,0.0,2091.18395277972,-0.6450471866310181,1,0.004548601246904856,-0.1753492425073091,0.016003792337286882
CCCCC(CC)CP(=O)(CC(=O)N(CC(C)C)CC(C)C)c1ccccc1,1,-0.25302226959289537,12069.129123844723,1.5776448196056663,1,-0.0670089434964739,0.3063772380737646,-0.18002054873951123
CCCCC(CC)CP(=O)(CC(=O)N(CC(C)C)CC(C)C)c1ccccc1,2,-0.11350927482751812,1140.8053666908745,0.34937429536057607,1,-0.011772775403601513,-0.1548171766419273,0.015417469288269425
CCCCC(CC)CP(=O)(CC(=O)N(CC(C)C)CC(C)C)c1ccccc1,3,0.0,1207.066347776833,0.231833370973618,1,0.08211759248442578,-0.39200618986774316,-0.01757710625872924
CCCCC(CC)CP(=O)(CC(=O)N(CC(C)C)CC(C)C)c1ccccc1,6,0.0,1425.1065584640724,0.2939064862039231,1,0.01224199944468694,0.2565247505881416,-0.013716315578181648
CCCCCCC(CCCC)CCCN(C)C(=O)COCC(=O)N(C)CCCC(CCCC)CCCCCC,3,0.007178584627123424,1207.3339246161545,0.24496336765241722,1,0.0892961771115492,-0.12442935054627924,-0.004447109579930025
CCCCCCC(CCCC)CCCN(C)C(=O)COCC(=O)N(C)CCCC(CCCC)CCCCCC,6,-0.34523365815603463,1424.8057542379997,0.30375463802192826,1,-0.33299165871134767,-0.04427947548447264,-0.003868163760176513
CCCCCCC(CCCC)CCCN(C)C(=O)COCC(=O)N(C)CCCC(CCCC)CCCCCC,7,-0.12142216288546281,1504.651037473658,-1.040476459027559,1,-0.15094218911927276,-0.04378313150664326,0.003697405061779069
CCCCCCC(CCCC)CCCN(C)C(=O)COCC(=O)N(C)CCCC(CCCC)CCCCCC,8,-0.2816488107397096,1601.5122845713704,0.9450419553572829,1,-0.0828716088437279,0.4415796295752443,0.022414280571347645
CCCCCCC(CCCC)CCCN(C)C(=O)COCC(=O)N(C)CCCC(CCCC)CCCCCC,9,-0.152124103298787,1648.4968871553874,-0.007123118195522693,1,-0.12217710762180051,-0.2796735766628444,0.013068788894543104
CCCCCCC(CCCC)CCCN(C)C(=O)COCC(=O)N(C)CCCC(CCCC)CCCCCC,10,0.04953847154612956,1716.0261593869122,0.9643608287269672,1,0.072992735382516,-0.0016299672267905407,0.0025643329483630017
CCCCCCC(CCCC)CCCN(C)C(=O)COCC(=O)N(C)CCCC(CCCC)CCCCCC,11,-0.2993004255488809,1823.6453790125925,0.24497217096950408,1,-0.2888163262946696,0.12769777372272983,0.0037696961571234144
CCCCCCC(CCCC)CCCN(C)C(=O)COCC(=O)N(C)CCCC(CCCC)CCCCCC,12,-0.01610362459797887,1908.175000769526,0.26994679206836736,1,0.012343248276377457,-0.02289018364626827,0.01884833869373992
CCCCCCC(CCCC)CCCN(C)C(=O)COCC(=O)N(C)CCCC(CCCC)CCCCCC,13,-0.049901363013583167,1999.0314111698558,0.37727964653959134,1,-0.08340665676560485,0.019357680674374933,-0.0013839649976034596
CCCCCCC(CCCC)CCCN(C)C(=O)COCC(=O)N(C)CCCC(CCCC)CCCCCC,14,-0.07467540349748503,2091.1531466077195,-0.6455146610214797,1,-0.07012680225058017,-0.20615541450797537,0.015536317946825307
CCCCCCCCC(C)(C)SCC1CN(C(=O)COCC(=O)N2CC(C)C(CSC(C)(C)CCCCCCCC)C2)CC1C,1,-0.2743493160283388,12068.784997588224,1.6522347170430294,1,-0.08833598993191732,-0.03774901842552936,-0.10543065130214813
CCCCCCCCC(C)(C)SCC1CN(C(=O)COCC(=O)N2CC(C)C(CSC(C)(C)CCCCCCCC)C2)CC1C,2,-0.10754632785384144,1140.9928924050796,0.3326062107089456,1,-0.005809828429924835,0.03270853756316683,-0.001350615363361063
CCCCCCCCC(C)(C)SCC1CN(C(=O)COCC(=O)N2CC(C)C(CSC(C)(C)CCCCCCCC)C2)CC1C,3,-0.07762183869210348,1207.478863891477,0.24984627671892667,1,0.004495753792322296,0.02050992477620639,0.00043579948657943013
CCCCCCCCC(C)(C)SCC1CN(C(=O)COCC(=O)N2CC(C)C(CSC(C)(C)CCCCCCCC)C2)CC1C,6,-0.22898426344250056,1424.7406831207902,0.3135733512262959,1,-0.21674226399781363,-0.10935059269399972,0.0059505494441911555
CCCCCCCCC(C)(C)SCC1CN(C(=O)COCC(=O)N2CC(C)C(CSC(C)(C)CCCCCCCC)C2)CC1C,7,-0.07566822804985551,1504.7799027723881,-1.0393149009469198,1,-0.10518825428366546,0.08508216722339057,0.004858963142418293
CCCCCCCCC(C)(C)SCC1CN(C(=O)COCC(=O)N2CC(C)C(CSC(C)(C)CCCCCCCC)C2)CC1C,8,-0.20371897202549083,1601.3256632576126,0.9282955325661533,1,-0.004941770129509138,0.2549583158174755,0.005667857780218055
CCCCCCCCC(C)(C)SCC1CN(C(=O)COCC(=O)N2CC(C)C(CSC(C)(C)CCCCCCCC)C2)CC1C,9,-0.09135823571888246,1648.539110509731,-0.014597141001104319,1,-0.06141124004189597,-0.2374502223192394,0.005594766088961478
CCCCCCCCC(C)(C)SCC1CN(C(=O)COCC(=O)N2CC(C)C(CSC(C)(C)CCCCCCCC)C2)CC1C,10,-0.050802462522839376,1716.0935480522476,0.9627345049216274,1,-0.027348198686452937,0.06575869810853874,0.0009380091430232218
CCCCCCCCC(C)(C)SCC1CN(C(=O)COCC(=O)N2CC(C)C(CSC(C)(C)CCCCCCCC)C2)CC1C,11,-0.08545440209543731,1823.46239450869,0.25098522319512995,1,-0.07497030284122597,-0.05528673017965957,0.009782748382749284
CCCCCCCCC(C)(C)SCC1CN(C(=O)COCC(=O)N2CC(C)C(CSC(C)(C)CCCCCCCC)C2)CC1C,12,-0.004871885169296597,1908.1665632635682,0.26144011416181456,1,0.02357498770505973,-0.03132768960404064,0.010341660787187124
CCCCCCCCC(C)(C)SCC1CN(C(=O)COCC(=O)N2CC(C)C(CSC(C)(C)CCCCCCCC)C2)CC1C,13,-0.06334030594263673,1999.0316030781369,0.3716583987379636,1,-0.09684559969465842,0.019549588955442232,-0.00700521279923122
CCCCCCCCCCCCN(C)C(=O)C1CC(OC)CC(C(=O)N(C)CCCCCCCCCCCC)O1,3,-0.27850275042343325,1207.1687106133513,0.2502574827653916,1,-0.19638515793900746,-0.28964335334944735,0.0008470055330443704
CCCCCCCCCCCCN(C)C(=O)C1CC(OC)CC(C(=O)N(C)CCCCCCCCCCCC)O1,6,-0.4970965355970284,1425.0310337571864,0.3102191173893516,1,-0.4848545361523414,0.18100004370216993,0.002596315607246824
CCCCCCCCCCCCN(C)C(=O)C1CC(OC)CC(C(=O)N(C)CCCCCCCCCCCC)O1,7,0.38159966090699804,1504.5929846109407,-1.0416089235604886,1,0.3520796346731881,-0.10183599422407497,0.0025649405288494798
CCCCCCCCCCCCN(CCCCCCCC)C(=O)COCC(=O)N(CCCCCCCC)CCCCCCCCCCCC,2,0.1330566268304794,1140.9631185769792,0.32968646654444456,1,0.234793126254396,0.002934709462806495,-0.004270359527862089
CCCCCCCCCCCCN(CCCCCCCC)C(=O)COCC(=O)N(CCCCCCCC)CCCCCCCCCCCC,3,-0.4340866224944606,1207.3790649789444,0.2555676363117527,1,-0.3519690300100348,-0.07928898775639937,0.006157159079405478
CCCCCCCCCCCCN(CCCCCCCC)C(=O)COCC(=O)N(CCCCCCCC)CCCCCCCCCCCC,6,-0.3835124005492567,1424.9467012349048,0.31980065710558847,1,-0.37127040110456977,0.09666752142061341,0.0121778553234837
CCCCCCCCCCCCN(CCCCCCCC)C(=O)COCC(=O)N(CCCCCCCC)CCCCCCCCCCCC,7,-0.16564941615847228,1504.733303891788,-1.0374397171126475,1,-0.19516944239228223,0.03848328662320455,0.006734146976690614
CCCCCCCCCCCCN(CCCCCCCC)C(=O)COCC(=O)N(CCCCCCCC)CCCCCCCCCCCC,8,-0.6595631508622992,1601.3006822545913,0.9385857928918995,1,-0.4607859489663175,0.2299773127961089,0.01595811810596426
CCCCCCCCCCCCN(CCCCCCCC)C(=O)COCC(=O)N(CCCCCCCC)CCCCCCCCCCCC,9,0.1512937938960106,1648.6053080788342,-0.006231099281649222,1,0.1812407895729971,-0.17125265321601546,0.013960807808416575
CCCCCCCCCCCCN(CCCCCCCCCCCC)C(=O)COC1CCCN(CCCCCC)C1=O,7,-0.18680999999999992,1504.6676496210312,-1.047067791578229,1,-0.21633002623380987,-0.027170984133590537,-0.002893927488890835
CCCCCCCCCCCCN(CCCCCCCCCCCC)C(=O)COC1CCCN(CCCCCC)C1=O,8,-0.52414,1601.2796220389828,0.9273510499879194,1,-0.32536279810401836,0.20891709718762286,0.004723375201984181
CCCCCCCCCCCCN(CCCCCCCCCCCC)C(=O)COC1CCCN(CCCCCC)C1=O,9,-0.1648200000000002,1648.7056171431184,-0.0393965070302329,1,-0.1348730043230137,-0.07094358893186836,-0.0192045999401671
CCCCCCCCCCCCN(CCCCCCCCCCCC)C(=O)COCC(=O)N(CCCCCCCCCCCC)CCCCCCCCCCCC,1,-0.3395322935515816,12068.5030098963,1.682567862474798,2,-0.15351896745516014,-0.3197367103493889,-0.07509750587037956
CCCCCCCCCCCCN(CCCCCCCCCCCC)C(=O)COCC(=O)N(CCCCCCCCCCCC)CCCCCCCCCCCC,6,-0.23412180817832148,1424.769339980343,0.30873366521564094,3,-0.22187980873363455,-0.08069373314128825,0.001110863433536169
CCCCCCCCCCCCN(CCCCCCCCCCCC)C(=O)COCC(=O)N(CCCCCCCCCCCC)CCCCCCCCCCCC,7,-0.015866505797555646,1504.7812843752943,-1.0274204168722463,3,-0.0453865320313656,0.08646377012951234,0.01675344721709182
CCCCCCCCCCCCN(CCCCCCCCCCCC)C(=O)COCC(=O)N(CCCCCCCCCCCC)CCCCCCCCCCCC,8,-0.19174199734287467,1601.3218365110001,0.922237583934475,2,0.007035204553107022,0.25113156920497204,-0.00039009085146024525
CCCCCCCCCCCCN(CCCCCCCCCCCC)C(=O)COCCOCC(=O)N(CCCCCCCCCCCC)CCCCCCCCCCCC,1,0.08917103156636547,12068.901659701885,1.7753675111507619,2,0.2751843576627869,0.07891309523620293,0.017702142805584353
CCCCCCCCCCCCN(CCCCCCCCCCCC)C(=O)COCCOCC(=O)N(CCCCCCCCCCCC)CCCCCCCCCCCC,2,0.02098674521355054,1141.2317822890022,0.3221959430829884,1,0.12272324463746714,0.2715984214858054,-0.011760882989318266
CCCCCCCCCCCCN(CCCCCCCCCCCC)C(=O)COCCOCC(=O)N(CCCCCCCCCCCC)CCCCCCCCCCCC,3,0.05191458026509535,1206.896241207351,0.22976825119803834,1,0.13403217274952112,-0.5621127593497022,-0.0196422260343089
CCCCCCCCCCCCN(CCCCCCCCCCCC)C(=O)COCCOCC(=O)N(CCCCCCCCCCCC)CCCCCCCCCCCC,7,0.15243004418262102,1504.5710268253904,-1.034017414452137,1,0.12291001794881107,-0.12379377977435979,0.010156449637201082
CCCCCCCCCCCCN(CCCCCCCCCCCC)C(=O)COCCOCC(=O)N(CCCCCCCCCCCC)CCCCCCCCCCCC,8,0.07165276605776018,1600.3905324672864,0.9117546087941264,2,0.27042996795374186,-0.6801724745087085,-0.010873065991808817
CCCCCCCCCCCCN(CCCCCCCCCCCC)C(=O)COCCOCC(=O)N(CCCCCCCCCCCC)CCCCCCCCCCCC,9,0.08122515203315714,1650.3235282569253,-0.030877792672072246,1,0.11117214771014364,1.5469675248750718,-0.010685885582006449
CCCCCCCCCCCCN(CCCCCCCCCCCC)C(=O)COCCOCC(=O)N(CCCCCCCCCCCC)CCCCCCCCCCCC,10,0.08868921303435504,1715.908134810537,0.9416091400426012,1,0.11214347687074147,-0.1196545436021097,-0.020187355736002943
CCCCCCCCCCCCN(CCCCCCCCCCCC)C(=O)COCCOCC(=O)N(CCCCCCCCCCCC)CCCCCCCCCCCC,11,0.023437425138028628,1823.5669296219612,0.21539605867474165,2,0.03392152439223997,0.04924838309148072,-0.02580641613763901
CCCCCCCCCCCCN(CCCCCCCCCCCC)C(=O)COCCOCC(=O)N(CCCCCCCCCCCC)CCCCCCCCCCCC,12,0.051956199098771555,1908.1675041766816,0.22862318333636722,2,0.08040307197312788,-0.030386776490558987,-0.02247527003826022
CCCCCCCCCCCCN(CCCCCCCCCCCC)C(=O)COCCOCC(=O)N(CCCCCCCCCCCC)CCCCCCCCCCCC,13,0.021163855768316753,1999.0717090270186,0.37572549902370156,2,-0.01234143798370494,0.05965553783721589,-0.0029381125134932407
CCCCCCCCCCCCN(CCCCCCCCCCCC)C(=O)COCCOCC(=O)N(CCCCCCCCCCCC)CCCCCCCCCCCC,14,0.003111899464394552,2091.132063400063,-0.6889747007280675,2,0.007660500711299408,-0.2272386221643501,-0.027923721759762543
CCCCCCCCCCN(CCCCCCCCCC)C(=O)C(C)OC(C)C(=O)N(CCCCCCCCCC)CCCCCCCCCC,1,-0.44421584984902457,12068.975397440736,1.7373729223154442,2,-0.2582025237526031,0.15265083408667124,-0.020292446029733346
CCCCCCCCCCN(CCCCCCCCCC)C(=O)C(C)OC(C)C(=O)N(CCCCCCCCCC)CCCCCCCCCC,2,-0.2208134752300545,1141.0046884662897,0.3166692516651892,2,-0.11907697580613791,0.04450459877330104,-0.017287574407117423
CCCCCCCCCCN(CCCCCCCCCC)C(=O)C(C)OC(C)C(=O)N(CCCCCCCCCC)CCCCCCCCCC,3,-0.12057624025268798,1207.2457711421603,0.24349174408689578,2,-0.0384586477682622,-0.2125828245405046,-0.005918733145451466
CCCCCCCCCCN(CCCCCCCCCC)C(=O)C(C)OC(C)C(=O)N(CCCCCCCCCC)CCCCCCCCCC,7,0.10674588503161231,1504.5877892129956,-1.0559233957019387,2,0.07722585879780236,-0.1070313921691195,-0.011749531612600617
CCCCCCCCCCN(CCCCCCCCCC)C(=O)C(C)OC(C)C(=O)N(CCCCCCCCCC)CCCCCCCCCC,8,-0.2122469530607619,1599.8811763718936,0.9203919048577518,2,-0.01346975116478022,-1.1895285699015403,-0.0022357699281834176
CCCCCCCCCCN(CCCCCCCCCC)C(=O)C(C)OC(C)C(=O)N(CCCCCCCCCC)CCCCCCCCCC,9,-0.06759041063130888,1648.6509860165697,-0.04592757475620601,2,-0.03764341495432239,-0.1255747154805249,-0.025735667666140216
CCCCCCCCCCN(CCCCCCCCCC)C(=O)COCC(=O)N(CCCCCC)CCCCCC,1,-0.016065900971231617,12068.87981048382,1.7758243101889093,1,0.16994742512518984,0.057063877171458444,0.01815894184373179
CCCCCCCCCCN(CCCCCCCCCC)C(=O)COCC(=O)N(CCCCCC)CCCCCC,2,-0.06673528095742198,1141.1032011439663,0.3255646993939081,1,0.03500121846649462,0.14301727644988205,-0.00839212667839856
CCCCCCCCCCN(CCCCCCCCCC)C(=O)COCC(=O)N(CCCCCC)CCCCCC,7,0.2810418283762981,1504.693710964717,-1.0518777843899443,1,0.25152180214248815,-0.0011096404477939359,-0.007703920300606182
CCCCCCCCCCN(CCCCCCCCCC)C(=O)COCC(=O)N(CCCCCC)CCCCCC,8,-0.3928308825552409,1599.5787572132108,0.9299856238744724,1,-0.1940536806592592,-1.491947728584364,0.007357949088537152
CCCCCCCCCCN(CCCCCCCCCC)C(=O)COCC(=O)N(CCCCCC)CCCCCC,10,0.028888310720071655,1716.1243220057263,0.9681021612836958,8,0.05234257455645809,0.09653265158726754,0.0063056655050915955
CCCCCCCCCCN(CCCCCCCCCC)C(=O)COCC(=O)N(CCCCCC)CCCCCC,11,0.008219865981967854,1823.4430327929545,0.23984053959975427,8,0.0187039652361792,-0.07464844591527253,-0.0013619352126263973
CCCCCCCCCCN(CCCCCCCCCC)C(=O)COCC(=O)N(CCCCCC)CCCCCC,12,-0.36128078269481523,1908.257720523154,0.24965862365115754,1,-0.3328339098204589,0.059829569981729946,-0.0014398297234698987
CCCCCCCCCCN(CCCCCCCCCC)C(=O)COCC(=O)N(CCCCCC)CCCCCC,13,-0.00881846504718764,1998.7827487646161,0.38086527064569964,1,-0.042323758799209334,-0.2293047245652815,0.0022016591085048387
CCCCCCCCCCN(CCCCCCCCCC)C(=O)COCC(=O)N(CCCCCC)CCCCCC,14,-0.007214359945888926,2091.527318788945,-0.7048437130547427,1,-0.00266575869898407,0.16801676671775567,-0.04379273408643769
CCCCCCCCCCN(CCCCCCCCCC)C(=O)[C@H](C)O[C@H](CC)C(=O)N(CCCCCCCCCC)CCCCCCCCCC,1,-0.6300792472390004,12068.965667014494,1.812190389038733,1,-0.444065921142579,0.1429204078449402,0.05452502069355547
CCCCCCCCCCN(CCCCCCCCCC)C(=O)[C@H](C)O[C@H](CC)C(=O)N(CCCCCCCCCC)CCCCCCCCCC,2,-0.19308137652814006,1141.0569088222378,0.33761381372460164,1,-0.09134487710422345,0.09672495472136688,0.0036569876522949962
CCCCCCCCCCN(CCCCCCCCCC)C(=O)[C@H](C)O[C@H](CC)C(=O)N(CCCCCCCCCC)CCCCCCCCCC,3,-0.10325875883160213,1207.048569269428,0.2339297995731613,1,-0.021141166347176346,-0.4097846972726984,-0.015480677659185954
CCCCCCCCCCN(CCCCCCCCCC)C(=O)[C@H](C)O[C@H](CC)C(=O)N(CCCCCCCCCC)CCCCCCCCCC,12,0.07671429123583554,1908.2712082447606,0.23520552504851366,1,0.10516116411019186,0.07331729158840972,-0.015892928326113775
CCCCCCCCCCN(CCCCCCCCCC)C(=O)[C@H](CCC)O[C@H](CCC)C(=O)N(CCCCCCCCCC)CCCCCCCCCC,1,-0.09903209752618292,12068.796955227896,1.8789575312966917,1,0.08698122857023854,-0.025791378753638128,0.12129216295151424
CCCCCCCCCCN(CCCCCCCCCC)C(=O)[C@H](CCC)O[C@H](CCC)C(=O)N(CCCCCCCCCC)CCCCCCCCCC,7,0.3936768417862082,1504.5703663208255,-1.0565922489877266,1,0.36415681555239826,-0.12445428433920824,-0.012418384898388535
CCCCCCCCCCN(CCCCCCCCCC)C(=O)[C@H](CCC)O[C@H](CCC)C(=O)N(CCCCCCCCCC)CCCCCCCCCC,8,-0.09669214535040727,1601.2661698510242,0.9044070824120354,1,0.10208505654557443,0.19546490922903104,-0.018220592373899835
CCCCCCCCN(C(=O)c1ccc2ccc3cccnc3c2n1)c1ccc(C)cc1,1,-0.06694679000000003,12068.664060069845,2.0602855189308684,1,0.11906653609642143,-0.15868653680445277,0.3026201505856909
CCCCCCCCN(C(=O)c1ccc2ccc3cccnc3c2n1)c1ccc(C)cc1,2,-0.05799194700000032,1140.9901082709252,0.3175379945837449,1,0.04374455242391628,0.029924403408813305,-0.01641883148856177
CCCCCCCCN(C(=O)c1ccc2ccc3cccnc3c2n1)c1ccc(C)cc1,3,-0.05115252199999998,1207.4948791241961,0.2296821397731037,1,0.030965070484425802,0.03652515749536178,-0.019728337459243545
CCCCCCCCN(C(=O)c1ccc2ccc3cccnc3c2n1)c1ccc(C)cc1,6,0.07918124599999965,1425.1179918324276,0.2826152139186888,1,0.0914232454446866,0.2679581189433975,-0.025007587863415948
CCCCCCCCN(C(=O)c1ccc2ccc3cccnc3c2n1)c1ccc(C)cc1,7,0.27300127200000057,1504.6426574241013,-1.0539456244487155,1,0.24348124576619062,-0.05216318106340623,-0.009771760359377435
CCCCCCCCN(C(=O)c1ccc2ccc3cccnc3c2n1)c1ccc(C)cc1,11,0.204119983,1823.5655392032468,0.22089803822063914,1,0.21460408225421135,0.04785796437704448,-0.020304436591741526
CCCCCCCCN(C(=O)c1ccc2ccc3cccnc3c2n1)c1ccc(C)cc1,12,-0.9777236049999998,1908.2373528097696,0.22643911161731012,1,-0.9492767321256435,0.03946185659742696,-0.02465934175731732
CCCCCCCCN(C)C(=O)C(CCCCCC)C(=O)N(C)CCCCCCCC,7,-0.031034233999999994,1504.5714797513485,-1.0720828582816466,1,-0.06055426023380995,-0.12334085381621662,-0.027908994192308523
CCCCCCCCN(C)C(=O)C(CCCCCC)C(=O)N(C)CCCCCCCC,8,-0.10580372600000004,1601.0168116790392,0.9004289085614801,1,0.09297347589598165,-0.0538932627559916,-0.022198766224455158
CCCCCCCCN(C)C(=O)C(CCCCCC)C(=O)N(C)CCCCCCCC,9,0.011899223000000014,1648.5541213888084,-0.04260664985849871,1,0.041846218676986506,-0.222439343241831,-0.022414742768432916
CCCCCCCCN(C)C(=O)C(CCOCCCCCC)C(=O)N(C)CCCCCCCC,1,0.010995383999999997,12069.017960662884,1.8513459753285133,1,0.19700871009642146,0.19521405623527244,0.0936806069833358
CCCCCCCCN(C)C(=O)CC(=O)N(C)CCCCCCCC,3,0.18364439700000001,1207.382252293296,0.2501225523183166,1,0.2657619894844258,-0.07610167340476437,0.0007120750859693492
CCCCCCCCN(C)C(=O)CC(=O)N(C)CCCCCCCC,6,0.3877208439999999,1424.6740706191042,0.3099262737432582,1,0.39996284344468686,-0.1759630943799948,0.002303471961153436
CCCCCCCCN(C)C(=O)CC(=O)N(C)CCCCCCCC,7,0.32171459400000013,1504.6931828287807,-1.05975791659057,1,0.2921945677661902,-0.0016377763840864645,-0.015584052501231849
CCCCCCCCN(C)C(=O)CC(=O)N(C)CCCCCCCC,8,-0.3462575350000001,1601.249675630537,0.9294248435444388,1,-0.14748033310401842,0.17897068874185607,0.006797168758503558
CCCCCCCCN(C)C(=O)CC(=O)N(C)CCCCCCCC,9,0.367976785,1648.4635186787953,-0.02003772330681386,1,0.39792378067698647,-0.31304205325500334,0.0001541837832519377
CCCCCCCCN(C)C(=O)COCC(=O)N(C)CCCCCCCC,1,-0.33670086164733687,12068.934254851903,1.6873880299193236,6,-0.1506875355509154,0.11150824525429925,-0.07027733842585393
CCCCCCCCN(C)C(=O)COCC(=O)N(C)CCCCCCCC,2,-0.24747635953813965,1140.907202511722,0.33237188484114694,6,-0.14573986011422305,-0.052981355794372575,-0.0015849412311597089
CCCCCCCCN(C)C(=O)COCC(=O)N(C)CCCCCCCC,3,-0.15151786203134454,1207.5097974726848,0.25756011775327653,6,-0.06940026954691876,0.05144350598402525,0.008149640520929285
CCCCCCCCN(C)C(=O)COCC(=O)N(C)CCCCCCCC,6,-0.13884978299755923,1424.8122833254965,0.3088405018688718,1,-0.1266077835528723,-0.037750387987671274,0.0012177000867670262
CCCCCCCCN(C)C(=O)COCC(=O)N(C)CCCCCCCC,7,-0.009906030868358022,1504.7968542906106,-1.041099024481644,11,-0.039426057102167976,0.10203368544580371,0.0030748396076940576
CCCCCCCCN(C)C(=O)COCC(=O)N(C)CCCCCCCC,8,-0.3785659342810929,1601.3317420994172,0.9408635484493061,5,-0.17978873238511123,0.2610371576220132,0.018235873663370872
CCCCCCCCN(C)C(=O)COCC(=O)N(C)CCCCCCCC,9,-0.13339960723321287,1650.1532697716125,-0.008922862506096862,1,-0.10345261155622637,1.376709039562229,0.011269044583968935
CCCCCCCCN(C)C(=O)COCC(=O)N(C)CCCCCCCC,10,-0.1366839106166804,1716.1745172429678,0.9726419487860767,1,-0.11322964678029396,0.14672788882876375,0.010845453007472527
CCCCCCCCN(C)C(=O)COCC(=O)N(C)CCCCCCCC,11,0.06880154363103186,1823.4785254191165,0.2513140995606591,1,0.0792856428852432,-0.039155819753204923,0.010111624748278425
CCCCCCCCN(C)C(=O)COCC(=O)N(C)CCCCCCCC,12,-0.0107695935679466,1908.1156542472268,0.2605731811663645,1,0.017677279306409728,-0.08223670594543364,0.009474727791737081
CCCCCCCCN(C)C(=O)COCC(=O)N(C)CCCCCCCC,13,-0.22759092548473658,1999.0673150422954,0.3691608827125492,1,-0.2610962192367583,0.05526155311395087,-0.00950272882464559
CCCCCCCCN(C)C(=O)COCC(=O)N(C)CCCCCCCC,14,0.02127109452081033,2091.2899319910102,-0.6270784585180991,1,0.025819695767715187,-0.06937003121720409,0.033972520450205934
CCCCCCCCN(C)C(=O)COCC(=O)N(CCCCCCCC)CCCCCCCC,1,-0.3136191229720017,12069.042899230564,1.7663271791570878,1,-0.1276057968755802,0.2201526239150553,0.008661810811910309
CCCCCCCCN(C)C(=O)COCC(=O)N(CCCCCCCC)CCCCCCCC,2,-0.458098017406232,1140.953312416162,0.3186329474892773,1,-0.3563615179823154,-0.00687145135452738,-0.01532387858302936
CCCCCCCCN(C)C(=O)COCC(=O)N(CCCCCCCC)CCCCCCCC,3,-0.2543111444851691,1207.4023459338323,0.25272034504814656,1,-0.17219355200074332,-0.05600803286847622,0.003309867815799311
CCCCCCCCN(C)C(=O)COCC(=O)N(CCCCCCCC)CCCCCCCC,6,-0.3399266303991306,1424.7680757333535,0.31037419763561047,1,-0.32768463095444367,-0.08195798013070998,0.0027513958535057004
CCCCCCCCN(C)C(=O)COCC(=O)N(CCCCCCCC)CCCCCCCC,7,-0.1524863172329638,1504.6996084274097,-1.0476096367674472,1,-0.18200634346677375,0.004787822244907147,-0.003435772678109128
CCCCCCCCN(C)C(=O)COCC(=O)N(CCCCCCCC)CCCCCCCC,8,-0.39477858234287533,1601.330436343403,0.9305317440002909,1,-0.19600138044689364,0.25973140160795083,0.007904069214355713
CCCCCCCCN(C)C(=O)COCC(=O)N(CCCCCCCC)CCCCCCCC,9,0.12974698493649983,1648.5401775803325,-0.011990839596364822,1,0.15969398061348633,-0.23638315171774593,0.008201067493700975
CCCCCCCCN(C)C(=O)COCC(=O)N(CCCCCCCC)CCCCCCCC,10,0.1765668208671367,1716.0077452666565,0.942814886486758,1,0.20002108470352314,-0.02004408748257447,-0.018981609291846113
CCCCCCCCN(C)C(=O)COCC(=O)N(CCCCCCCC)CCCCCCCC,11,-0.33795629874019273,1823.505662753552,0.23398963871795786,1,-0.3274721994859814,-0.012018485317639716,-0.007212836094422803
CCCCCCCCN(C)C(=O)COCC(=O)N(CCCCCCCC)CCCCCCCC,12,-0.04560148545058862,1908.1361551160226,0.2649295376513692,1,-0.01715461257623229,-0.061735837149626605,0.013831084276741734
CCCCCCCCN(C)C(=O)COCC(=O)N(CCCCCCCC)CCCCCCCC,13,-0.042078565707426296,1998.991666168557,0.3694634199259781,1,-0.07558385945944798,-0.0203873206244225,-0.009200191611216713
CCCCCCCCN(C)C(=O)COCC(=O)N(CCCCCCCC)CCCCCCCC,14,-0.2093872828831409,2091.282621452163,-0.6500335518653628,1,-0.20483868163623606,-0.07668057006458184,0.011017427102942179
CCCCCCCCN(CC(C)C)C(=O)COCC(=O)N(CCCCCCCC)CC(C)C,6,0.09938463213591184,1424.7092230444068,0.30689375453221146,1,0.11162663158059878,-0.14081066907738204,-0.0007290472498933109
CCCCCCCCN(CC(C)C)C(=O)COCC(=O)N(CCCCCCCC)CC(C)C,7,-0.22382957166781506,1504.748522422493,-1.050990669089515,1,-0.25334959790162503,0.05370181732814672,-0.006816805000176895
CCCCCCCCN(CC(CC)CCCC)C(=O)COCC(=O)N(CCCCCCCC)CC(CC)CCCC,6,0.06897620679031359,1424.778230592899,0.3067480193258234,1,0.08121820623500053,-0.07180312058517302,-0.0008747824562813644
CCCCCCCCN(CC(CC)CCCC)C(=O)COCC(=O)N(CCCCCCCC)CC(CC)CCCC,7,-0.28285602673539456,1504.6679294409955,-1.0477366005798103,1,-0.3123760529692045,-0.026891164169228432,-0.003562736490472229
CCCCCCCCN(CC)C(=O)COCC(=O)N(CC)CCCCCCCC,1,-0.3541610840934504,12069.099711811838,1.668729329820053,1,-0.1681477579970289,0.2769652051883895,-0.08893603852512455
CCCCCCCCN(CC)C(=O)COCC(=O)N(CC)CCCCCCCC,2,-0.4718249149097139,1140.7821379762095,0.32072173561937234,1,-0.3700884154857973,-0.17804589130696513,-0.013235090452934306
CCCCCCCCN(CC)C(=O)COCC(=O)N(CC)CCCCCCCC,3,-0.3256314906693164,1207.5632310921317,0.25687210795013016,1,-0.2435138981848906,0.1048771254309031,0.007461630717782913
CCCCCCCCN(CC)C(=O)COCC(=O)N(CC)CCCCCCCC,7,-0.1594072683980836,1504.717875080992,-1.0360358570706012,1,-0.18892729463189356,0.023054475827166243,0.008138007018736904
CCCCCCCCN(CC)C(=O)COCC(=O)N(CC)CCCCCCCC,8,-0.3856387013783311,1601.230585356736,0.9312452878284603,1,-0.18686149948234942,0.15988041494074423,0.008617613042525063
CCCCCCCCN(CC)C(=O)COCC(=O)N(CC)CCCCCCCC,9,0.29739973917283447,1648.462552333613,-0.011958326615058468,1,0.32734673484982096,-0.3140083984371813,0.00823358047500733
CCCCCCCCN(CC)C(=O)COCC(=O)N(CC)CCCCCCCC,10,0.0649176130169149,1716.1684701679214,0.9786338518051707,1,0.08837187685330133,0.14068081378241004,0.016837356026566552
CCCCCCCCN(CC)C(=O)COCC(=O)N(CC)CCCCCCCC,11,-0.13145333353789512,1823.5531710868554,0.2551420447757664,1,-0.12096923428368378,0.035489847985672895,0.013939569963385745
CCCCCCCCN(CC)C(=O)COCC(=O)N(CC)CCCCCCCC,12,-0.10065007094787282,1908.1263324592041,0.2589997269747073,1,-0.0722031980735165,-0.07155849396804115,0.007901273600079861
CCCCCCCCN(CC)C(=O)COCC(=O)N(CC)CCCCCCCC,13,-0.010871686403313596,1999.075398659908,0.3642219651837877,1,-0.04437698015533529,0.0633451707265067,-0.014441646353407112
CCCCCCCCN(CC)C(=O)COCC(=O)N(CC)CCCCCCCC,14,-0.28201605669863694,2091.3015395637585,-0.6278141312159278,1,-0.27746745545173207,-0.0577624584689147,0.03323684775237723
CCCCCCCCN(CCC(C)CC(C)(C)C)C(=O)COCC(=O)N(CCCCCCCC)CCC(C)CC(C)(C)C,2,-0.39211046501131375,1140.7348320411215,0.3278271692706767,1,-0.29037396558739714,-0.22535182639489904,-0.006129656801629968
CCCCCCCCN(CCC(C)CC(C)(C)C)C(=O)COCC(=O)N(CCCCCCCC)CCC(C)CC(C)(C)C,3,0.12104369272477578,1207.4622960929473,0.2525608070445742,1,0.20316128520920157,0.003942126246556654,0.003150329812226932
CCCCCCCCN(CCC(C)CC(C)(C)C)C(=O)COCC(=O)N(CCCCCCCC)CCC(C)CC(C)(C)C,9,-0.15688314640128853,1648.5504997125809,-0.02636645890697764,1,-0.12693615072430203,-0.22606101946939816,-0.006174551816911844
CCCCCCCCN(CCC(C)CC(C)(C)C)C(=O)COCC(=O)N(CCCCCCCC)CCC(C)CC(C)(C)C,10,-0.10600875557220957,1715.9607854335175,0.947627014466434,1,-0.08255449173582313,-0.06700392062157334,-0.014169481312170107
CCCCCCCCN(CCC(C)CC(C)(C)C)C(=O)COCC(=O)N(CCCCCCCC)CCC(C)CC(C)(C)C,11,-0.08399165647407036,1823.461282308049,0.24258899618325813,1,-0.07350755721985902,-0.05639893082070557,0.0013865213708774693
CCCCCCCCN(CCC(C)CC(C)(C)C)C(=O)COCC(=O)N(CCCCCCCC)CCC(C)CC(C)(C)C,12,0.023993726798785087,1908.1392811835008,0.26048954128282276,1,0.052440599673141415,-0.05860976967142051,0.009391087908195317
CCCCCCCCN(CCC(C)CC(C)(C)C)C(=O)COCC(=O)N(CCCCCCCC)CCC(C)CC(C)(C)C,13,-0.023416974414015357,1999.0402010091352,0.37712422583626903,1,-0.05692226816603705,0.028147519953790834,-0.001539385700925766
CCCCCCCCN(CCC(C)CC(C)(C)C)C(=O)COCC(=O)N(CCCCCCCC)CCC(C)CC(C)(C)C,14,-0.02847937683348256,2091.217895449105,-0.6402727701624826,1,-0.023930775586577704,-0.14140657312236726,0.020778208805822374
CCCCCCCCN(CCC)C(=O)COCC(=O)N(CCC)CCCCCCCC,2,-0.5137990874284191,1141.02463463214,0.32983342748684663,1,-0.41206258800450246,0.06445076462364341,-0.004123398585460014
CCCCCCCCN(CCC)C(=O)COCC(=O)N(CCC)CCCCCCCC,3,-0.31457927597105306,1207.4814144879952,0.2560890299973835,1,-0.23246168348662727,0.023060521294382852,0.006678552765036233
CCCCCCCCN(CCC)C(=O)COCC(=O)N(CCC)CCCCCCCC,9,0.2722884351963004,1650.0855224341437,-0.003361894999670767,1,0.3022354308732869,1.3089617020934838,0.01683001209039503
CCCCCCCCN(CCC)C(=O)COCC(=O)N(CCC)CCCCCCCC,10,0.17711729339247517,1716.1927411942625,0.9711014095014434,1,0.2005715572288616,0.1649518401234218,0.009304913722839259
CCCCCCCCN(CCC)C(=O)COCC(=O)N(CCC)CCCCCCCC,11,-0.2938639304330106,1823.4835730547784,0.2415321904600205,1,-0.2833798311787993,-0.034108184091337534,0.00032971564763983885
CCCCCCCCN(CCC)C(=O)COCC(=O)N(CCC)CCCCCCCC,12,-0.05459602847476619,1908.1462095440943,0.2610066157994879,1,-0.02614915560040986,-0.05168140907790075,0.009908162424860478
CCCCCCCCN(CCC)C(=O)COCC(=O)N(CCC)CCCCCCCC,13,-0.04181633354745262,1999.0488651596647,0.3712953387075686,1,-0.07532162729947431,0.036811670483302805,-0.00736827282962621
CCCCCCCCN(CCC)C(=O)COCC(=O)N(CCC)CCCCCCCC,14,-0.23120105517614142,2091.271146888692,-0.6358842857644049,1,-0.22665245392923658,-0.08815513353556526,0.02516669320390008
CCCCCCCCN(CCCC(CCCC)CCCCCC)C(=O)COCC(=O)N(CCCCCCCC)CCCC(CCCC)CCCCCC,2,0.30102999566398125,1140.9532471785376,0.3204047807139432,1,0.40276649508789786,-0.006936688978839811,-0.013552045358363463
CCCCCCCCN(CCCC(CCCC)CCCCCC)C(=O)COCC(=O)N(CCCCCCCC)CCCC(CCCC)CCCCCC,3,-0.5228787452803376,1207.4331808926506,0.24957132762938272,1,-0.4407611527959118,-0.02517307405014435,0.000160850397035478
CCCCCCCCN(CCCC(CCCC)CCCCCC)C(=O)COCC(=O)N(CCCCCCCC)CCCC(CCCC)CCCCCC,6,-0.28113516694704194,1425.0568300140783,0.3001093138318538,1,-0.268893167502355,0.20679630059407828,-0.007513487950250974
CCCCCCCCN(CCCC(CCCC)CCCCCC)C(=O)COCC(=O)N(CCCCCCCC)CCCC(CCCC)CCCCCC,7,-0.13083613348092704,1504.6677612368353,-1.048865908429434,1,-0.160356159714737,-0.027059368329446443,-0.004692044340095958
CCCCCCCCN(CCCC(CCCC)CCCCCC)C(=O)COCC(=O)N(CCCCCCCC)CCCC(CCCC)CCCCCC,8,-0.2997729919444788,1601.285416807461,0.9344320256932406,1,-0.10099579004849712,0.2147118656657767,0.011804350907305361
CCCCCCCCN(CCCC(CCCC)CCCCCC)C(=O)COCC(=O)N(CCCCCCCC)CCCC(CCCC)CCCCCC,9,-0.21805576059921727,1648.538684211138,-0.012750069423418608,1,-0.18810876492223078,-0.23787652091232303,0.007441837666647189
CCCCCCCCN(CCCC(CCCC)CCCCCC)C(=O)COCC(=O)N(CCCCCCCC)CCCC(CCCC)CCCCCC,10,-0.20316653664860207,1715.9434721805544,0.9513174648036511,1,-0.17971227281221563,-0.08431717358462265,-0.010479030974953063
CCCCCCCCN(CCCC(CCCC)CCCCCC)C(=O)COCC(=O)N(CCCCCCCC)CCCC(CCCC)CCCCCC,11,-0.07558706430422679,1823.497835093868,0.22675939434429893,1,-0.06510296505001545,-0.019846145001793047,-0.014443080468081737
CCCCCCCCN(CCCC(CCCC)CCCCCC)C(=O)COCC(=O)N(CCCCCCCC)CCCC(CCCC)CCCCCC,12,-0.0016010874609742043,1908.168838213592,0.24764032717303053,1,0.026845785413382124,-0.029052739580265552,-0.0034581262015969116
CCCCCCCCN(CCCC(CCCC)CCCCCC)C(=O)COCC(=O)N(CCCCCCCC)CCCC(CCCC)CCCCCC,13,0.00039971883346634485,1999.051848055974,0.37262599842142663,1,-0.03310557491855535,0.039794566792579644,-0.00603761311576817
CCCCCCCCN(CCCC(CCCC)CCCCCC)C(=O)COCC(=O)N(CCCCCCCC)CCCC(CCCC)CCCCCC,14,-0.0278787341385891,2091.157425331341,-0.6549186387010195,1,-0.023330132891684244,-0.2018766908863654,0.006132340267285485
CCCCCCCCN(CCCCC(C)CCCC(C)C)C(=O)COCC(=O)N(CCCCCCCC)CCCCC(C)CCCC(C)C,1,-0.9420080530223132,12069.020902017553,1.781057092035553,1,-0.7559947269258918,0.19815541090429178,0.023391723690375565
CCCCCCCCN(CCCCC(C)CCCC(C)C)C(=O)COCC(=O)N(CCCCCCCC)CCCCC(C)CCCC(C)C,2,0.18234020833268266,1140.816374191646,0.32149776956521237,1,0.28407670775659927,-0.14380967587044324,-0.01245905650709428
CCCCCCCCN(CCCCC(C)CCCC(C)C)C(=O)COCC(=O)N(CCCCCCCC)CCCCC(C)CCCC(C)C,6,-0.33571274249274785,1424.904360496796,0.30955114915195736,1,-0.3234707430480609,0.05432678331180796,0.00192834736985259
CCCCCCCCN(CCCCC(C)CCCC(C)C)C(=O)COCC(=O)N(CCCCCCCC)CCCCC(C)CCCC(C)C,7,-0.1502580790249869,1504.757634298388,-1.053463998981897,1,-0.17977810525879684,0.06281369322323371,-0.009290134892558921
CCCCCCCCN(CCCCC(C)CCCC(C)C)C(=O)COCC(=O)N(CCCCCCCC)CCCCC(C)CCCC(C)C,10,-0.34949270132968335,1716.044239882875,0.9726947889294024,1,-0.3260384374932969,0.01645052873595887,0.010898293150798266
CCCCCCCCN(CCCCC(C)CCCC(C)C)C(=O)COCC(=O)N(CCCCCCCC)CCCCC(C)CCCC(C)C,11,0.034387861726441926,1823.558050295403,0.2501935343207151,1,0.04487196098065327,0.040369056533336334,0.008991059508334454
CCCCCCCCN(CCCCC(C)CCCC(C)C)C(=O)COCC(=O)N(CCCCCCCC)CCCCC(C)CCCC(C)C,14,-0.11793869031129778,2091.1753643940883,-0.6432965361636889,1,-0.11339008906439292,-0.18393762813911962,0.017754442804616133
CCCCCCCCN(CCCCCCCC)C(=O)C(C)OC(C)C(=O)N(CCCCCCCC)CCCCCCCC,1,-0.4898983069999999,12069.0400135043,1.7340691188346682,1,-0.30388498090357846,0.21726689765091578,-0.023596249510509315
CCCCCCCCN(CCCCCCCC)C(=O)C(C)OC(C)C(=O)N(CCCCCCCC)CCCCCCCC,2,-0.1046298115,1140.7186510273664,0.2952397100179951,1,-0.0028933120760833986,-0.24153284015005738,-0.03871711605431155
CCCCCCCCN(CCCCCCCC)C(=O)C(C)OC(C)C(=O)N(CCCCCCCC)CCCCCCCC,3,-0.05048918750000009,1207.1220475939467,0.2307321879588926,1,0.03162840498442569,-0.33630637275405206,-0.018678289273454635
CCCCCCCCN(CCCCCCCC)C(=O)C(C)OC(C)C(=O)N(CCCCCCCC)CCCCCCCC,7,-0.006098139500000044,1504.6892449982984,-1.0568373794030776,1,-0.03561816573381,-0.005575606866386806,-0.012663515313739548
CCCCCCCCN(CCCCCCCC)C(=O)CC(=O)N(CCCCCCCC)CCCCCCCC,3,-0.09970291300000006,1207.2406359461029,0.24417886718038062,1,-0.01758532051557428,-0.2177180205978857,-0.005231610051966623
CCCCCCCCN(CCCCCCCC)C(=O)CC(=O)N(CCCCCCCC)CCCCCCCC,6,0.669006781,1424.698986002061,0.31881665861601505,1,0.681248780444687,-0.15104771142318896,0.011193856833910276
CCCCCCCCN(CCCCCCCC)C(=O)CC(=O)N(CCCCCCCC)CCCCCCCC,7,-0.367976786,1504.6949280117738,-1.0617152738486766,1,-0.39749681223380995,0.00010740660900410148,-0.01754140975933849
CCCCCCCCN(CCCCCCCC)C(=O)CC(=O)N(CCCCCCCC)CCCCCCCC,8,-0.13262556499999997,1599.7725186051018,0.9322704572259681,1,0.06615163689598172,-1.298186336693334,0.009642782440032915
CCCCCCCCN(CCCCCCCC)C(=O)CC(=O)N(CCCCCCCC)CCCCCCCC,9,-0.043465693999999944,1649.8471728886148,-0.03891238227788563,1,-0.013518698323013452,1.0706121565644935,-0.01872047518781983
CCCCCCCCN(CCCCCCCC)C(=O)CN(CC(=O)N(CCCCCCCC)CCCCCCCC)CC(=O)N(CCCCCCCC)CCCCCCCC,3,-0.0999000999000994,1207.2604018553802,0.24142027284506185,1,-0.017782507415673623,-0.19795211132054646,-0.007990204387285399
CCCCCCCCN(CCCCCCCC)C(=O)COCC(=O)N(C)C,1,-0.39344441137523867,12068.870975234831,1.6812707024155316,1,-0.2074310852788172,0.048228628182187094,-0.07639466592964594
CCCCCCCCN(CCCCCCCC)C(=O)COCC(=O)N(C)C,2,-0.38783408551386167,1140.9024639987072,0.3310532452492225,1,-0.28609758608994507,-0.05771986880927216,-0.0029035808230841176
CCCCCCCCN(CCCCCCCC)C(=O)COCC(=O)N(C)C,3,-0.5001305922833101,1207.6086273037397,0.25916091485987636,1,-0.41801299979888434,0.1502733370389251,0.009750437627529113
CCCCCCCCN(CCCCCCCC)C(=O)COCC(=O)N(C)C,6,0.5723550640188764,1424.6963946620892,0.3148893027928352,1,0.5845970634635633,-0.15363905139497547,0.007266501010730453
CCCCCCCCN(CCCCCCCC)C(=O)COCC(=O)N(CCCCCCCC)CCCCCCCC,1,-0.2658609926046041,12068.91757920546,1.6464871834598893,23,-0.07984766650818265,0.09483259881017148,-0.11117818488528819
CCCCCCCCN(CCCCCCCC)C(=O)COCC(=O)N(CCCCCCCC)CCCCCCCC,2,-0.21070831241513352,1140.8522008902305,0.3329236429926823,20,-0.10897181299121692,-0.10798297728592843,-0.0010331830796243557
CCCCCCCCN(CCCCCCCC)C(=O)COCC(=O)N(CCCCCCCC)CCCCCCCC,3,0.06556999398805954,1207.4376117423242,0.2553404860740557,20,0.1476875864724853,-0.020742224376590457,0.0059300088417084396
CCCCCCCCN(CCCCCCCC)C(=O)COCC(=O)N(CCCCCCCC)CCCCCCCC,6,-0.5374208929475985,1424.8016106330224,0.30061672874398937,13,-0.5251788935029116,-0.048423080461816426,-0.007006073038115401
CCCCCCCCN(CCCCCCCC)C(=O)COCC(=O)N(CCCCCCCC)CCCCCCCC,7,0.19806561673048775,1504.7308634713029,-1.0466490560588484,23,0.1685455904966778,0.03604286613813201,-0.002475191969510293
CCCCCCCCN(CCCCCCCC)C(=O)COCC(=O)N(CCCCCCCC)CCCCCCCC,8,-0.21283194536008698,1601.2510854552634,0.9280017224529209,21,-0.01405474346410529,0.18038051346820794,0.005374047666985682
CCCCCCCCN(CCCCCCCC)C(=O)COCC(=O)N(CCCCCCCC)CCCCCCCC,9,-0.16148729427920708,1648.49044065814,-0.015050485688789195,9,-0.13154029860222058,-0.2861200739102969,0.005141421401276602
CCCCCCCCN(CCCCCCCC)C(=O)COCC(=O)N(CCCCCCCC)CCCCCCCC,10,-0.15106997402833494,1716.050370918099,0.9620603583925913,9,-0.1276157101919485,0.022581563959874984,0.0002638626139871425
CCCCCCCCN(CCCCCCCC)C(=O)COCC(=O)N(CCCCCCCC)CCCCCCCC,11,-0.08091566078396509,1823.5530812943769,0.2340371675264123,20,-0.07043156152975374,0.03540005550712522,-0.00716530728596837
CCCCCCCCN(CCCCCCCC)C(=O)COCC(=O)N(CCCCCCCC)CCCCCCCC,12,-0.01332222992696594,1908.2156796869597,0.24801832866057794,20,0.015124642947390389,0.01778873378748358,-0.0030801247140495036
CCCCCCCCN(CCCCCCCC)C(=O)COCC(=O)N(CCCCCCCC)CCCCCCCC,13,-0.011064819360438858,1999.1776400730444,0.3538273693548035,8,-0.04457011311246055,0.16558658386293246,-0.024836242182391277
CCCCCCCCN(CCCCCCCC)C(=O)COCC(=O)N(CCCCCCCC)CCCCCCCC,14,-0.026524147411414296,2091.1927267624524,-0.6542505175762017,8,-0.02197554616450944,-0.16657525977507248,0.00680046139210333
CCCCCCCCN(CCCCCCCC)C(=O)COCCOCC(=O)N(CCCCCCCC)CCCCCCCC,1,0.02587790658260425,12068.96054300568,1.7071316995625239,1,0.2118912326790257,0.13779639903077623,-0.05053366878265364
CCCCCCCCN(CCCCCCCC)C(=O)COCCOCC(=O)N(CCCCCCCC)CCCCCCCC,2,0.08943800420310488,1140.9846159383114,0.3349713171219264,1,0.19117450362702149,0.024432070795000982,0.001014491049619759
CCCCCCCCN(CCCCCCCC)C(=O)COCCOCC(=O)N(CCCCCCCC)CCCCCCCC,8,0.30814927801504877,1601.3306314428014,0.9265549588435533,1,0.5069264799110305,0.25992650100624815,0.003927284057618108
CCCCCCCCN(CCCCCCCC)C(=O)COCCOCC(=O)N(CCCCCCCC)CCCCCCCC,9,-0.31191071791743036,1648.5997423994538,-0.02874909130150627,1,-0.28196372224044386,-0.1768183325964401,-0.008557184211440472
CCCCCCCCN(CCCCCCCC)C(=O)COCCOCC(=O)N(CCCCCCCC)CCCCCCCC,10,0.14403091315843158,1715.9265030113838,0.9447706775922597,1,0.16748517699481802,-0.10128634275520199,-0.01702581818634441
CCCCCCCCN(CCCCCCCC)C(=O)COCCOCC(=O)N(CCCCCCCC)CCCCCCCC,11,0.0767134431563965,1823.5310622831373,0.22639206816529622,1,0.08719754241060784,0.01338104426758946,-0.01481040664708444
CCCCCCCCN(CCCCCCCC)C(=O)COCCOCC(=O)N(CCCCCCCC)CCCCCCCC,12,0.08050132194427562,1908.1063984522725,0.23515280698757124,1,0.10894819481863194,-0.09149250089967609,-0.0159456463870562
CCCCCCCCN(CCCCCCCC)C(=O)COCCOCC(=O)N(CCCCCCCC)CCCCCCCC,13,0.03346552776082823,1999.0888634252285,0.3747574402909777,1,-3.9765991193464745e-05,0.07680993604708419,-0.003906171246217116
CCCCCCCCN(CCCCCCCC)C(=O)[C@H](C)O[C@@H](C)C(=O)N(CCCCCCCC)CCCCCCCC,1,-0.5678391959799005,12069.07008077015,1.75961566668866,1,-0.38182586988347905,0.24733416350136395,0.0019502983434824817
CCCCCCCCN(CCCCCCCC)C(=O)[C@H](C)O[C@@H](C)C(=O)N(CCCCCCCC)CCCCCCCC,8,-0.21105527638190913,1599.8676991303214,0.9194194869628518,1,-0.012278074485927437,-1.2030058114737585,-0.0032081878230834082
CCCCCCCCN(CCCCCCCC)C(=O)[C@H](C)O[C@@H](C)C(=O)N(CCCCCCCC)CCCCCCCC,9,-0.10050251256281251,1648.5438664201897,-0.024881623098281125,1,-0.07055551688582601,-0.23269431186054135,-0.004689716008215328
CCCCCCCCN(CCCCCCCC)C(=O)[C@H](C)O[C@@H](C)C(=O)N(CCCCCCCC)CCCCCCCC,14,0.26633165829145744,2091.518567585218,-0.7009017047553243,1,0.2708802595383623,0.15926556299064032,-0.039850725787019314
CCCCCCCCN(CCCCCCCC)C(=O)[C@H](C)O[C@@H](CC)C(=O)N(CCCCCCCC)CCCCCCCC,2,-0.1395456834153157,1141.139012701437,0.3409375396404357,1,-0.0378091839913991,0.17882883392053373,0.006980713568129071
CCCCCCCCN(CCCCCCCC)C(=O)[C@H](C)O[C@@H](CC)C(=O)N(CCCCCCCC)CCCCCCCC,3,-0.04758173895562712,1207.40685552026,0.25159154736866185,1,0.03453585352879866,-0.05149844644074619,0.0021810701363146057
CCCCCCCCN(CCCCCCCC)C(=O)[C@H](C)O[C@@H](CC)C(=O)N(CCCCCCCC)CCCCCCCC,8,-0.12880528418063775,1601.3513648412036,0.9147982079589383,1,0.06997191771534395,0.28065989940841973,-0.007829466826996923
CCCCCCCCN(CCCCCCCC)C(=O)[C@H](C)O[C@H](C)C(=O)N(CCCCCCCC)CCCCCCCC,1,-0.28643216080402034,12068.988220456366,1.7984655109958112,1,-0.10041883470759888,0.16547384971636347,0.0408001426506337
CCCCCCCCN(CCCCCCCC)C(=O)[C@H](C)O[C@H](C)C(=O)N(CCCCCCCC)CCCCCCCC,2,-0.08542713567839157,1140.9529771399546,0.3259597570195183,1,0.016309363745525038,-0.007206727561879234,-0.007997069052788353
CCCCCCCCN(CCCCCCCC)C(=O)[C@H](C)O[C@H](C)C(=O)N(CCCCCCCC)CCCCCCCC,3,-0.010050251256281034,1207.405125663847,0.24895730409207317,1,0.07206734122814475,-0.05322830285376767,-0.0004531731402740713
CCCCCCCCN(CCCCCCCC)C(=O)[C@H](C)O[C@H](C)C(=O)N(CCCCCCCC)CCCCCCCC,7,0.04020100502512565,1504.5846173116706,-1.0609573016772629,1,0.010680978791315694,-0.1102032934941235,-0.016783437587924777
CCCCCCCCN(CCCCCCCC)C(=O)[C@H](C)O[C@H](C)C(=O)N(CCCCCCCC)CCCCCCCC,8,-0.14070351758793959,1601.2034817608883,0.9090041017720978,1,0.058073684308042106,0.13277681909312378,-0.013623573013837431
CCCCCCCCN(CCCCCCCC)C(=O)[C@H](C)O[C@H](C)C(=O)N(CCCCCCCC)CCCCCCCC,9,-0.07537688442210759,1648.6171957764436,-0.04429906759150981,1,-0.0454298887451211,-0.15936495560663388,-0.024107160501444014
CCCCCCCCN(CCCCCCCC)C(=O)[C@H](C)O[C@H](C)C(=O)N(CCCCCCCC)CCCCCCCC,10,-0.02010050251256476,1716.1642010915616,0.9452711300623378,1,0.003353761323821678,0.13641173742257706,-0.016525365716266394
CCCCCCCCN(CCCCCCCC)C(=O)[C@H](CCC)O[C@H](CCC)C(=O)N(CCCCCCCC)CCCCCCCC,1,0.30354051937248094,12068.999171330845,1.7285372117303268,1,0.4895538454689024,0.17642472419538535,-0.029128156614850687
CCCCCCCCN(CCCCCCCC)C(=O)[C@H](CCC)O[C@H](CCC)C(=O)N(CCCCCCCC)CCCCCCCC,2,-0.7798056249534653,1140.8832243246484,0.3041787621577896,1,-0.6780691255295487,-0.07695954286805318,-0.02977806391451704
CCCCCCCCN(CCCCCCCC)C(=O)[C@H](CCC)O[C@H](CCC)C(=O)N(CCCCCCCC)CCCCCCCC,3,0.3785407242318086,1207.343880231027,0.24733025455861934,1,0.4606583167162344,-0.11447373567375507,-0.0020802226737278995
CCCCCCCCN(CCCCCCCC)C(=O)[C@H](CCC)O[C@H](CCC)C(=O)N(CCCCCCCC)CCCCCCCC,6,-0.004696721342692722,1424.9201979533348,0.3093716834600855,1,0.007545278101994218,0.07016423985055553,0.001748881677980707
CCCCCCCCN(CCCCCCCC)C(=O)[C@H](CCC)O[C@H](CCC)C(=O)N(CCCCCCCC)CCCCCCCC,9,-0.0003475176268548097,1648.6547127616536,-0.03277438358509244,1,0.029599478050131682,-0.12184797039662953,-0.01258247649502664
CCCCCCCCN(CCCCCCCC)C(=O)c1ccc2ccc3ccc(C(=O)N(CCCCCCCC)CCCCCCCC)nc3c2n1,1,0.4771212549999997,12068.588201389794,1.8178103482605366,1,0.6631345810964211,-0.23454521685562213,0.060144979915359054
CCCCCCCCN(CCCCCCCC)C(=O)c1ccc2ccc3ccc(C(=O)N(CCCCCCCC)CCCCCCCC)nc3c2n1,2,-0.4375306314999985,1141.109462642652,0.320485453009951,2,-0.3357941320760819,0.14927877513559906,-0.01347137306235563
CCCCCCCCN(CCCCCCCC)C(=O)c1ccc2ccc3ccc(C(=O)N(CCCCCCCC)CCCCCCCC)nc3c2n1,3,0.0,1207.3366321057647,0.22624073615043017,1,0.08211759248442578,-0.12172186093607706,-0.023169741081917078
CCCCCCCCN(CCCCCCCC)C(=O)c1ccc2ccc3ccc(C(=O)N(CCCCCCCC)CCCCCCCC)nc3c2n1,6,-0.24303804899999748,1424.9780281560002,0.30179260805107333,1,-0.23079604955531055,0.1279944425159556,-0.005830193731031441
CCCCCCCCN(CCCCCCCC)C(=O)c1ccc2ccc3ccc(C(=O)N(CCCCCCCC)CCCCCCCC)nc3c2n1,7,0.24303804899999748,1504.738672482966,-1.0399631642812892,1,0.21351802276618753,0.04385187780121669,0.00421069980804889
CCCCCCCCN(CCCCCCCC)C(=O)c1ccc2ccc3ccc(C(=O)N(CCCCCCCC)CCCCCCCC)nc3c2n1,8,-0.273001271999999,1601.2164351253514,0.901021077374935,1,-0.07422407010401733,0.1457301835562248,-0.02160659741100024
CCCCCCCCN(CCCCCCCC)C(=O)c1ccc2ccc3ccc(C(=O)N(CCCCCCCC)CCCCCCCC)nc3c2n1,9,-0.19010562099999762,1648.636349863382,-0.03447765071496178,2,-0.16015862532301112,-0.14021086866819132,-0.014285743624895986
CCCCCCCCN(CCCCCCCC)C(=O)c1ccc2ccc3ccc(C(=O)N(CCCCCCCC)CCCCCCCC)nc3c2n1,10,0.19010562099999762,1715.962493394339,0.938504715621093,2,0.21355988483638405,-0.06529595980009617,-0.0232917801575111
CCCCCCCCN(CCCCCCCC)C(=O)c1ccc2ccc3ccc(C(=O)N(CCCCCCCC)CCCCCCCC)nc3c2n1,11,-0.17769382899999697,1823.5884602950418,0.2221982715359445,2,-0.16720972974578563,0.070779056172114,-0.01900420327643615
CCCCCCCCN(CCCCCCCC)C(=O)c1ccc2ccc3ccc(C(=O)N(CCCCCCCC)CCCCCCCC)nc3c2n1,12,-0.024823584000001286,1908.1203816775214,0.24730046195145405,1,0.003623288874355042,-0.07750927565075472,-0.003797991423173386
CCCCCCCCN(CCCCCCCC)C(=O)c1ccc2ccc3ccc(C(=O)N(CCCCCCCC)CCCCCCCC)nc3c2n1,13,0.10914446900000208,1998.8771977811211,0.3832414932367101,1,0.07563917524798039,-0.1348557080602859,0.004577881699515285
CCCCCCCCN(CCCCCCCC)C(=O)c1ccc2ccc3ccc(C(=O)N(CCCCCCCC)CCCCCCCC)nc3c2n1,14,-0.08804562950000083,2091.5962222018575,-0.6832209270610292,2,-0.08349702825309598,0.2369201796300331,-0.022169948092724212
CCCCCCCCP(=O)(CC(=O)N(CC(C)C)CC(C)C)c1ccccc1,1,-0.3010299959999999,12069.320718132747,1.6060651571579,1,-0.11501666990357845,0.4979715260978992,-0.1516002111872774
CCCCCCCCP(=O)(CC(=O)N(CC(C)C)CC(C)C)c1ccccc1,2,-0.10266234200000007,1140.918099447106,0.3803278956866052,1,-0.0009258425760834688,-0.04208442041044691,0.04637106961429854
CCCCCCCCP(=O)(CC(=O)N(CC(C)C)CC(C)C)c1ccccc1,3,-0.02723053849999993,1207.1262652935566,0.24183500427534455,2,0.05488705398442585,-0.33208867314419876,-0.007575472957002699
CCCCCCCCP(=O)(CC(=O)N(CC(C)C)CC(C)C)c1ccccc1,6,-0.04139268500000004,1425.1400677718582,0.2953830175292751,1,-0.0291506855553131,0.2900340583739762,-0.012239784252829677
CCCCCCCCP(=O)(CC(=O)N(CC(C)C)CC(C)C)c1ccccc1,7,0.13830269800000006,1504.4750278270135,-1.051328354582438,1,0.10878267176619011,-0.21979277815125897,-0.007154490493099797
CCCCCCCCP(=O)(CC(=O)N(CC(C)C)CC(C)C)c1ccccc1,8,-0.021189298999999995,1601.0832486686963,0.8991459155358825,1,0.1775879028959817,0.012543726901185437,-0.02348175925005269
CCCCCCCCP(=O)(CC(=O)N(CC(C)C)CC(C)C)c1ccccc1,9,0.043465692999999916,1648.5243694416486,-0.043355012136998994,1,0.07341268867698642,-0.2521912904016972,-0.023163105046933197
CCCCCCCCP(=O)(CC(=O)N(CC(C)C)CC(C)C)c1ccccc1,10,0.023481096000000035,1716.1404882956044,0.9407600025306238,1,0.04693535983638647,0.11269894146539627,-0.021036493247980403
CCCCCCCCP(=O)(CC(=O)N(CC(C)C)CC(C)C)c1ccccc1,11,0.12493873700000002,1823.445790155125,0.22093830603898823,1,0.13542283625421137,-0.07189108374473108,-0.020264168773392432
CCCCCCCCP(=O)(CC(=O)N(CC(C)C)CC(C)C)c1ccccc1,12,0.06963592800000001,1908.1226926933996,0.2227735118849523,1,0.09808280087435634,-0.07519825977260552,-0.028324941489675126
CCCCCCCCP(=O)(CC(=O)N(CC(C)C)CC(C)C)c1ccccc1,13,0.019305154999999852,1999.3623564081752,0.37873618216690375,1,-0.014200138752021842,0.3503029189937479,7.257062970894568e-05
CCCCCCCCP(=O)(CC(=O)N(CC(C)C)CC(C)C)c1ccccc1,14,0.13830269800000008,2090.9260893436185,-0.7285489071346092,1,0.14285129924690493,-0.43321267860892476,-0.06749792816630418
CCCCCCCCP(=O)(CCCCCCCC)Cc1cccc(CP(=O)(CCCCCCCC)CCCCCCCC)[n+]1[O-],1,-0.385350882,12069.240728619272,1.529490115106455,1,-0.19933755590357854,0.4179820126228151,-0.22817525323872245
CCCCCCCCP(=O)(CCCCCCCC)Cc1cccc(CP(=O)(CCCCCCCC)CCCCCCCC)[n+]1[O-],2,-0.24667233300000013,1141.0241468763845,0.42262798605588614,1,-0.14493583357608353,0.06396300886808604,0.0886711599835795
CCCCCCCCP(=O)(CCCCCCCC)Cc1cccc(CP(=O)(CCCCCCCC)CCCCCCCC)[n+]1[O-],3,0.07918124599999987,1207.0814560260428,0.2416825138589047,1,0.16129883848442567,-0.3768979406579547,-0.007727963373442531
CCCCCCCCP(=O)(CCCCCCCC)Cc1cccc(CP(=O)(CCCCCCCC)CCCCCCCC)[n+]1[O-],6,0.1760912589999999,1424.9281513580777,0.29227666223778215,1,0.18833325844468682,0.07811764459347614,-0.015346139544322623
CCCCCCCCP(=O)(CCCCCCCC)Cc1cccc(CP(=O)(CCCCCCCC)CCCCCCCC)[n+]1[O-],7,0.261439373,1504.416436167252,-1.0442009243533903,2,0.23191934676619003,-0.2783844379127913,-2.7060264052192196e-05
CCCCCCCCP(=O)(CCCCCCCC)Cc1cccc(CP(=O)(CCCCCCCC)CCCCCCCC)[n+]1[O-],8,-0.02557626099999999,1601.3106430075418,0.9053803574788617,2,0.1732009408959817,0.23993806574662813,-0.017247317307073518
CCCCCCCCP(=O)(CCCCCCCC)Cc1cccc(CP(=O)(CCCCCCCC)CCCCCCCC)[n+]1[O-],9,0.10914446899999997,1648.486793205986,-0.02239548709394512,1,0.13909146467698646,-0.2897675260642245,-0.002203580003879324
CCCCCCCCP(=O)(CCCCCCCC)Cc1cccc(CP(=O)(CCCCCCCC)CCCCCCCC)[n+]1[O-],10,0.14612803600000002,1716.0700168577523,0.9551440049203848,1,0.16958229983638645,0.042227503613275985,-0.006652490858219395
CCCCCCCCP(=O)(CCCCCCCC)Cc1cccc(CP(=O)(CCCCCCCC)CCCCCCCC)[n+]1[O-],11,0.221848749,1823.567826829175,0.24116765785856842,1,0.23233284825421135,0.050145590305191945,-3.481695381224448e-05
CCCCCCCCP(=O)(CCCCCCCC)Cc1cccc(CP(=O)(CCCCCCCC)CCCCCCCC)[n+]1[O-],12,0.17609125899999994,1908.2138808049135,0.2374256005814459,1,0.20453813187435627,0.015989851741323946,-0.013672852793181534
CCCCCCN(C)C(=O)CC(=O)N(C)CCCCCC,3,-0.13566260200000008,1207.4550231413878,0.2583638032738236,1,-0.053545009515574296,-0.0033308253130144294,0.008953326041476334
CCCCCCN(C)C(=O)CC(=O)N(C)CCCCCC,6,0.39794000900000004,1424.7204679222518,0.3207456322638791,1,0.410182008444687,-0.12956579123238043,0.013122830481774317
CCCCCCN(C)C(=O)CC(=O)N(C)CCCCCC,7,0.0791812459999999,1504.6865684030727,-1.0514749128101357,1,0.049661219766189944,-0.008252202092080552,-0.0073010487207976205
CCCCCCN(C)C(=O)CC(=O)N(C)CCCCCC,8,-0.27106677199999984,1601.0984374986297,0.9318001475053279,1,-0.07228957010401815,0.027732556834507704,0.0091724727193927
CCCCCCN(C)C(=O)CC(=O)N(C)CCCCCC,9,-0.015239967000000021,1648.48215916457,-0.024170094914097717,1,0.01470702867698647,-0.2944015674802358,-0.00397818782403192
CCCCCCN(CCC(C)CCC=C(C)C)C(=O)COCC(=O)N(CCCCCC)CCC(C)CCC=C(C)C,6,-0.36871,1424.8416485568687,0.30996578092072014,1,-0.356468000555313,-0.008385156615531741,0.0023429791386153642
CCCCCCN(CCC(C)CCC=C(C)C)C(=O)COCC(=O)N(CCCCCC)CCC(C)CCC=C(C)C,9,-0.09592,1648.5780504186055,-0.01711135706091227,1,-0.0659730043230135,-0.19851031344478542,0.003080550029153528
CCCCCCN(CCC(C)CCC=C(C)C)C(=O)COCC(=O)N(CCCCCC)CCC(C)CCC=C(C)C,10,-0.15501999999999994,1716.0839975556855,0.9682114497895782,1,-0.1315657361636135,0.05620820154649664,0.006414954010974028
CCCCCCN(CCC(C)CCC=C(C)C)C(=O)COCC(=O)N(CCCCCC)CCC(C)CCC=C(C)C,11,-0.11118000000000006,1823.549768966201,0.24478579516380705,1,-0.10069590074578871,0.03208772733137266,0.003583320351426389
CCCCCCN(CCC(C)CCC=C(C)C)C(=O)COCC(=O)N(CCCCCC)CCC(C)CCC=C(C)C,14,-0.0006999999999999229,2091.2718774092937,-0.6310188612642378,1,0.0038486012469049332,-0.08742461293377346,0.030032117704067218
CCCCCCN(CCC(C)CCCC(C)C)C(=O)COCC(=O)N(CCCCCC)CCC(C)CCCC(C)C,1,-0.7585900000000004,12068.954753961378,1.7649751608196311,1,-0.5725766739035789,0.1320073547285574,0.007309792474453625
CCCCCCN(CCC(C)CCCC(C)C)C(=O)COCC(=O)N(CCCCCC)CCC(C)CCCC(C)C,6,-0.32575,1424.8343278219154,0.3078963492816911,1,-0.313508000555313,-0.015705891568813968,0.00027354749958630187
CCCCCCN(CCC(C)CCCC(C)C)C(=O)COCC(=O)N(CCCCCC)CCC(C)CCCC(C)C,7,-0.11315999999999982,1504.7530792013179,-1.0427886136867528,1,-0.14268002623380976,0.058258596153109465,0.001385250402585303
CCCCCCN(CCC(C)CCCC(C)C)C(=O)COCC(=O)N(CCCCCC)CCC(C)CCCC(C)C,8,-0.3859100000000002,1599.752138703936,0.9401327160767323,1,-0.1871327981040185,-1.3185662378591587,0.017505041290797108
CCCCCCN(CCC(C)CCCC(C)C)C(=O)COCC(=O)N(CCCCCC)CCC(C)CCCC(C)C,9,-0.11055999999999999,1649.9166760302896,-0.0062027534654589545,1,-0.08061300432301349,1.1401152982393796,0.013989153624606843
CCCCCCN(CCC(C)CCCC(C)C)C(=O)COCC(=O)N(CCCCCC)CCC(C)CCCC(C)C,10,-0.17741000000000007,1716.094921173984,0.9652338863811565,1,-0.15395573616361363,0.06713181984491712,0.003437390602552326
CCCCCCN(CCC(C)CCCC(C)C)C(=O)COCC(=O)N(CCCCCC)CCC(C)CCCC(C)C,11,-0.1398999999999999,1823.5239690026356,0.23881079968168706,1,-0.12941590074578857,0.006287763765840282,-0.0023916751306936046
CCCCCCN(CCC(C)CCCC(C)C)C(=O)COCC(=O)N(CCCCCC)CCC(C)CCCC(C)C,12,0.04298999999999986,1908.1273061586467,0.24828260180856887,1,0.07143687287435618,-0.07058479452553001,-0.0028158515660585692
CCCCCCN(CCC(C)CCCC(C)C)C(=O)COCC(=O)N(CCCCCC)CCC(C)CCCC(C)C,13,-0.049719999999999986,1999.165929105764,0.3590473902595477,1,-0.08322529375202167,0.15387561658258164,-0.019616221277647117
CCCCCCN(CCC(C)CCCC(C)C)C(=O)COCC(=O)N(CCCCCC)CCC(C)CCCC(C)C,14,-0.018850000000000033,2091.189040068579,-0.6407371336113101,1,-0.014301398753095176,-0.1702619536486054,0.020313845356994875
CCCCCCN(CCCCCC)C(=O)CC(=O)N(CCCCCC)CCCCCC,3,-0.11539341799999991,1207.4413730764509,0.25220320191965584,1,-0.033275825515574134,-0.01698089024989713,0.0027927246873085954
CCCCCCN(CCCCCC)C(=O)CC(=O)N(CCCCCC)CCCCCC,6,0.3212333810000001,1424.8094064296986,0.32074177188042086,1,0.33347538044468705,-0.04062728378562497,0.013118970098316085
CCCCCCN(CCCCCC)C(=O)CC(=O)N(CCCCCC)CCCCCC,7,0.3877208439999999,1504.6893116723195,-1.052770496514313,1,0.35820081776618995,-0.005508932845259551,-0.008596632424974882
CCCCCCN(CCCCCC)C(=O)CC(=O)N(CCCCCC)CCCCCC,8,-0.5706515270000001,1601.2211130830049,0.9334031878870519,1,-0.3718743251040184,0.15040814120970936,0.010775513101116685
CCCCCCN(CCCCCC)C(=O)CC(=O)N(CCCCCC)CCCCCC,9,0.10720996900000007,1648.395005444057,-0.01907434415170428,1,0.13715696467698657,-0.3815552879932511,0.001117562938361516
CCCCCCc1ccc(N(CC)C(=O)c2cccc(-c3cccc(C(=O)N(CC)c4ccc(CCCCCC)cc4)n3)n2)cc1,1,0.09691001299999998,12068.701740472818,1.832832698643415,1,0.2829233390964214,-0.12100613383154268,0.07516733029823741
CCCCCCc1ccc(N(CC)C(=O)c2cccc(-c3cccc(C(=O)N(CC)c4ccc(CCCCCC)cc4)n3)n2)cc1,2,0.12493873700000004,1140.8047515618737,0.31703745533877736,1,0.22667523642391663,-0.155432305642762,-0.016919370733529282
CCCCCCc1ccc(N(CC)C(=O)c2cccc(-c3cccc(C(=O)N(CC)c4ccc(CCCCCC)cc4)n3)n2)cc1,3,-0.12493873700000004,1207.6305866022717,0.24025714216668348,1,-0.042821144515574255,0.1722326355709356,-0.009153335065663765
CCCCCCc1ccc(N(CC)C(=O)c2cccc(-c3cccc(C(=O)N(CC)c4ccc(CCCCCC)cc4)n3)n2)cc1,6,0.12493873700000004,1424.9296031730235,0.3015299879016311,1,0.13718073644468698,0.07956945953924333,-0.006092813880473669
CCCCCCc1ccc(N(CC)C(=O)c2cccc(-c3cccc(C(=O)N(CC)c4ccc(CCCCCC)cc4)n3)n2)cc1,7,0.17609125899999997,1504.7920329140518,-1.037525311725858,1,0.14657123276619002,0.09721230888703758,0.006648552363480054
CCCCCCc1ccc(N(CC)C(=O)c2cccc(-c3cccc(C(=O)N(CC)c4ccc(CCCCCC)cc4)n3)n2)cc1,8,-0.09691001299999996,1601.3105265590698,0.9221642359816542,1,0.10186718889598173,0.2398216172746288,-0.00046343880428101336
CCCCCCc1ccc(N(CC)C(=O)c2cccc(-c3cccc(C(=O)N(CC)c4ccc(CCCCCC)cc4)n3)n2)cc1,9,0.04575749000000001,1648.7335177756127,-0.009189202453399048,1,0.07570448567698651,-0.0430429564376027,0.01100270463666675
CCCCCCc1ccc(N(CC)C(=O)c2cccc(-c3cccc(C(=O)N(CC)c4ccc(CCCCCC)cc4)n3)n2)cc1,10,0.05115252299999995,1716.1612352781112,0.975781186346012,1,0.07460678683638639,0.13344592397220367,0.01398469056740781
CCCCCCc1ccc(N(CC)C(=O)c2cccc(-c3cccc(C(=O)N(CC)c4ccc(CCCCCC)cc4)n3)n2)cc1,11,0.12493873599999988,1823.550943340155,0.23939078899184096,1,0.13542283525421123,0.033262101285345125,-0.001811685820539699
CCCCCCc1ccc(N(CC)C(=O)c2cccc(-c3cccc(C(=O)N(CC)c4ccc(CCCCCC)cc4)n3)n2)cc1,12,0.07918124599999998,1908.1069060319996,0.25172526801316053,1,0.1076281188743563,-0.09098492117254864,0.0006268146385330908
CCCCCCc1ccc(N(CC)C(=O)c2cccc(-c3cccc(C(=O)N(CC)c4ccc(CCCCCC)cc4)n3)n2)cc1,13,0.09691001300000013,1998.7153106834069,0.40778379259290887,1,0.06340471924797844,-0.2967428057745565,0.029120181055714067
CCCCCCc1ccc(N(CC)C(=O)c2cccc(-c3cccc(C(=O)N(CC)c4ccc(CCCCCC)cc4)n3)n2)cc1,14,0.09691001300000002,2091.567522616816,-0.6830624752064978,1,0.10145861424690487,0.20822059458851072,-0.022011496238192763
CCCCN(CCCC)C(=O)CC(=O)N(CCCC)CCCC,3,-0.08297423500000001,1207.4242810785981,0.25652809083021566,1,-0.0008566425155742269,-0.034072888102627985,0.007117613597868416
CCCCN(CCCC)C(=O)CC(=O)N(CCCC)CCCC,6,0.7269987280000001,1424.7328211160475,0.3243959007995727,1,0.739240727444687,-0.11721259743671908,0.01677309901746793
CCCCN(CCCC)C(=O)CC(=O)N(CCCC)CCCC,7,-0.08715017600000013,1504.6682224148467,-1.0582602218764805,1,-0.11667020223381008,-0.02659819031805455,-0.0140863577871424
CCCCN(CCCC)C(=O)CC(=O)N(CCCC)CCCC,8,-0.33881855699999985,1601.0027859153447,0.9244343226414458,1,-0.14004135510401816,-0.06791902645045411,0.0018066478555105459
CCCCN(CCCC)C(=O)CC(=O)N(CCCC)CCCC,9,0.0579919470000001,1648.4254887258626,-0.02659942599302667,1,0.0879389426769866,-0.3510720061876782,-0.006407518902960874
CCCCN(CCCC)C(=O)CCC(=O)N(CCCC)CCCC,6,0.0,1424.8692837354724,0.3116268132571349,1,0.01224199944468694,0.019250021988227672,0.004004011475030156
CCCCN(CCCC)C(=O)COCC(=O)N(CCCC)CCCC,1,-0.23635781953914575,12068.884858463007,1.691509550336832,4,-0.05034449344272429,0.062111856357660145,-0.06615581800834547
CCCCN(CCCC)C(=O)COCC(=O)N(CCCC)CCCC,6,0.010249559464014745,1424.7118039294019,0.3120308445477349,8,0.022491558908701685,-0.1382297840823412,0.004408042765630116
CCCCN(CCCC)C(=O)COCC(=O)N(CCCC)CCCC,7,-0.28648675279899105,1504.7776838150644,-1.0380722767249608,4,-0.316006779032801,0.08286320989964224,0.00610158736437727
CCCCN(CCCC)C(=O)c1ccc2ccc3ccc(C(=O)N(CCCC)CCCC)nc3c2n1,1,0.03698356700000005,12068.695444414452,1.8063240365017919,1,0.2229968930964215,-0.1273021921970212,0.04865866815661435
CCCCN(CCCC)C(=O)c1ccc2ccc3ccc(C(=O)N(CCCC)CCCC)nc3c2n1,2,-0.22184875000000037,1140.8557621801128,0.32315440047341326,1,-0.12011225057608377,-0.10442168740360103,-0.010802425598893384
CCCCN(CCCC)C(=O)c1ccc2ccc3ccc(C(=O)N(CCCC)CCCC)nc3c2n1,3,0.19836765400000034,1207.660588661126,0.25073605355146356,1,0.28048524648442613,0.2022346944252149,0.0013255763191163117
CCCCN(CCCC)C(=O)c1ccc2ccc3ccc(C(=O)N(CCCC)CCCC)nc3c2n1,6,0.08618614799999991,1424.8829716768473,0.3034118699579267,1,0.09842814744468685,0.03293796336311061,-0.004210931824178088
CCCCN(CCCC)C(=O)c1ccc2ccc3ccc(C(=O)N(CCCC)CCCC)nc3c2n1,7,0.010723865000000332,1504.7312104172001,-1.0397645949451544,1,-0.018796161233809623,0.03638981203539515,0.004409269144183714
CCCCN(CCCC)C(=O)c1ccc2ccc3ccc(C(=O)N(CCCC)CCCC)nc3c2n1,8,0.20411998299999978,1601.5279947094818,0.9368009407876343,1,0.4028971848959815,0.4572897676866887,0.014173266001699103
CCCCN(CCCC)C(=O)c1ccc2ccc3ccc(C(=O)N(CCCC)CCCC)nc3c2n1,9,-0.07918124599999943,1648.6652779150259,0.0051565889471021364,1,-0.049234250323012936,-0.1112828170244029,0.025348496037167934
CCCCN(CCCC)C(=O)c1ccc2ccc3ccc(C(=O)N(CCCC)CCCC)nc3c2n1,10,-0.18563657700000058,1714.2834040258936,0.9794417028542739,1,-0.16218231316361414,-1.744385328245471,0.017645207075669744
CCCCN(CCCC)C(=O)c1ccc2ccc3ccc(C(=O)N(CCCC)CCCC)nc3c2n1,11,0.36172783600000047,1823.6557110517656,0.25181011944459897,1,0.3722119352542118,0.1380298128958657,0.010607644632218305
CCCCN(CCCC)C(=O)c1ccc2ccc3ccc(C(=O)N(CCCC)CCCC)nc3c2n1,12,-0.30102999600000024,1908.2100197306222,0.27919386262283297,1,-0.2725831231256439,0.01212877745001606,0.028095409248205527
CCCCN(CCCC)C(=O)c1ccc2ccc3ccc(C(=O)N(CCCC)CCCC)nc3c2n1,13,0.05799194700000032,1998.6533635925584,0.4126512388179435,1,0.024486653247978628,-0.358689896622991,0.03398762728074872
CCCCN(CCCC)C(=O)c1ccc2ccc3ccc(C(=O)N(CCCC)CCCC)nc3c2n1,14,0.14612803599999946,2091.662096803729,-0.6700338230270972,1,0.1506766372469043,0.3027947815016887,-0.008982844058792239
CCCN(CCC)C(=O)COCC(=O)N(CCC)CCC,1,-0.22303001876172618,12068.689310134989,1.7210743275813911,4,-0.03701669266530472,-0.13343647166038863,-0.03659104076378639
CCCN(CCC)C(=O)COCC(=O)N(CCC)CCC,2,-0.11257035647279506,1141.0574316956604,0.3394473388611914,4,-0.010833857048878459,0.09724782814396349,0.005490512788884738
CCCN(CCC)C(=O)COCC(=O)N(CCC)CCC,3,-0.030253283302064532,1207.4446843114924,0.25384940658068444,4,0.05186430918236125,-0.013669655208332188,0.0044389293483372005
CCCN(CCC)C(=O)COCC(=O)N(CCC)CCC,6,-0.2902475607582454,1424.7372694605888,0.3071449573162681,4,-0.27800556131355847,-0.11276425289543113,-0.0004778444658366521
CCCN(CCC)C(=O)COCC(=O)N(CCC)CCC,7,0.062292588900834736,1504.7221747490298,-1.0383774450474448,4,0.03277256266702478,0.02735414386506818,0.005796419041893319
CCCN(CCC)C(=O)COCC(=O)N(CCC)CCC,10,-0.05909943714821807,1716.3253558032475,0.9767238106978766,4,-0.03564517331183163,0.29756644910844443,0.01492731491927246
CCCN(CCC)C(=O)COCC(=O)N(CCC)CCC,11,-0.01688555347091946,1823.5642211530485,0.2552208851825526,4,-0.006401454216708114,0.046539914178765684,0.01401841037017193
CCCN(CCC)C(=O)COCC(=O)N(CCC)CCC,12,0.019699812382739573,1908.2441435869114,0.2656823450738557,4,0.0481466852570959,0.04625263373918642,0.014583891699228246
CCCc1nnc(-c2cccc(-c3nnc(CCC)c(CCC)n3)n2)nc1CCC,7,-0.301029996,1505.1556135498008,-1.0386406454404096,1,-0.33055002223380997,0.46079294463606857,0.0055332186489285284
CCCc1nnc(-c2cccc(-c3nnc(CCC)c(CCC)n3)n2)nc1CCC,8,-0.6532125129999999,1601.3641534899225,0.8880700113058992,1,-0.45443531110401825,0.2934485481273441,-0.03455766348003597
CCCc1nnc(-c2cccc(-c3nnc(CCC)c(CCC)n3)n2)nc1CCC,14,0.17609125900000003,2091.6319934335015,-0.6421768542882091,1,0.18063986024690487,0.2726914112740815,0.01887412468009586
CCN(C(=O)c1cccc(-c2cccc(C(=O)N(CC)c3cc(C)cc(C)c3)n2)n1)c1cc(C)cc(C)c1,1,-0.043465693999999944,12068.574069756567,1.8333131542403862,1,0.14254763209642152,-0.24867685008211993,0.07564778589520871
CCN(C(=O)c1cccc(-c2cccc(C(=O)N(CC)c3cc(C)cc(C)c3)n2)n1)c1cc(C)cc(C)c1,2,-0.07572071400000008,1141.0130154351054,0.3177978264648118,1,0.026015785423916526,0.052831567589009865,-0.01615899960749484
CCN(C(=O)c1cccc(-c2cccc(C(=O)N(CC)c3cc(C)cc(C)c3)n2)n1)c1cc(C)cc(C)c1,3,-0.064457989,1207.6813454180533,0.24759334093369034,1,0.017659603484425787,0.2229914513525273,-0.0018171362986569017
CCN(C(=O)c1cccc(-c2cccc(C(=O)N(CC)c3cc(C)cc(C)c3)n2)n1)c1cc(C)cc(C)c1,8,0.0,1601.1407452960275,0.9153071367190933,1,0.1987772018959817,0.0700403542323329,-0.007320538066841964
CCN(C(=O)c1cccc(-c2cccc(C(=O)N(CC)c3cc(C)cc(C)c3)n2)n1)c1cc(C)cc(C)c1,9,0.04830467999999982,1648.6505409569204,-0.019283557628568815,1,0.07825167567698632,-0.12601977512986196,0.0009083494614969823
CCN(C(=O)c1cccc(-c2cccc(C(=O)N(CC)c3cc(C)cc(C)c3)n2)n1)c1cc(C)cc(C)c1,10,-0.024823583999999843,1716.1551277436738,0.965005821208706,1,-0.0013693201636134043,0.1273383895347706,0.0032093254301018836
CCN(C(=O)c1cccc(-c2cccc(C(=O)N(CC)c3cc(C)cc(C)c3)n2)n1)c1cc(C)cc(C)c1,11,0.05115252199999995,1823.6741577526216,0.2577522427968688,1,0.06163662125421129,0.15647651375184068,0.01654976798448815
CCN(C(=O)c1cccc(-c2cccc(C(=O)N(CC)c3cc(C)cc(C)c3)n2)n1)c1cc(C)cc(C)c1,12,0.057991947000000044,1905.8181894180943,0.26542075890256456,1,0.08643881987435637,-2.3797015350778565,0.014322305527937118
CCN(C(=O)c1cccc(-c2cccc(C(=O)N(CC)c3cc(C)cc(C)c3)n2)n1)c1cc(C)cc(C)c1,13,0.0,1998.649741853098,0.40963340583584795,1,-0.03350529375202169,-0.36231163608340466,0.030969794298653153
CCN(C(=O)c1cccc(-c2cccc(C(=O)N(CC)c3cc(C)cc(C)c3)n2)n1)c1cc(C)cc(C)c1,14,-0.029963223000000094,2091.588890120736,-0.674708838450897,1,-0.025414621753095237,0.22958809850842954,-0.013657859482592016
CCN(C(=O)c1cccc(-c2cccc(C(=O)N(CC)c3cc(C)ccc3C)n2)n1)c1cc(C)ccc1C,1,-0.12493873700000004,12068.597864919499,1.8037351747798311,1,0.061074589096421425,-0.22488168715062784,0.04606980643465364
CCN(C(=O)c1cccc(-c2cccc(C(=O)N(CC)c3cc(C)ccc3C)n2)n1)c1cc(C)ccc1C,2,-0.1760912590000001,1141.0275916772443,0.3292362210963802,1,-0.0743547595760835,0.06740780972791072,-0.004720604975926468
CCN(C(=O)c1cccc(-c2cccc(C(=O)N(CC)c3cc(C)ccc3C)n2)n1)c1cc(C)ccc1C,3,-0.1249387369999999,1207.6652241997213,0.24969553993878435,1,-0.04282114451557412,0.20687023302048146,0.00028506270643710585
CCN(C(=O)c1cccc(-c2cccc(C(=O)N(CC)c3cc(C)ccc3C)n2)n1)c1cc(C)ccc1C,7,0.04575749099999999,1504.7614338803428,-1.0301139393413905,1,0.016237464766190035,0.06661327517804239,0.014059924747947594
CCN(C(=O)c1cccc(-c2cccc(C(=O)N(CC)c3cc(C)ccc3C)n2)n1)c1cc(C)ccc1C,8,-0.08715017600000013,1601.2266676047216,0.9167398131708069,1,0.11162702589598156,0.15596266292641303,-0.005887861615128331
CCN(C(=O)c1cccc(-c2cccc(C(=O)N(CC)c3cc(C)ccc3C)n2)n1)c1cc(C)ccc1C,9,0.0,1648.6081524407823,-0.019322698690302786,1,0.02994699567698649,-0.16840829126795143,0.0008692083997630107
CCN(C(=O)c1cccc(-c2cccc(C(=O)N(CC)c3cc(C)ccc3C)n2)n1)c1cc(C)ccc1C,10,-0.13469857399999993,1716.1738920782689,0.9588107103863877,1,-0.1112443101636135,0.1461027241298325,-0.0029857853922165
CCN(C(=O)c1cccc(-c2cccc(C(=O)N(CC)c3cc(C)ccc3C)n2)n1)c1cc(C)ccc1C,11,-0.0791812459999999,1823.5392620741286,0.24120888191282575,1,-0.06869714674578856,0.021580835258873776,6.407100445082747e-06
CCN(C(=O)c1cccc(-c2cccc(C(=O)N(CC)c3cc(C)ccc3C)n2)n1)c1cc(C)ccc1C,12,-0.06694678999999992,1908.0434666768524,0.23385461130192198,1,-0.038499917125643594,-0.15442427631978717,-0.017243842072705462
CCN(C(=O)c1cccc(-c2cccc(C(=O)N(CC)c3cc(C)ccc3C)n2)n1)c1cc(C)ccc1C,13,-0.039508541000000064,1998.9720674046325,0.3716831917517993,1,-0.07301383475202175,-0.03998608454890018,-0.006980419785395486
CCN(C(=O)c1cccc(-c2cccc(C(=O)N(CC)c3cc(C)ccc3C)n2)n1)c1cc(C)ccc1C,14,-0.20647388800000005,2091.4728299100275,-0.6898699883713562,1,-0.2019252867530952,0.1135278878000463,-0.028819009403051155
CCN(C(=O)c1cccc(-c2cccc(C(=O)N(CC)c3ccc(C)cc3C)n2)n1)c1ccc(C)cc1C,1,-0.12493873700000004,12068.675646305275,1.8421442172716525,1,0.061074589096421425,-0.14710030137393915,0.08447884892647495
CCN(C(=O)c1cccc(-c2cccc(C(=O)N(CC)c3ccc(C)cc3C)n2)n1)c1ccc(C)cc1C,2,-0.1760912590000001,1140.6641508878363,0.31523628082459254,1,-0.0743547595760835,-0.29603297968014886,-0.018720545247714104
CCN(C(=O)c1cccc(-c2cccc(C(=O)N(CC)c3ccc(C)cc3C)n2)n1)c1ccc(C)cc1C,3,-0.06694678999999985,1207.5894085679217,0.24825166213759076,1,0.015170802484425927,0.13105460122096702,-0.001158815094756488
CCN(C(=O)c1cccc(-c2cccc(C(=O)N(CC)c3ccc(C)cc3C)n2)n1)c1ccc(C)cc1C,6,0.109144469,1424.6650640079629,0.2949853441300547,1,0.12138646844468694,-0.18496970552132552,-0.012637457652050044
CCN(C(=O)c1cccc(-c2cccc(C(=O)N(CC)c3ccc(C)cc3C)n2)n1)c1ccc(C)cc1C,7,0.146128036,1504.8494016376637,-1.0453419793939247,1,0.11660800976619004,0.15458103249898159,-0.0011681153045866033
CCN(C(=O)c1cccc(-c2cccc(C(=O)N(CC)c3ccc(C)cc3C)n2)n1)c1ccc(C)cc1C,8,-0.07918124600000014,1601.1493220494963,0.9124035852878478,1,0.11959595589598156,0.0786171077011204,-0.010224089498087396
CCN(C(=O)c1cccc(-c2cccc(C(=O)N(CC)c3ccc(C)cc3C)n2)n1)c1ccc(C)cc1C,9,0.07918124600000014,1648.6073796553992,-0.021262479692268244,1,0.10912824167698662,-0.16918107665105708,-0.0010705726022024464
CCN(C(=O)c1cccc(-c2cccc(C(=O)N(CC)c3ccc(C)cc3C)n2)n1)c1ccc(C)cc1C,10,-0.04139268500000015,1716.1764661416062,0.9573864048784344,1,-0.017938421163613712,0.14867678746713864,-0.00441009090016975
CCN(C(=O)c1cccc(-c2cccc(C(=O)N(CC)c3ccc(C)cc3C)n2)n1)c1ccc(C)cc1C,11,-0.037788560999999984,1823.5125774548303,0.23900049829626369,1,-0.027304461745788638,-0.005103784039420134,-0.002201976516116977
CCN(C(=O)c1cccc(-c2cccc(C(=O)N(CC)c3ccc(C)cc3C)n2)n1)c1ccc(C)cc1C,12,0.037788560999999984,1908.0884004501509,0.24047919212625857,1,0.06623543387435632,-0.109490503021334,-0.010619261248368872
CCN(C(=O)c1cccc(-c2cccc(C(=O)N(CC)c3ccc(C)cc3C)n2)n1)c1ccc(C)cc1C,13,-0.189056236,1998.7981837981165,0.3940098075891001,1,-0.22256152975202168,-0.2138696910649287,0.015346196051905292
CCN(C(=O)c1cccc(-c2cccc(C(=O)N(CC)c3ccc(C)cc3C)n2)n1)c1ccc(C)cc1C,14,0.0,2091.6026321784266,-0.6853573999978835,1,0.004548601246904856,0.24333015619913567,-0.024306421029578473
CCN(C(=O)c1cccc(-c2cccc(C(=O)N(CC)c3ccccc3)n2)n1)c1ccccc1,1,0.119186408,12068.545464871444,1.841400723354127,1,0.3051997340964214,-0.27728173520517885,0.08373535500894946
CCN(C(=O)c1cccc(-c2cccc(C(=O)N(CC)c3ccccc3)n2)n1)c1ccccc1,2,0.01749073199999998,1141.0626764169447,0.3206123114641741,1,0.11922723142391659,0.10249254942823427,-0.013344514608132518
CCN(C(=O)c1cccc(-c2cccc(C(=O)N(CC)c3ccccc3)n2)n1)c1ccccc1,3,-0.02877174299999996,1207.7016399419483,0.2541805867435869,1,0.05334584948442582,0.24328597524754514,0.004770109511239656
CCN(C(=O)c1cccc(-c2cccc(C(=O)N(CC)c3ccccc3)n2)n1)c1ccccc1,6,0.11069829800000001,1424.8718250165578,0.3044486614894595,1,0.12294029744468696,0.021791303073541712,-0.003174140292645289
CCN(C(=O)c1cccc(-c2cccc(C(=O)N(CC)c3ccccc3)n2)n1)c1ccccc1,7,0.24832364500000004,1504.7510609362753,-1.0355435034171023,1,0.2188036187661901,0.05624033111052995,0.00863036067223577
CCN(C(=O)c1cccc(-c2cccc(C(=O)N(CC)c3ccccc3)n2)n1)c1ccccc1,8,-0.057991947000000044,1601.4372564395808,0.9229053361277693,1,0.14078525489598165,0.3665514977856219,0.00027766134183404567
CCN(C(=O)c1cccc(-c2cccc(C(=O)N(CC)c3ccccc3)n2)n1)c1ccccc1,9,0.022276394000000088,1648.5755698010748,-0.012255062415533757,1,0.05222338967698658,-0.2009909309754221,0.00793684467453204
CCN(C(=O)c1cccc(-c2cccc(C(=O)N(CC)c3ccccc3)n2)n1)c1ccccc1,10,0.07463361899999987,1716.3229550364995,0.9681611977744069,1,0.09808788283638631,0.29516568236044805,0.006364701995802746
CCN(C(=O)c1cccc(-c2cccc(C(=O)N(CC)c3ccccc3)n2)n1)c1ccccc1,11,0.028028722999999922,1823.5523745627527,0.24379931819476042,1,0.038512822254211265,0.03469332388294788,0.0025968433823797543
CCN(C(=O)c1cccc(-c2cccc(C(=O)N(CC)c3ccccc3)n2)n1)c1ccccc1,12,0.09691001300000013,1908.11215703197,0.2524799685866128,1,0.12535688587435645,-0.08573392120229073,0.0013815152119853735
CCN(C(=O)c1cccc(-c2cccc(C(=O)N(CC)c3ccccc3)n2)n1)c1ccccc1,13,0.037788561000000054,1998.592919841167,0.41415180777312344,1,0.00428326724797836,-0.41913364801439457,0.03548819623592864
CCN(C(=O)c1cccc(-c2cccc(C(=O)N(CC)c3ccccc3)n2)n1)c1ccccc1,14,0.04139268499999993,2091.586530514746,-0.6762838655008636,1,0.045941286246904786,0.2272284925184067,-0.01523288653255861
CCN(C(=O)c1cccc(C(=O)N(CC)c2ccc(C)cc2)n1)c1ccc(C)cc1,1,0.11394335200000003,12068.589463509114,1.8593675240704215,1,0.29995667809642146,-0.2332830975356046,0.10170215572524399
CCN(C(=O)c1cccc(C(=O)N(CC)c2ccc(C)cc2)n1)c1ccc(C)cc1,2,-0.20411998300000003,1141.0274484933486,0.33092185716714084,1,-0.10238348357608343,0.06726462583219472,-0.0030349689051658024
CCN(C(=O)c1cccc(C(=O)N(CC)c2ccc(C)cc2)n1)c1ccc(C)cc1,3,0.16272729799999988,1207.8026331048118,0.2586357476766352,1,0.24484489048442565,0.3442791381110055,0.009225270444287975
CCN(C(=O)c1cccc(C(=O)N(CC)c2ccc(C)cc2)n1)c1ccc(C)cc1,6,0.0,1424.8508051783524,0.31536161358644677,1,0.01224199944468694,0.0007714648681940162,0.007738811804341994
CCN(C(=O)c1cccc(C(=O)N(CC)c2ccc(C)cc2)n1)c1ccc(C)cc1,7,0.09691001299999998,1504.7220156883059,-1.0441713321824864,1,0.06738998676619001,0.027195083141123177,2.531906851732657e-06
CCN(C(=O)c1cccc(C(=O)N(CC)c2ccc(C)cc2)n1)c1ccc(C)cc1,11,-0.0969100129999999,1823.562359100455,0.250853236747389,1,-0.08642591374578856,0.044677861585341816,0.009650761935008356
CCN(C(=O)c1cccc(C(=O)N(CC)c2cccc(C)c2)n1)c1cccc(C)c1,1,0.221848749,12068.603751668803,1.8563377326104273,1,0.4078620750964215,-0.21899493784621882,0.09867236426524983
CCN(C(=O)c1cccc(C(=O)N(CC)c2cccc(C)c2)n1)c1cccc(C)c1,2,0.22184874999999998,1141.0039418811048,0.3325064517262035,1,0.3235852494239166,0.04375801358833087,-0.0014503743461031227
CCN(C(=O)c1cccc(C(=O)N(CC)c2cccc(C)c2)n1)c1cccc(C)c1,3,0.0,1207.8538142890143,0.2585648634985773,1,0.08211759248442578,0.3954603223135109,0.00915438626623008
CCN(C(=O)c1cccc(C(=O)N(CC)c2cccc(C)c2)n1)c1cccc(C)c1,6,0.037788560999999984,1424.8583374729742,0.3126794942390916,1,0.05003056044468693,0.008303759489990625,0.005056692456986811
CCN(C(=O)c1cccc(C(=O)N(CC)c2cccc(C)c2)n1)c1cccc(C)c1,7,0.1383026980000001,1504.75035361754,-1.040759515445643,1,0.10878267176619016,0.05553301237523556,0.003414348643695053
CCN(C(=O)c1cccc(C(=O)N(CC)c2ccccc2C)n1)c1ccccc1C,1,-0.30102999499999983,12068.582581881186,1.850458627808166,1,-0.11501666890357837,-0.24016472546281875,0.09279325946298855
CCN(C(=O)c1cccc(C(=O)N(CC)c2ccccc2C)n1)c1ccccc1C,2,-0.22184875,1141.0620579982533,0.33503930506822144,1,-0.1201122505760834,0.10187413073686002,0.001082478995914793
CCN(C(=O)c1cccc(C(=O)N(CC)c2ccccc2C)n1)c1ccccc1C,3,-0.11394335200000003,1207.8493126087778,0.25350290322330693,1,-0.031825759515574245,0.39095864207706654,0.004092425990959686
CCN(C(=O)c1cccc(C(=O)N(CC)c2ccccc2C)n1)c1ccccc1C,6,0.04139268500000015,1424.845402361614,0.3181358878168794,1,0.053634684444687095,-0.004631351870102662,0.010513086034774632
CCN(C(=O)c1cccc(C(=O)N(CC)c2ccccc2C)n1)c1ccccc1C,7,0.09691001299999998,1504.732192731591,-1.0432414778492785,1,0.06738998676619001,0.03737212642636223,0.0009323862400596461
CCN(CC)C(=O)COCC(=O)N(CC)CC,1,-0.28119575699132143,12068.50107688152,1.687225381182543,5,-0.09518243089489997,-0.3216697251300502,-0.07043998716263444
CCN(CC)C(=O)COCC(=O)N(CC)CC,2,-0.10819672131147536,1141.2545544630323,0.3662275926926668,5,-0.006460221887558751,0.29437059551582934,0.03227076662036016
CCN(CC)C(=O)COCC(=O)N(CC)CC,3,0.007521697203470801,1207.6519322109039,0.26820535333672524,5,0.08963928968789658,0.19357824420308134,0.018794876104377994
CCN(CC)C(=O)COCC(=O)N(CC)CC,6,0.039922854387657566,1424.7216002790963,0.31655920728098863,5,0.05216485383234451,-0.12843343438794363,0.00893640549888386
CCN(CC)C(=O)COCC(=O)N(CC)CC,7,0.10298939247830205,1504.7597589861844,-1.025552262810379,5,0.0734693662444921,0.06493838101960137,0.018621601278959066
CCN(CC)C(=O)COCC(=O)N(CC)CC,14,0.025458052073288617,2091.6142172595873,-0.6577874547165266,5,0.030006653320193474,0.25491523735990995,0.003263524251778449
CCc1ccc(N(CC)C(=O)c2ccc3ccc4ccc(C(=O)N(CC)c5ccc(CC)cc5)nc4c3n2)cc1,1,0.39794000799999996,12068.58588790482,1.820554170489686,1,0.5839533340964214,-0.2368587018299877,0.06288880214450843
CCc1ccc(N(CC)C(=O)c2ccc3ccc4ccc(C(=O)N(CC)c5ccc(CC)cc5)nc4c3n2)cc1,2,0.34678748700000006,1141.0815891626514,0.32669143809243906,1,0.44852398642391667,0.12140529513499132,-0.007265387979867588
CCc1ccc(N(CC)C(=O)c2ccc3ccc4ccc(C(=O)N(CC)c5ccc(CC)cc5)nc4c3n2)cc1,3,0.10914446899999986,1207.7409461237066,0.2530310856095639,1,0.19126206148442565,0.2825921570058654,0.003620608377216644
CCc1ccc(N(CC)C(=O)c2ccc3ccc4ccc(C(=O)N(CC)c5ccc(CC)cc5)nc4c3n2)cc1,6,0.301029996,1424.9510660786832,0.3082973037535339,1,0.313271995444687,0.10103236519898928,0.0006745019714291534
CCc1ccc(N(CC)C(=O)c2ccc3ccc4ccc(C(=O)N(CC)c5ccc(CC)cc5)nc4c3n2)cc1,7,0.07058107400000002,1504.7299901666524,-1.0308223409924722,1,0.041061047766190066,0.03516956148769168,0.013351523096865936
CCc1ccc(N(CC)C(=O)c2ccc3ccc4ccc(C(=O)N(CC)c5ccc(CC)cc5)nc4c3n2)cc1,8,0.08432088599999998,1601.4436490842709,0.9240604049145986,1,0.2830980878959817,0.37294414247571694,0.0014327301286634064
CCc1ccc(N(CC)C(=O)c2ccc3ccc4ccc(C(=O)N(CC)c5ccc(CC)cc5)nc4c3n2)cc1,9,0.03218468299999999,1648.603127036402,-0.023746534501242422,1,0.06213167867698648,-0.17343369564832756,-0.003554627411176625
CCc1ccc(N(CC)C(=O)c2ccc3ccc4ccc(C(=O)N(CC)c5ccc(CC)cc5)nc4c3n2)cc1,10,0.26884531300000003,1714.6341181214273,0.9716961077756423,1,0.29229957683638647,-1.3936712327117675,0.009899611997038149
CCc1ccc(N(CC)C(=O)c2ccc3ccc4ccc(C(=O)N(CC)c5ccc(CC)cc5)nc4c3n2)cc1,11,0.066946789,1823.2014274500343,0.25571996011603915,1,0.07743088825421135,-0.3162537888354109,0.014517485303658484
CCc1ccc(N(CC)C(=O)c2ccc3ccc4ccc(C(=O)N(CC)c5ccc(CC)cc5)nc4c3n2)cc1,12,0.47712125499999997,1912.0044851697041,0.25531482247879467,1,0.5055681278743563,3.8065942165319484,0.004216369104167228
CCc1ccc(N(CC)C(=O)c2ccc3ccc4ccc(C(=O)N(CC)c5ccc(CC)cc5)nc4c3n2)cc1,13,0.04575749099999999,1999.0177423913187,0.3850450692893901,1,0.012252197247978297,0.005688902137308105,0.006381457752195285
CCc1ccc(N(CC)C(=O)c2ccc3ccc4ccc(C(=O)N(CC)c5ccc(CC)cc5)nc4c3n2)cc1,14,0.051152521999999985,2091.4935312726884,-0.6969844132518119,1,0.05570112324690484,0.1342292504609759,-0.035933434283506926
CN(C(=O)CC(=O)N(C)c1ccccc1)c1ccccc1,1,-0.12493873700000013,12068.943937082335,1.7813380762813722,1,0.06107458909642133,0.12119047568558017,0.023672707936194692
CN(C(=O)CC(=O)N(C)c1ccccc1)c1ccccc1,2,0.0,1140.8605315687948,0.2962824842447844,1,0.1017364994239166,-0.09965229872159398,-0.03767434182752222
CN(C(=O)CC(=O)N(C)c1ccccc1)c1ccccc1,3,0.07058107500000088,1207.5443117517243,0.25702453580925066,1,0.15269866748442668,0.08595778502353824,0.007614058576903421
CN(C(=O)CC(=O)N(C)c1ccccc1)c1ccccc1,6,0.14612803599999746,1424.8116674167786,0.32341279786578525,1,0.1583700354446844,-0.038366296705589775,0.01578999608368048
CN(C(=O)CC(=O)N(C)c1ccccc1)c1ccccc1,7,0.022276395000003557,1504.6619561344633,-1.0499585948027743,1,-0.007243631233806398,-0.03286447070149734,-0.005784730713436215
CN(C(=O)CC(=O)N(C)c1ccccc1)c1ccccc1,8,-0.0045476280000014135,1601.1747824708311,0.9249784112475936,1,0.19422957389598028,0.10407752903597611,0.002350736461658398
CN(C(=O)CC(=O)N(C)c1ccccc1)c1ccccc1,9,0.013788284000000317,1648.480892885299,-0.022784547303672298,1,0.04373527967698681,-0.29566784675125746,-0.0025926402136065008
CN(C(=O)CC(=O)N(C)c1ccccc1)c1ccccc1,10,0.01424044000000002,1716.2825010821043,0.9540782852373013,1,0.037694703836386456,0.2547117279652866,-0.007718210541302839
CN(C(=O)CC(=O)N(C)c1ccccc1)c1ccccc1,11,0.051152521999997536,1823.2876664787982,0.22551844405325028,1,0.06163662125420888,-0.23001476007152633,-0.015684030759130385
CN(C(=O)CC(=O)N(C)c1ccccc1)c1ccccc1,12,-0.90982337,1908.0246101871276,0.2394634374186353,1,-0.8813764971256437,-0.17328076604462694,-0.011635015955992145
CN(C(=O)CC(=O)N(C)c1ccccc1)c1ccccc1,13,1.1139433530000036,1999.3773817972274,0.3462846353504574,1,1.0804380592479819,0.36532830804594596,-0.03237897618673741
CN(C(=O)CC(=O)N(C)c1ccccc1)c1ccccc1,14,0.39794000800000173,2090.9685658337876,-0.6608640900485625,1,0.4024886092469066,-0.3907361884398597,0.00018688891974250055
CN(C(=O)COCC(=O)N(C)c1ccccc1)c1ccccc1,1,-0.13903085171876423,12068.70763683122,1.7179476754636198,4,0.046982474377657235,-0.1151097754300281,-0.03971769288155769
CN(C(=O)COCC(=O)N(C)c1ccccc1)c1ccccc1,2,-0.04981421728936312,1140.9012826377934,0.33534508728007495,4,0.05192228213455349,-0.0589012297230056,0.0013882612077683043
CN(C(=O)COCC(=O)N(C)c1ccccc1)c1ccccc1,3,-0.022898646908059647,1207.6366890437482,0.25846548918934786,4,0.05921894557636613,0.17833507704744989,0.00905501195700062
CN(C(=O)COCC(=O)N(C)c1ccccc1)c1ccccc1,6,-0.11491077538991826,1424.7032400966136,0.3160123001862303,5,-0.10266877594523131,-0.1467936168705819,0.008389498404125506
CN(C(=O)COCC(=O)N(C)c1ccccc1)c1ccccc1,7,-0.04372207168649443,1504.7028597123556,-1.024223331551184,5,-0.0732420979203044,0.008039107190825234,0.019950532538154153
CN(C(=O)COCC(=O)N(C)c1ccccc1)c1ccccc1,10,-0.14359519017076325,1716.2843340666677,0.9737996701387601,4,-0.12014092633437681,0.2565447125286937,0.012003174360155966
CN(C(=O)COCC(=O)N(C)c1ccccc1)c1ccccc1,13,-0.011728215831044608,1998.9181057012563,0.40540680129470275,4,-0.0452335095830663,-0.09394778792511715,0.026743189757507946
CN(C(=O)c1cccc(C(=O)N(C)c2ccccc2)n1)c1ccccc1,1,0.025356167847369562,12068.580559988808,1.8477466020594875,4,0.211369493943791,-0.24218661784107098,0.09008123371430998
CN(C(=O)c1cccc(C(=O)N(C)c2ccccc2)n1)c1ccccc1,2,-0.1525175270314979,1140.8330566313866,0.3200758699913422,4,-0.0507810276075813,-0.1271272361298088,-0.013880956080964457
CN(C(=O)c1cccc(C(=O)N(C)c2ccccc2)n1)c1ccccc1,3,0.04432421711466386,1207.8309175918448,0.24793515220426343,4,0.12644180959908963,0.3725636251440392,-0.0014753250280838126
CN(C(=O)c1cccc(C(=O)N(C)c2ccccc2)n1)c1ccccc1,6,0.027146206849191556,1424.6954283589116,0.30478665398140947,4,0.0393882062938785,-0.1546053545725954,-0.002836147800695299
CN(C(=O)c1cccc(C(=O)N(C)c2ccccc2)n1)c1ccccc1,7,0.3024151683741283,1504.7626994588077,-1.0481844921077936,4,0.27289514214031835,0.06787885364292379,-0.004010628018455531
COCCN(CCOC)C(=O)COCC(=O)N(CCOC)CCOC,6,-0.04999999999999982,1425.046984876054,0.2759396594183272,1,-0.03775800055531288,0.19695116256980327,-0.03168314236377756
COCCN(CCOC)C(=O)COCC(=O)N(CCOC)CCOC,7,0.0,1504.2223322058799,-1.0245209197878467,1,-0.029520026233809955,-0.4724883992848845,0.01965294430149145
COCCN(CCOC)C(=O)COCC(=O)N(CCOC)CCOC,8,0.05999999999999994,1601.1542241416,0.8804894312293072,1,0.25877720189598163,0.08351919980486855,-0.042138243556627986
COCCN(CCOC)C(=O)COCC(=O)N(CCOC)CCOC,9,0.020000000000000018,1650.2565998838054,-0.0345574511261475,1,0.04994699567698651,1.4800391517551361,-0.014365544036081701
COCCN(CCOC)C(=O)COCC(=O)N(CCOC)CCOC,10,-0.01000000000000012,1716.0504599373198,0.9290596217888378,1,0.013454263836386319,0.02267058318079762,-0.032736873989766324
COCCN(CCOC)C(=O)COCC(=O)N(CCOC)CCOC,11,0.019999999999999907,1823.4550186704582,0.22407534772037252,1,0.030484099254211253,-0.06266256841149698,-0.017127127092008143
COCCN(CCOC)C(=O)COCC(=O)N(CCOC)CCOC,12,-0.029999999999999805,1908.1466446620284,0.22366817079500834,1,-0.0015531271256434762,-0.05124629114379786,-0.027430282579619103
COCCN(CCOC)C(=O)COCC(=O)N(CCOC)CCOC,13,-0.040000000000000036,1998.8927892621332,0.3525870892410694,1,-0.07350529375202172,-0.1192642270482338,-0.026076522296125393
COCCN(CCOC)C(=O)COCC(=O)N(CCOC)CCOC,14,-0.04999999999999993,2091.285019872192,-0.6627954878345008,1,-0.045451398753095076,-0.07428215003528749,-0.0017445088661958152
O=C(COCC(=O)N1CCCCC1)N1CCCCC1,1,0.019999999999999796,12068.68812229039,1.6796401442998103,1,0.20601332609642126,-0.13462431625885074,-0.07802522404536716
O=C(COCC(=O)N1CCCCC1)N1CCCCC1,2,0.050000000000000044,1140.9736451608223,0.35127964860885186,1,0.15173649942391665,0.013461293305908839,0.017322822536545213
O=C(COCC(=O)N1CCCCC1)N1CCCCC1,3,-0.029999999999999805,1207.6778545180728,0.2640767452012369,1,0.052117592484425976,0.21950055137199342,0.014666267968889674
O=C(COCC(=O)N1CCCCC1)N1CCCCC1,6,-0.04999999999999993,1424.6292544114483,0.3058574826027325,1,-0.03775800055531299,-0.22077930203590768,-0.0017653191793722822
O=C(COCC(=O)N1CCCCC1)N1CCCCC1,7,0.009999999999999676,1504.8015906867488,-1.0247417285954725,1,-0.01952002623381028,0.10677008158404533,0.019432135493865577
O=C(COCC(=O)N1CCCCC1)N1CCCCC1,8,0.050000000000000044,1601.3221500170175,0.948822569320555,1,0.24877720189598174,0.2514450752223638,0.02619489453461976
O=C(COCC(=O)N1CCCCC1)N1CCCCC1,9,0.02000000000000024,1648.5079857659014,0.0049970797322203,1,0.04994699567698673,-0.26857496614888987,0.025188986822286097
O=C(COCC(=O)N1CCCCC1)N1CCCCC1,10,-0.01000000000000012,1716.3272721341427,0.9908792556489061,1,0.013454263836386319,0.2994827800037001,0.029082759870301955
O=C(COCC(=O)N1CCCCC1)N1CCCCC1,11,0.02000000000000013,1823.4655939307365,0.26533321004899335,1,0.030484099254211475,-0.05208730813319562,0.024130735236612688
O=C(COCC(=O)N1CCCCC1)N1CCCCC1,12,-0.03000000000000025,1908.1522822610532,0.28136177084002156,1,-0.0015531271256439202,-0.045608692119003535,0.030263317465394124
O=C(COCC(=O)N1CCCCC1)N1CCCCC1,13,-0.029999999999999805,1998.9984586510454,0.3792452814061562,1,-0.06350529375202149,-0.01359483813598672,0.0005816698689614097
O=C(COCC(=O)N1CCCCC1)N1CCCCC1,14,-0.04999999999999993,2091.350178715551,-0.616146099478101,1,-0.045451398753095076,-0.00912330667642891,0.04490487949020405
O=C(c1cc(Cl)c2ccc3c(Cl)cc(C(=O)N4CCCC4)nc3c2n1)N1CCCC1,1,0.0,12068.58669289398,1.8032538505549383,1,0.18601332609642146,-0.23605371266967268,0.04558848220976075
O=C(c1cc(Cl)c2ccc3c(Cl)cc(C(=O)N4CCCC4)nc3c2n1)N1CCCC1,2,0.05236767499999995,1140.8626007232253,0.333012087053703,1,0.15410417442391655,-0.09758314429109305,-0.0009447390186036464
O=C(c1cc(Cl)c2ccc3c(Cl)cc(C(=O)N4CCCC4)nc3c2n1)N1CCCC1,3,0.014981611999999922,1207.8100792229498,0.25861137811125445,1,0.0970992044844257,0.351725256248983,0.009200900878907209
O=C(c1cc(Cl)c2ccc3c(Cl)cc(C(=O)N4CCCC4)nc3c2n1)N1CCCC1,6,0.05063740950000062,1424.7800822510383,0.3075835647518943,1,0.06287940894468756,-0.06995146244594252,-3.9237030210470536e-05
O=C(c1cc(Cl)c2ccc3c(Cl)cc(C(=O)N4CCCC4)nc3c2n1)N1CCCC1,7,0.19678760149999897,1504.791186098896,-1.0206668237774466,1,0.16726757526618902,0.09636549373135495,0.023507040311891547
O=C(c1cc(Cl)c2ccc3c(Cl)cc(C(=O)N4CCCC4)nc3c2n1)N1CCCC1,8,-0.07306401799999973,1601.3831622369653,0.9335209099094754,1,0.12571318389598196,0.3124572951701339,0.010893235123540235
O=C(c1cc(Cl)c2ccc3c(Cl)cc(C(=O)N4CCCC4)nc3c2n1)N1CCCC1,9,-0.025576260999999656,1648.563372729056,0.0020830990883951017,1,0.004370734676986836,-0.21318800299422946,0.0222750061784609
O=C(c1cc(Cl)c2ccc3c(Cl)cc(C(=O)N4CCCC4)nc3c2n1)N1CCCC1,10,-0.05187471900000018,1716.362088540551,0.983342428337437,1,-0.02842045516361374,0.334299186411954,0.02154593255883286
O=C(c1cc(Cl)c2ccc3c(Cl)cc(C(=O)N4CCCC4)nc3c2n1)N1CCCC1,11,0.011138197500000668,1823.5466416915724,0.2561817443743166,1,0.021622296754212015,0.028960452702676776,0.01497926956193596
O=C(c1cc(Cl)c2ccc3c(Cl)cc(C(=O)N4CCCC4)nc3c2n1)N1CCCC1,12,-0.011138197500000668,1908.1368586840008,0.2683558941816955,1,0.01730867537435566,-0.06103226917139182,0.017257440807068036
O=C(c1cc(Cl)c2ccc3c(Cl)cc(C(=O)N4CCCC4)nc3c2n1)N1CCCC1,13,0.20238971700000108,1999.5162400609638,0.3925787137654879,1,0.1688844232479794,0.5041865717823839,0.01391510222829312
O=C(c1cc(Cl)c2ccc3c(Cl)cc(C(=O)N4CCCC4)nc3c2n1)N1CCCC1,14,-0.17951097150000117,2091.9462917301275,-0.6694832601911003,1,-0.17496237025309633,0.5869897079001021,-0.008432281222795268
c1ccc2c(c1)OCCOCCOc1ccccc1OCCOCCO2,2,0.3245110920000003,1141.1030243772507,0.40312487526171026,1,0.4262475914239169,0.142840509734242,0.06916804918940361
