config,preset,model,r2_overall,r2_between,r2_within,r2_within_composition,sel_logSF_r2,sel_spearman_mean,mae,d_r2_overall,d_r2_overall_lo,d_r2_overall_hi,d_r2_overall_p_better,d_r2_between,d_r2_between_lo,d_r2_between_hi,d_r2_between_p_better,d_r2_within,d_r2_within_lo,d_r2_within_hi,d_r2_within_p_better,d_r2_within_composition,d_r2_within_composition_lo,d_r2_within_composition_hi,d_r2_within_composition_p_better,d_mae,d_mae_lo,d_mae_hi,d_mae_p_better
BEST +G5,plus_g5,anchored:catboost,0.5342866927188066,0.7611377578273337,0.31928531975563457,0.34954924306103097,0.41570399280105985,0.6106875090796708,0.8783171506003762,0.006702693130681614,-0.01689846403633135,0.02880988102579364,0.6725,0.009087480190187125,-0.0162727045761913,0.0327289548095733,0.745,0.004442476755796343,-0.04777952740001045,0.035643844976253135,0.53,-0.012151408399973973,-0.04594714652291934,0.03074389149061266,0.305,0.0023220282007230253,-0.02035683597610171,0.03350199717643948,0.5425
BEST 2D: cat+wts+anchored+clip,baseline_2d,anchored:catboost,0.533820359298167,0.7492086145660126,0.3296830298984811,0.36194642610459415,0.4314385997895479,0.6441723516057238,0.8772428506162926,0.006236359710041994,-0.011423991467704031,0.02173801117120168,0.69,-0.002841663071133982,-0.012981912386934729,0.004261706891279737,0.26,0.01484018689864286,-0.021456764031040597,0.03631131276934359,0.73,0.00024577464358921386,-0.020928089929836535,0.03767399389783942,0.555,0.0012477282166394321,-0.013802743312265242,0.02267997559833664,0.555
delta-learning 2D only,baseline_2d,pairwise:catboost,0.5316667836368343,0.7520502776371468,0.32279514459110203,0.3752914141078115,0.3674376832990033,0.5731544177804206,0.8809894252196775,0.00408278404870932,-0.001430464013788174,0.01427457215915995,0.8575,1.1102230246251565e-16,-1.1102230246251565e-16,3.3306690738754696e-16,0.6725,0.00795230159126381,-0.0026976684412320815,0.03188226017414644,0.8575,0.013590762646806587,-0.004592042290580255,0.054612812197617176,0.8575,0.004994302820024332,-0.003590389789385834,0.010478398553938088,0.8025
"anchored, 2D only",baseline_2d,anchored:catboost,0.5296577746374429,0.7520502776371468,0.3188820682999929,0.34898761013015067,0.42823935991111994,0.6342253853128442,0.8815008868516379,0.0020737750493179385,-0.01682056244930408,0.0182032226744772,0.5175,-1.1102230246251565e-16,-1.1102230246251565e-16,0.0,0.0175,0.0040392253001546585,-0.03793965165321709,0.02918099111839102,0.5175,-0.012713041330854269,-0.03182956647945592,0.009666644566218116,0.1975,0.005505764451984696,-0.01044935970960525,0.029155440886471977,0.6525
delta-learning + G5,plus_g5,pairwise:catboost,0.5283385614790416,0.7561339465391639,0.3124421956446112,0.3574868176977031,0.35491290269706,0.5774380250410908,0.8838594445340261,0.0007545618909166052,-0.01901484211015227,0.02168032029156508,0.545,0.004083668902017057,-0.019339253198888472,0.03388608021382604,0.61,-0.002400647355226937,-0.04495198375598953,0.024912497336997866,0.4725,-0.004213833763301866,-0.061874543147184685,0.04544129146529121,0.475,0.007864322134372936,-0.01790214040885807,0.029998869904924747,0.7125
BEST 2D clip only (control),baseline_2d,catboost,0.5282630995573072,0.7492086145660126,0.31885879698460073,0.37131829763188207,0.4608342972570304,0.6488235874193181,0.8763507343167221,0.0006790999691822508,-0.005721674633243184,0.011091557984550448,0.58,-0.002841663071134204,-0.01298191238693484,0.004261706891279626,0.26,0.00401595398476251,-0.005884989743207425,0.025431932161187307,0.7275,0.009617646170877125,-0.0019192928872269865,0.03583547859973687,0.8725,0.0003556119170688987,-0.010396051667662238,0.007261396034926219,0.5175
"baseline 2D, CatBoost + group wts",baseline_2d,catboost,0.527583999588125,0.7520502776371468,0.31484284299983833,0.36170065146100494,0.4578233159918048,0.639568697770826,0.8759951223996532,,,,,,,,,,,,,,,,,,,,
anchored + G5,plus_g5,anchored:catboost,0.526447915044137,0.7561339465391639,0.3087596617477816,0.3368551062133329,0.4139871966370857,0.6111206234045723,0.886785840772213,-0.0011360845439879474,-0.024955444686978995,0.02063638728395392,0.45,0.004083668902017057,-0.01933925319888825,0.03388608021382604,0.61,-0.006083181252056646,-0.06160591724743482,0.026379319055422137,0.38,-0.024845545247671907,-0.05904009386945186,0.004741139273732272,0.085,0.010790718372559849,-0.011782772807341807,0.041538274312310636,0.755
"baseline 2D, CatBoost",baseline_2d,catboost,0.5244473537274442,0.7536293414818496,0.30723681516527,0.361674286624035,0.43896358909755195,0.6109985743125099,0.8798748024715202,-0.0031366458606807424,-0.01902199130362932,0.01023648423941271,0.3375,0.001579063844702966,-0.02214567219660819,0.0282577250424051,0.5025,-0.0076060278345682075,-0.03457174195254546,0.0066591273657633674,0.2175,-2.6364836970049765e-05,-0.017952570590596063,0.011739658250529961,0.4725,0.003879680071867009,-0.0095687709350267,0.024201544736723365,0.6525
+ curated g_core,core3d_qc,catboost,0.5238287983118033,0.7602431317143894,0.2997636997176576,0.337603166674348,0.4277413242625576,0.5978293356726772,0.8832004685383305,-0.0037552012763216736,-0.014383980070182434,0.010669282448583447,0.315,0.008192854077242684,-0.0177805884144131,0.030782204886527886,0.715,-0.01507914328218063,-0.03271601993443732,-0.0049549419559872555,0.0075,-0.024097484786656964,-0.03962653988338792,-0.009011679424220067,0.01,0.007205346138677293,-0.010546875739656817,0.019546125766922284,0.7725
+ G5 xTB electronics,plus_g5,catboost,0.5213278219154032,0.7561339465391639,0.2987869264158888,0.3341494831114886,0.40686672217562014,0.6087947053514587,0.8853290212769002,-0.006256177672721797,-0.01800869932502121,0.009138571018698475,0.2075,0.004083668902017279,-0.01933925319888804,0.03388608021382605,0.61,-0.016055916583949448,-0.03903155676765721,-0.0011652187716075515,0.0325,-0.02755116834951643,-0.05381383587744128,-0.005870205965085138,0.0175,0.009333898877247004,-0.010076790222796226,0.025539338055009693,0.82
BEST +CN-free,plus_g15c,anchored:catboost,0.5203441633352831,0.7427476607142836,0.3095580369160825,0.3342101328299494,0.3828015445267958,0.6003426361536756,0.8944567163437783,-0.007239836252841858,-0.0364989463156904,0.018071951157748102,0.285,-0.00930261692286305,-0.04592967069963651,0.02051188597507466,0.2875,-0.005284806083755811,-0.06400433574560202,0.029754880323460214,0.4075,-0.02749051863105556,-0.058353273531338186,0.011903600616375049,0.095,0.018461593944125165,-0.005568128210039151,0.052037335255210954,0.87
+ shipped 3D blocks,plus_p3d_all,catboost,0.5197349136668168,0.7414508455007305,0.3096004374222586,0.3408357201621782,0.3915069039100678,0.5997972796887154,0.8907216814913861,-0.007849085921308174,-0.0248431819728964,0.0036548496893014848,0.1275,-0.01059943213641612,-0.043485227982072175,0.011794696434729813,0.22,-0.005242405577579601,-0.036835768658239114,0.011759968527232913,0.34,-0.020864931298826495,-0.04592576656059286,-0.004201557364825382,0.0225,0.014726559091732927,-0.0022322421806096494,0.034225531993406944,0.9075
anchored + CN-free,plus_g15c,anchored:catboost,0.5164188113497445,0.7415127441654389,0.30308278589224213,0.32514483127957106,0.3817565152522875,0.6083597288498795,0.8983185962595673,-0.02904476609642248,-0.068656200250172,-0.0031093469768010843,0.025,-0.034428464130541125,-0.10662750979153214,0.012414428547189226,0.11,-0.02394228853740843,-0.07231778650154072,0.005226243976520909,0.085,-0.0221886137013404,-0.08248036578688006,0.01859531248762734,0.19,0.037319440594551945,0.009251286081190375,0.07912357012025202,0.98
+ CN-free & metal-free,cnfree_ligand,catboost,0.5122304263108182,0.7054499253373769,0.3291038557827397,0.32692043801612325,0.3757191483531285,0.6181756642866385,0.904581238926301,-0.023035532742958775,-0.0679266098253643,0.01434053908378274,0.155,-0.04660035229976989,-0.10876482853831719,-0.004130947523394141,0.0325,-0.0007016347032030579,-0.09280320868063277,0.05174793247909791,0.4575,-0.04154414016075525,-0.09538375913769594,-0.005113416096016835,0.0275,0.04017037094850995,0.008973268462380909,0.08802746887625122,0.9825
+ G5 & metal-free,g5_ligand,catboost,0.5113737575649564,0.7043757856962058,0.32845329821845315,0.3327523997526347,0.3804182643603641,0.6240115425835393,0.9043384054814361,-0.016210242023168564,-0.06493066680794417,0.02612123027757425,0.2175,-0.04767449194094098,-0.10662147468702046,-0.0051836005333116076,0.0325,0.013610455218614925,-0.08530413729028591,0.06861218717157064,0.545,-0.028948251708370232,-0.09358117357715762,0.008238001166730862,0.13,0.02834328308178291,-0.005685085136130135,0.07903405092494942,0.9075
+ G15c CN-effect removed,plus_g15c,catboost,0.5099999161780706,0.741512744165439,0.29058029012492503,0.32554956144307856,0.3804496985535589,0.5944880012145046,0.8994317947370005,-0.017584083410054352,-0.03387948814793011,0.001013066751258642,0.065,-0.010537533471707827,-0.05546143405206655,0.023486505572445596,0.2775,-0.0242625528749133,-0.05360149711514281,-0.0072903132043823544,0.0025,-0.03615109001792649,-0.0640526482261324,-0.01475616970760375,0.0025,0.023436672337347364,0.0012438138134907187,0.043420486390222064,0.9575
BEST +CN-free & metal-free,cnfree_ligand,anchored:catboost,0.5046326010694835,0.7005108745835148,0.3189861386249505,0.32656136924244905,0.36041819651886553,0.6269482462182461,0.9146678718500779,-0.022951398518641475,-0.06779887301353583,0.015016278670301987,0.1525,-0.051539403053631694,-0.1209716030011327,-0.009421538945188733,0.02,0.0041432956251122866,-0.08893617939031162,0.0543590158843319,0.4925,-0.03513928221855589,-0.08880617614004714,0.009124193724125604,0.0925,0.03867274945042476,0.007275990979190577,0.08432771106018562,0.98
anchored + CN-free & metal-free,cnfree_ligand,anchored:catboost,0.5045484668451662,0.7054499253373769,0.31414120829663517,0.3201565113002498,0.363871132557533,0.6326315382532344,0.9161654933481631,-0.023035532742958775,-0.0679266098253643,0.01434053908378274,0.155,-0.04660035229976989,-0.10876482853831719,-0.004130947523394141,0.0325,-0.0007016347032030579,-0.09280320868063277,0.05174793247909791,0.4575,-0.04154414016075525,-0.09538375913769594,-0.005113416096016835,0.0275,0.04017037094850995,0.008973268462380909,0.08802746887625122,0.9825
BEST +G5 & metal-free,g5_ligand,anchored:catboost,0.5044005939452794,0.696947137173446,0.321911826993431,0.32955184094224854,0.3664212616213709,0.6219552655115637,0.9117517806671623,-0.0231834056428456,-0.0706803009514417,0.018057434383042015,0.1625,-0.055103140463700795,-0.11190007378400209,-0.013419184265248778,0.01,0.007068983993592792,-0.09357085393959406,0.0603562389388761,0.51,-0.0321488105187564,-0.09200490708448067,0.009815084666829873,0.1225,0.03575665826750918,0.002304374299850437,0.08403089082705473,0.975
BEST +metal-free 3D,plus_g14c,anchored:catboost,0.502647772491833,0.6910830839900944,0.3240554847832118,0.33926743629331924,0.38338314623347225,0.6436417597363188,0.9152172751302814,-0.024936227096291952,-0.06850676440165458,0.010835159656976673,0.1275,-0.060967193647052276,-0.1225364235484444,-0.024316933741551496,0.0025,0.009212641783373554,-0.0870076917168015,0.06235935293761629,0.52,-0.022433215167685816,-0.08827738913698535,0.02135714793210109,0.21,0.039222152730628235,0.00882741797850818,0.08454971489276931,0.99
LightGBM delta + inner-sphere,inner_sphere,pairwise:lgbm,0.5022717339324474,0.7269231956295374,0.2893550668674256,0.3950262520705369,0.3909086170413797,0.589679683491664,0.9150198368321485,-0.025312265655677568,-0.05358414388501755,0.006590812417689116,0.1075,-0.025127082007609047,-0.08829079144094859,0.012040498248129068,0.135,-0.0254877761324126,-0.05303576574183016,0.026777053922763114,0.2725,0.033325600609531825,0.009489430519442012,0.0669562033741191,0.9825,0.03902471443249533,0.01219416279784955,0.06169576515344943,0.985
LightGBM anchored + CN-free,plus_g15c,anchored:lgbm,0.4985392334917025,0.7176218135066055,0.2909005544624298,0.33951203775966454,0.34285098840945205,0.5562254087486236,0.9133145629942051,-0.02904476609642248,-0.068656200250172,-0.0031093469768010843,0.025,-0.034428464130541125,-0.10662750979153214,0.012414428547189226,0.11,-0.02394228853740843,-0.07231778650154072,0.005226243976520909,0.085,-0.0221886137013404,-0.08248036578688006,0.01859531248762734,0.19,0.037319440594551945,0.009251286081190375,0.07912357012025202,0.98
+ G14c metal-free family means,plus_g14c,catboost,0.4981578562775172,0.6856843159027934,0.3204269460564494,0.3308652401001073,0.3948028087207832,0.6398321434779648,0.9160198332521348,-0.029426143310607777,-0.08110191679263563,0.011092422208686014,0.1075,-0.06636596173435338,-0.12041288004087419,-0.0316860589817081,0.0,0.005584103056611278,-0.10013524399464623,0.06408070463602497,0.495,-0.030835411360897624,-0.09945058992349348,0.00798568167412063,0.095,0.040024710852481604,0.0069778856333652444,0.09322729291139334,0.9825
"baseline 2D, LightGBM",baseline_2d,lgbm,0.4901343342608061,0.7237313752371459,0.2687393652487804,0.37079353438954143,0.4384141332845146,0.604946806358227,0.9008729628842991,-0.03744966532731886,-0.06564168580128582,-0.008203046813892721,0.0125,-0.028318902400000234,-0.0931286943077649,0.008801705839513122,0.105,-0.04610347775105783,-0.06857173852248737,0.0014367184782019926,0.0525,0.009092882928536383,-0.03490453373435088,0.038041710774154094,0.6275,0.02487784048464592,0.005220942046761702,0.04253601877813823,0.975
+ all 3D (dilution control),all_3d,catboost,0.4867642307147917,0.7087726503829127,0.276352544901482,0.3018193764476088,0.33511438311107766,0.5876253581479322,0.9302091791011536,-0.04081976887333327,-0.0738673257520339,-0.0117156763710215,0.015,-0.04327762725423412,-0.09882201365752849,-0.0009381086500313994,0.0475,-0.038490298098356246,-0.11582773804345925,0.00031929274625791456,0.055,-0.05988127501339613,-0.09571768375125299,-0.02480814562938033,0.0025,0.05421405670150048,0.023184706582369354,0.09599970246784663,1.0
LightGBM + metal-free 3D,plus_g14c,lgbm,0.4840668173113035,0.6502565267274865,0.32655812022964803,0.3812394209745653,0.41732932923204547,0.6489839576648273,0.9278818642817916,-0.04351718227682144,-0.1063717476432238,-0.004470037853000744,0.03,-0.10179375090966003,-0.19271587523714034,-0.05082330307618188,0.0,0.011715277229809917,-0.06408659897840173,0.05397578727872975,0.5775,0.019538769513560372,-0.046488609296206206,0.06064272923832951,0.695,0.05188674188213849,0.014053145740002793,0.11624946655886095,0.9975
+ metal-free 3D only,ligand3d_only,catboost,0.47712514622649016,0.6549992387968402,0.3085424062737032,0.3380424232575838,0.3825521076372669,0.6503482730881881,0.9354080390762903,-0.0504588533616348,-0.10937830526315587,-0.004709226226345372,0.025,-0.0970510388403063,-0.17193030748470717,-0.041422323300507304,0.0,-0.006300436726135006,-0.10457122793938883,0.04782503616596931,0.4,-0.023658228203421117,-0.06832545088481236,0.005526130272254658,0.0925,0.05941291667663717,0.020531874648911343,0.12037103882710985,1.0
+ G13c metal-free family slopes,plus_g13c,catboost,0.4768648350712358,0.6641756231352558,0.2993383306869095,0.3420755955417907,0.3975775793586501,0.6454125232530201,0.9302987034037352,-0.05071916451688918,-0.09610055626490674,-0.012135929226538734,0.0125,-0.0878746545018908,-0.1300785789395823,-0.04430181045414728,0.005,-0.015504512312928709,-0.08087186912692394,0.01937409193906721,0.235,-0.019625055919214263,-0.05184156969075201,-0.000217546861752577,0.05,0.05430358100408206,0.018564120172058485,0.10668068337887725,1.0
