extractant_name,n,bias,mae,sd_logD,error_share_from_offset,extractant_group
C5BTBP,250,1.1882837289854087,1.2970151737975026,1.180865227199662,0.045320547506436236,CCCCCc1nnc(-c2cccc(-c3cccc(-c4nnc(CCCCC)c(CCCCC)n4)n3)n2)nc1CCCCC
2-6-bis(dioctylphosphorylmethyl)-1-oxidopyridin-1-ium,28,-2.9053580490089623,2.9053580490089628,0.3733895157778529,0.03034395547320445,CCCCCCCCP(=O)(CCCCCCCC)Cc1cccc(CP(=O)(CCCCCCCC)CCCCCCCC)[n+]1[O-]
DMDO-HPyranDGA,72,-1.3656874440007991,1.4551186012732849,1.1045991237515416,0.017240504406885893,CCCCCCCCCCCCN(C)C(=O)C1CC(OC)CC(C(=O)N(C)CCCCCCCCCCCC)O1
DHD2DGA,215,-0.7071385321582145,0.7852093195931458,0.7961334333141652,0.013802644536884377,CCCCCCCCCCN(CCCCCCCCCC)C(=O)COCC(=O)N(CCCCCC)CCCCCC
TWE-24,6,-4.092850599618115,4.092850599618115,0.7500574573219447,0.01290380741271591,CCCCOP(=S)(CP(=S)(OCCCC)OCCCC)OCCCC
mTDDGA,45,-1.4764683370561644,1.4764683370561649,0.7188879872944712,0.012594346220228082,CCCCCCCCCCN(CCCCCCCCCC)C(=O)C(C)OC(C)C(=O)N(CCCCCCCCCC)CCCCCCCCCC
DBD1MHDGA,134,-0.6583904702218777,0.7422389457937407,0.849592744854936,0.00745738747353745,CCCCCCC(C)N(CCCC)C(=O)COCC(=O)N(CCCC)C(C)CCCCCC
N-N-dimethyl-N-N-diphenylpropanediamide,14,1.9765931841841975,1.9765931841841975,0.3396211140296656,0.00702226898512652,CN(C(=O)CC(=O)N(C)c1ccccc1)c1ccccc1
DPiperidineDGA,14,1.8439137956620575,1.8439137956620577,0.03495680222757828,0.0061111662869934935,O=C(COCC(=O)N1CCCCC1)N1CCCCC1
2-(2-hexoxyethyl)-N-N-dimethyl-N-N-dioctylpropanediamide,52,0.945403839722043,1.0240108609656935,1.3621135926422387,0.005966956964880032,CCCCCCCCN(C)C(=O)C(CCOCCCCCC)C(=O)N(C)CCCCCCCC
TEtOMeDGA,14,1.5895799765520533,1.5895799765520533,0.036411868612090906,0.004541587029566367,COCCN(CCOC)C(=O)COCC(=O)N(CCOC)CCOC
T8-PHEN-CAM,35,0.9789275951311491,1.0167234508815635,0.8509201631304638,0.00430609914356707,CCCCCCCCN(CCCCCCCC)C(=O)c1ccc2ccc3ccc(C(=O)N(CCCCCCCC)CCCCCCCC)nc3c2n1
CyMe4-BTTP,11,1.7276375562676292,1.7276375562676292,0.4284083783045114,0.0042151476923851395,CC1(C)CCC(C)(C)c2nc(-c3cccc(-c4cccc(-c5cccc(-c6nnc7c(n6)C(C)(C)CCC7(C)C)n5)n4)n3)nnc21
CyMe4-BTPhen,6,-2.270510699613712,2.270510699613712,0.5939206167929916,0.003971121677733219,CC1(C)CCC(C)(C)c2nc(-c3ccc4ccc5ccc(-c6nnc7c(n6)C(C)(C)CCC7(C)C)nc5c4n3)nnc21
2-N-9-N-diethyl-2-N-9-N-bis(4-ethylphenyl)-1-10-phenanthroline-2-9-dicarboxamide,14,-1.4294094146934806,1.4294094146934806,0.8820314023923685,0.0036724521883806046,CCc1ccc(N(CC)C(=O)c2ccc3ccc4ccc(C(=O)N(CC)c5ccc(CC)cc5)nc4c3n2)cc1
TEHDGA,185,0.3862184395149421,1.0099920167280878,1.472751895062585,0.0035428484586465104,CCCCC(CC)CN(CC(CC)CCCC)C(=O)COCC(=O)N(CC(CC)CCCC)CC(CC)CCCC
DOODA (C12),202,0.3597792045760953,0.7577936030152197,0.7793978700937488,0.0033568993681479154,CCCCCCCCCCCCN(CCCCCCCCCCCC)C(=O)COCCOCC(=O)N(CCCCCCCCCCCC)CCCCCCCCCCCC
DOODA (C8),70,0.6103828321500581,0.9682773179884259,0.9214123497941527,0.0033482470764876313,CCCCCCCCN(CCCCCCCC)C(=O)COCCOCC(=O)N(CCCCCCCC)CCCCCCCC
TWE-29,6,2.0536111848272576,2.0536111848272576,1.3482675822247363,0.003248647056288533,CCCCOP(=S)(COCP(=S)(OCCCC)OCCCC)OCCCC
tMe2-TODGA,14,1.3192662445196217,1.3192662445196217,0.15770111159735403,0.0031282955359498263,CCCCCCCCN(CCCCCCCC)C(=O)[C@H](C)O[C@H](C)C(=O)N(CCCCCCCC)CCCCCCCC
2-9-bis(diphenylphosphoryl)-1-10-phenanthroline,3,-2.6343809376924523,2.6343809376924523,0.4598309139376488,0.002672964823095707,O=P(c1ccccc1)(c1ccccc1)c1ccc2ccc3ccc(P(=O)(c4ccccc4)c4ccccc4)nc3c2n1
N-(4-butyldecyl)-2-[2-[4-butyldecyl(octyl)amino]-2-oxoethoxy]-N-octylacetamide,14,1.2128723126922814,1.2128723126922814,1.43968425321574,0.002644070545758826,CCCCCCCCN(CCCC(CCCC)CCCCCC)C(=O)COCC(=O)N(CCCCCCCC)CCCC(CCCC)CCCCCC
cPSNDGA,14,-1.1746158244390625,1.1746158244390625,0.6642719948264246,0.002479902284736527,CCCCCCCCC(C)(C)SCC1CN(C(=O)COCC(=O)N2CC(C)C(CSC(C)(C)CCCCCCCC)C2)CC1C
cMe2-TODGA,14,-1.1699854287167688,1.169985428716769,0.6051653271019531,0.0024603890182784876,CCCCCCCCN(CCCCCCCC)C(=O)[C@H](C)O[C@@H](C)C(=O)N(CCCCCCCC)CCCCCCCC
TBDGA,240,-0.2800772145233242,0.8843108204188825,0.9051996195691139,0.002417027752931002,CCCCN(CCCC)C(=O)COCC(=O)N(CCCC)CCCC
DMDetHDGA,14,-1.0829564291698115,1.0829564291698115,0.6465329191852247,0.002107972018998432,CCCCC(CC)CN(C)C(=O)COCC(=O)N(C)CC(CC)CCCC
DPDDdDGA,26,-0.783695030731044,0.8188036355316265,0.9154717696609261,0.0020501345858426356,CCCCCCCCCCCCN(CCC)C(=O)COCC(=O)N(CCC)CCCCCCCCCCCC
6-19-dihexyl-7-8-17-18-tetraphenyl-3-6-19-22-tetrazapentacyclo[12.8.0.02-11.04-9.016-21]docosa-1(22)-2-4(9)-7-10-12-14-16(21)-17-nonaene-5-20-dione,28,-0.7539873889113758,1.309268140162041,1.4775528404047733,0.0020436241848402685,CCCCCCn1c(-c2ccccc2)c(-c2ccccc2)c2cc3ccc4cc5c(-c6ccccc6)c(-c6ccccc6)n(CCCCCC)c(=O)c5nc4c3nc2c1=O
2-(dibutylcarbamoyl)benzoic acid,3,-2.2719012424129192,2.2719012424129192,2.020303322463684,0.0019879936420220167,CCCCN(CCCC)C(=O)c1ccccc1C(=O)O
2-N-2-N-9-N-9-N-tetrabutyl-1-10-phenanthroline-2-9-dicarboxamide,14,1.0406048974295525,1.0406048974295525,0.15002223558208128,0.0019463216115016134,CCCCN(CCCC)C(=O)c1ccc2ccc3ccc(C(=O)N(CCCC)CCCC)nc3c2n1
TPrDGA,61,-0.48239256065012587,0.6847006272727364,1.5635057229778786,0.0018224091048443705,CCCN(CCC)C(=O)COCC(=O)N(CCC)CCC
10a,12,-1.0056264157726653,1.3536090472303546,2.3821862815944366,0.0015580070914461383,CCCCCCCCN(CCCCCCCC)C(=O)COC(C)C(=O)N(CCCCCCCC)CCCCCCCC
DEDODGA,14,-0.8939917643610858,0.8939917643610858,0.9593549453080178,0.0014365141557404193,CCCCCCCCN(CC)C(=O)COCC(=O)N(CC)CCCCCCCC
2-[1-(dioctylamino)-1-oxopropan-2-yl]oxy-N-N-dioctylpropanamide,46,0.45821019221199466,0.9235304661300994,1.5853247473222642,0.0012399442540165398,CCCCCCCCN(CCCCCCCC)C(=O)C(C)OC(C)C(=O)N(CCCCCCCC)CCCCCCCC
N-N-didodecyl-2-(1-hexyl-2-oxopiperidin-3-yl)oxyacetamide,14,-0.8157365694025239,1.26927626514239,1.2359021603901916,0.001196031831520326,CCCCCCCCCCCCN(CCCCCCCCCCCC)C(=O)COC1CCCN(CCCCCC)C1=O
N-(4-methylphenyl)-N-octyl-1-10-phenanthroline-2-carboxamide,14,0.7967736634885213,0.7967736634885213,0.31722026574866735,0.001141071386123365,CCCCCCCCN(C(=O)c1ccc2ccc3cccnc3c2n1)c1ccc(C)cc1
DBDDdDGA,22,0.6305601081239133,0.7880166390742427,2.752602936713738,0.0011230277895708618,CCCCCCCCCCCCN(CCCC)C(=O)COCC(=O)N(CCCC)CCCCCCCCCCCC
T8-PHEN-TAM,12,0.8415304108353948,1.0708181707840498,0.934822613637706,0.0010910275422745337,CCCCCCCCN(CCCCCCCC)C(=S)c1ccc2ccc3ccc(C(=S)N(CCCCCCCC)CCCCCCCC)nc3c2n1
DO-PyranDGA,3,1.5834171147960738,1.5834171147960738,0.45983091386080754,0.0009656656042142644,CCCCCCCCCCCCNC(=O)c1cc(=O)cc(C(=O)NCCCCCCCCCCCC)o1
2-hexyl-N-N-dimethyl-N-N-dioctylpropanediamide,9,-0.9075587003732508,0.9075587003732508,0.2054801471847816,0.0009517147425507518,CCCCCCCCN(C)C(=O)C(CCCCCC)C(=O)N(C)CCCCCCCC
DMDOaDGA,7,-0.9966890535520262,0.9966890535520262,1.1596057360677763,0.0008927549262915875,CCCCCCCCN(CCCCCCCC)C(=O)COCC(=O)N(C)C
EsPyTri,5,1.1687781523755267,1.1687781523755267,0.21384171420284284,0.000876897864339594,CCCCCCCCn1cc(-c2cc(CC(=O)O)cc(-c3cn(CCCCCCCC)nn3)n2)nn1
N-methyl-2-[2-[methyl(octyl)amino]-2-oxoethoxy]-N-octylacetamide,449,-0.11964173000578761,0.6959175070542142,1.2600197699610305,0.0008251379234617437,CCCCCCCCN(C)C(=O)COCC(=O)N(C)CCCCCCCC
N-ethyl-6-[6-[ethyl(phenyl)carbamoyl]-2-pyridinyl]-N-phenylpyridine-2-carboxamide,14,0.6690171638104154,0.6690171638104154,0.23576635089534967,0.0008044839678336664,CCN(C(=O)c1cccc(-c2cccc(C(=O)N(CC)c3ccccc3)n2)n1)c1ccccc1
C2-PTA,14,-0.6524692836870838,0.6607750415763208,0.5642527910899748,0.0007651789539813889,CCN(CC)C(=O)c1ccc2ccc3cccnc3c2n1
LL9,23,-0.48812659946320347,0.5320597275908412,1.111101040582853,0.0007035705020543844,CCCCCCCCN(CCCCCCCC)C(=O)COCC(=O)NCCCOCCCNC(=O)COCC(=O)N(CCCCCCCC)CCCCCCCC
L1e,37,0.3843311268624464,0.44003980856709524,1.4175443834777006,0.0007016615538958925,CCCCCCCCN(CCCCCCCC)C(=O)COCC(=O)NCc1cccc(CNC(=O)COCC(=O)N(CCCCCCCC)CCCCCCCC)c1
TEDGA,84,0.2537106695945981,0.6721383430302676,1.4280582792798997,0.0006941791852987299,CCN(CC)C(=O)COCC(=O)N(CC)CC
2-[2-[bis(carboxymethyl)amino]ethyl-(2-hydroxyethyl)amino]acetic acid,8,-0.8204101214089874,0.8204101214089874,0.4634486620717067,0.000691300457895335,O=C(O)CN(CCO)CCN(CC(=O)O)CC(=O)O
p-TODGA-Syn,14,0.6145894195602863,0.6145894195602863,0.3597367421960856,0.0006789112930146939,CCCCCCCCN(CCCCCCCC)C(=O)[C@H](CCC)O[C@H](CCC)C(=O)N(CCCCCCCC)CCCCCCCC
NEA15,12,0.6635941867052891,1.00590196093993,1.9716368406360336,0.0006784240418746113,CCCCCCCCN(CCCCCCCC)C(=O)COC(C(=O)N(CCCCCCCC)CCCCCCCC)c1ccccc1
TWE-30,6,0.9306662346216888,0.9306662346216888,0.31497543075919754,0.0006671968756541423,S=P(COCP(=S)(c1ccccc1)c1ccccc1)(c1ccccc1)c1ccccc1
DODDdDGA,13,-0.628171867073887,0.6753121530188508,1.4377466303749478,0.0006585900354635668,CCCCCCCCCCCCN(CCCCCCCC)C(=O)COCC(=O)N(CCCCCCCC)CCCCCCCCCCCC
TDdDGA,255,-0.1355220063330877,0.754225230200782,1.1689392228370075,0.0006012771000287642,CCCCCCCCCCCCN(CCCCCCCCCCCC)C(=O)COCC(=O)N(CCCCCCCCCCCC)CCCCCCCCCCCC
tBu-CyMe4-BTBP,15,-0.5192027018120311,0.5349149692882117,0.659359697704798,0.0005191346114644381,CC(C)(C)c1cc(-c2cc(C(C)(C)C)cc(-c3nnc4c(n3)C(C)(C)CCC4(C)C)n2)nc(-c2nnc3c(n2)C(C)(C)CCC3(C)C)c1
DODHtDGA,14,0.5362516925652672,0.5362516925652672,0.8553249331756868,0.0005168686910507815,CCCCCCCCN(CCC(C)CC(C)(C)C)C(=O)COCC(=O)N(CCCCCCCC)CCC(C)CC(C)(C)C
TWE-10,2,1.3079793558280288,1.3079793558280288,0.0,0.0004392852417093868,CCCCCCCCN(CCCCCCCC)C(=O)CN(CC(=O)N(CCCCCCCC)CCCCCCCC)C(C)=O
dihexyl hydrogen phosphate,4,-0.9242962792247724,1.472303299929456,1.1951448266452176,0.0004387299061143571,CCCCCCOP(=O)(O)OCCCCCC
N-N-N-N-tetrabutylbutanediamide,5,0.7944887301008041,0.7944887301008041,0.06244669427180393,0.0004051914986244029,CCCCN(CCCC)C(=O)CCC(=O)N(CCCC)CCCC
2-(3-4-dihydroxyphenyl)-3-5-7-trihydroxychromen-4-one,2,-1.2354421179147708,1.2354421179147708,0.19811707683657714,0.0003919129732213079,O=c1c(O)c(-c2ccc(O)c(O)c2)oc2cc(O)cc(O)c12
2-[[2-[bis(carboxymethyl)amino]cyclohexyl]-(carboxymethyl)amino]acetic acid,8,-0.6048762258133231,0.6048762258133231,0.42804372978195154,0.00037578362866887204,O=C(O)CN(CC(=O)O)C1CCCCC1N(CC(=O)O)CC(=O)O
DOpyrDGA,16,-0.4231128646772736,0.7607116846901831,1.1233055312241724,0.0003677454273789936,CCCCCCCCN(CCCCCCCC)C(=O)COCC(=O)N1CCCC1
TWE-16,2,1.1916691570163087,1.1916691570163087,0.0,0.0003646332194561761,CCCCCCCCN(CCCCCCCC)C(=O)c1ccc(C(=O)N(CCCCCCCC)CCCCCCCC)o1
TBi-PE-BisDGA,6,0.6629182771430636,0.6629182771430636,0.5405439376700586,0.0003385213582180896,CCCCN(CCCC)C(=O)COCC(=O)N(CCN(C(=O)COCC(=O)N(CCCC)CCCC)C(C)C)C(C)C
2PQM,6,0.6554375095126329,0.6554375095126329,0.0,0.0003309243099931599,O=C(c1ccccc1)c1ccc2ccccc2n1
2-9-bis(diethoxyphosphoryl)-1-10-phenanthroline,3,-0.9002249370501726,0.9002249370501726,0.25569207089247176,0.0003121319109740745,CCOP(=O)(OCC)c1ccc2ccc3ccc(P(=O)(OCC)OCC)nc3c2n1
TWE-28,6,0.6354228491387341,0.6354228491387341,0.0,0.0003110224540719089,CCOP(=S)(COCP(=S)(OCC)OCC)OCC
TWE-34,6,-0.6074524823440716,0.7382955568679881,0.9576249194822106,0.0002842436104869354,CCCCCCCCN(CCCCCCCC)C(=O)COCP(=O)(CCCC)CCCC
T8-THP-CAM,4,0.7432803598204221,0.7432803598204221,0.17379974903075152,0.00028371359331053167,CCCCCCCCN(CCCCCCCC)C(=O)c1ccc(C(=O)N(CCCCCCCC)CCCCCCCC)s1
HOEtBenDGA,15,-0.3656796046875583,0.7501485285362595,0.9979189402863962,0.0002575179906200023,CCCCCCCCN(CCCCCCCC)C(=O)COCC(=O)NCCc1c(CC)c(CCNC(=O)COCC(=O)N(CCCCCCCC)CCCCCCCC)c(CC)c(CCNC(=O)COCC(=O)N(CCCCCCCC)CCCCCCCC)c1CC
[4-7-dichloro-9-(pyrrolidine-1-carbonyl)-1-10-phenanthrolin-2-yl]-pyrrolidin-1-ylmethanone,28,0.2658207992651374,0.2711206779948382,0.33740839237627146,0.00025400998488136865,O=C(c1cc(Cl)c2ccc3c(Cl)cc(C(=O)N4CCCC4)nc3c2n1)N1CCCC1
N-N-dibutyl-N-N-dimethylpropanediamide,9,0.46548278148490574,0.46548278148490574,0.2455138946069023,0.0002503597961648382,CCCCN(C)C(=O)CC(=O)N(C)CCCC
2-N-6-N-dimethyl-2-N-6-N-diphenylpyridine-2-6-dicarboxamide,140,-0.11587287536545592,1.028172548111112,1.517642595495969,0.00024132729337844461,CN(C(=O)c1cccc(C(=O)N(C)c2ccccc2)n1)c1ccccc1
TBEE-BisDGA,6,0.549907898400169,0.549907898400169,0.5936091780205364,0.00023294103661355132,CCCCN(CCCC)C(=O)COCC(=O)N(CC)CCN(CC)C(=O)COCC(=O)N(CCCC)CCCC
TWE-33,6,0.5469034352531992,1.043626744978692,1.2631150223523326,0.00023040260832201607,CCCCCCCCN(CCCCCCCC)C(=O)COCP(=O)(OCCCC)OCCCC
NTAamide(C8),12,0.37967010862987866,1.2468595176657897,1.027220496701716,0.00022207971807283318,CCCCCCCCN(CCCCCCCC)C(=O)CN(CC(=O)N(CCCCCCCC)CCCCCCCC)CC(=O)N(CCCCCCCC)CCCCCCCC
C5-BPP,7,-0.49152374188251263,0.9346648146092955,1.0923953978158119,0.00021712102410892964,CC(C)(C)Cc1cc(-c2cccc(-c3cc(CC(C)(C)C)[nH]n3)n2)n[nH]1
N-N-dimethyl-N-N-dioctylpropanediamide,9,0.42768335985065925,0.4276833598506592,0.4466427446340322,0.00021134990364454304,CCCCCCCCN(C)C(=O)CC(=O)N(C)CCCCCCCC
N-DP(DOM)P,6,0.5038503882484066,0.5038503882484066,0.270013423007548,0.00019555516174217175,CCCCCCCCCCCCOCc1cc(-n2cccn2)nc(-n2cccn2)c1
DHpyrDGA,14,-0.3182346011297055,0.43130161185224597,0.945069632611631,0.0001820277789558234,CCCCCCN(CCCCCC)C(=O)COCC(=O)N1CCCC1
5-5-8-8-tetramethyl-3-[6-[6-(5-5-8-8-tetramethyl-6-7-dihydro-1-2-4-benzotriazin-3-yl)-2-pyridinyl]-2-pyridinyl]-6-7-dihydro-1-2-4-benzotriazine,19,-0.27066016887621924,0.3845689182973353,0.4733589997166108,0.00017869694841087327,CC1(C)CCC(C)(C)c2nc(-c3cccc(-c4cccc(-c5nnc6c(n5)C(C)(C)CCC6(C)C)n4)n3)nnc21
DPhen-PyranDGA,3,0.6673334052533856,0.6673334052533856,0.29407376578754535,0.0001715227865044224,CC(C)(C)c1ccc(NC(=O)c2cc(=O)cc(C(=O)Nc3ccc(C(C)(C)C)cc3)o2)cc1
Cy5S-Me4-BTBP,11,0.33830165114506583,0.3672577208075664,0.4298868162346492,0.00016162768715906708,CC1(C)SC(C)(C)c2nc(-c3cccc(-c4cccc(-c5nnc6c(n5)C(C)(C)SC6(C)C)n4)n3)nnc21
2-5-8-15-18-21-hexaoxatricyclo[20.4.0.09-14]hexacosa-1(26)-9-11-13-22-24-hexaene,5,-0.4951116111602305,0.4951116111602305,0.29118606488327864,0.00015735881097807952,c1ccc2c(c1)OCCOCCOc1ccccc1OCCOCCO2
L5a,1,1.086227454804246,1.086227454804246,,0.00015148038121827855,CCCCN(CCCC)C(=O)COCC(=O)NCCCCCNC(=O)COCC(=O)N(CCCC)CCCC
3-Me-N-DPP,7,0.40296940971637996,0.40296940971637996,0.0,0.0001459341848586117,Cc1ccn(-c2cccc(-n3ccc(C)n3)n2)n1
TWE-2,2,0.7444476609643318,0.7444476609643318,0.0,0.00014230271084027084,CCCCC(CC)CN(CC(CC)CCCC)C(=O)CCOCCC(=O)N(CC(CC)CCCC)CC(CC)CCCC
TWE-27,6,0.4255038354344521,0.4255038354344521,0.0,0.00013946750989212337,CCCCP(=S)(CCCC)COCP(=S)(CCCC)CCCC
N-N-dihexyl-N-N-dimethylpropanediamide,9,-0.34498252274775176,0.3449825227477517,0.17125096643029175,0.00013751546293550403,CCCCCCN(C)C(=O)CC(=O)N(C)CCCCCC
T8-THP-TAM,4,0.5112063052537049,0.5112063052537049,0.14687411489543853,0.00013420454785562717,CCCCCCCCN(CCCCCCCC)C(=S)c1ccc(C(=S)N(CCCCCCCC)CCCCCCCC)s1
NDMPIC,2,0.7175709298836785,0.7175709298836785,1.0121270239815219,0.00013221310559162299,CCCCCCCCCCCCNC(=O)c1cc(OC)ccn1
L4,1,-1.00465254188448,1.00465254188448,,0.0001295825771826463,CCCCCCCCN(C)C(=O)COCC(=O)N(C)Cc1cccc(CN(C)C(=O)COCC(=O)N(C)CCCCCCCC)c1
TWE-35,6,-0.40680952999837067,0.40680952999837067,0.6225602394140626,0.00012748184057333252,CCCCCCCCN(CCCCCCCC)C(=O)CNCP(=O)(OCCCC)OCCCC
LL3,9,-0.31718525020805727,0.31718525020805727,0.21586553977038642,0.00011624741780775646,CCCCCCCCN(CCCCCCCC)C(=O)COCC(=O)NCc1ccc(CNC(=O)COCC(=O)N(CCCCCCCC)CCCCCCCC)cc1
3-Me-N-DP(DOM)P,2,-0.6689527110108848,0.6689527110108848,0.0,0.00011490413829780587,CCCCCCCCCCCCOCc1cc(-n2ccc(C)n2)nc(-n2ccc(C)n2)c1
[4-7-dichloro-9-(2-3-dihydroindole-1-carbonyl)-1-10-phenanthrolin-2-yl]-(2-3-dihydroindol-1-yl)methanone,1,0.9458830098276279,0.9458830098276279,,0.00011486552121446248,O=C(c1cc(Cl)c2ccc3c(Cl)cc(C(=O)N4CCc5ccccc54)nc3c2n1)N1CCc2ccccc21
DHpipDGA,8,0.33399160935076494,0.48999130335584107,1.2493923834071567,0.00011457132566921601,CCCCCCN(CCCCCC)C(=O)COCC(=O)N1CCCCC1
TWE-36,6,0.3847866375147871,0.9670639753976246,1.1536463965926413,0.00011405282646281428,CCCCCCCCN(CCCCCCCC)C(=O)CNCP(=O)(CCCC)CCCC
3-[6-(5-6-dipropyl-1-2-4-triazin-3-yl)-2-pyridinyl]-5-6-dipropyl-1-2-4-triazine,14,0.24535118033045406,0.9879665497587927,1.5147277760130768,0.00010819798608406342,CCCc1nnc(-c2cccc(-c3nnc(CCC)c(CCC)n3)n2)nc1CCC
TDDGA,59,-0.118497175544003,0.3526468858627815,0.8209691181396629,0.00010636110668560143,CCCCCCCCCCN(CCCCCCCCCC)C(=O)COCC(=O)N(CCCCCCCCCC)CCCCCCCCCC
[6-(pyrrolidine-1-carbonyl)-2-pyridinyl]-pyrrolidin-1-ylmethanone,1,0.8927680725098914,0.8927680725098914,,0.0001023274470814712,O=C(c1cccc(C(=O)N2CCCC2)n1)N1CCCC1
DEDDdDGA,26,-0.17488855667650924,1.253272383748905,2.5319922545815015,0.0001020965280538601,CCCCCCCCCCCCN(CC)C(=O)COCC(=O)N(CC)CCCCCCCCCCCC
N-(3-5-dimethylphenyl)-6-[6-[(3-5-dimethylphenyl)-ethylcarbamoyl]-2-pyridinyl]-N-ethylpyridine-2-carboxamide,14,-0.2380071150152865,0.23800711501528649,0.1055377842076138,0.00010181757617351213,CCN(C(=O)c1cccc(-c2cccc(C(=O)N(CC)c3cc(C)cc(C)c3)n2)n1)c1cc(C)cc(C)c1
3-10-13-16-23-pentaoxa-29-azatetracyclo[23.3.1.04-9.017-22]nonacosa-1(29)-4-6-8-17-19-21-25-27-nonaene,5,0.3964081955211995,0.3964081955211995,0.34874561853856506,0.00010087187465344959,c1cc2nc(c1)COc1ccccc1OCCOCCOc1ccccc1OC2
Cy5-O-Me4-BTBP,5,0.3948785871546948,0.42211811453793374,0.5613198115031388,0.00010009491403833063,CC1(C)OC(C)(C)c2nc(-c3cccc(-c4cccc(-c5nnc6c(n5)C(C)(C)OC6(C)C)n4)n3)nnc21
CA-BTP,22,-0.18374865588700906,0.765508294700635,1.1951031207154101,9.536430783660202e-05,CC12CCC(c3nnc(-c4cccc(-c5nnc6c(n5)C5(C)CCC6C5(C)C)n4)nc31)C2(C)C
HOOxyBenDGA,14,-0.2286623513301109,1.1759114143126708,1.3055348631534327,9.397929959785013e-05,CCCCCCCCN(CCCCCCCC)C(=O)COCC(=O)NCCCOc1cc(OCCCNC(=O)COCC(=O)N(CCCCCCCC)CCCCCCCC)cc(OCCCNC(=O)COCC(=O)N(CCCCCCCC)CCCCCCCC)c1
3-5-diMe-N-DPP,6,0.34272615346272595,0.34272615346272595,0.0,9.04816646887859e-05,Cc1cc(C)n(-c2cccc(-n3nc(C)cc3C)n2)n1
C4-PTA,6,-0.3299600341743243,0.3783598199558646,0.6218231936865568,8.386654818541133e-05,CCCCN(CCCC)C(=O)c1ccc2ccc3cccnc3c2n1
L6a,1,-0.7820982552440345,0.7820982552440345,,7.853033902814923e-05,CCCCN(CCCC)C(=O)COCC(=O)NCCCCCCNC(=O)COCC(=O)N(CCCC)CCCC
Et-Me-TODGA-Anti,13,0.2156894100349686,0.2156894100349686,0.22282991298906246,7.764541860701738e-05,CCCCCCCCN(CCCCCCCC)C(=O)[C@H](C)O[C@@H](CC)C(=O)N(CCCCCCCC)CCCCCCCC
TWE-1,2,0.5466744134353596,0.5466744134353596,0.0,7.673656049401586e-05,CCCCCCCCN(CCCCCCCC)C(=O)CCOCCC(=O)N(CCCCCCCC)CCCCCCCC
6-MH-C9-B8D(iB)CMPO,6,-0.30792478269252127,0.30792478269252127,0.20171374219122631,7.303909374232069e-05,CC(C)CCCCCP(=O)(CC(=O)N(CC(C)C)CC(C)C)c1ccccc1
CHELI2,3,0.42100532026330223,0.42100532026330223,0.6818176593376225,6.826706963603579e-05,CCCCCCCCOc1cc(C(=O)N(C)c2ccc(C(C)(C)C)cc2)nc(C(=O)N(C)c2ccc(C(C)(C)C)cc2)c1
CyMe4-hemi-BTBP,2,0.5046907256441848,0.5046907256441848,0.0,6.5402670569671e-05,CC1(C)CCC(C)(C)c2nc(-c3cccc(-c4cccc(-c5ccccn5)n4)n3)nnc21
N-N-N-N-tetrahexylpropanediamide,9,-0.23320914329442002,0.2693167327520487,0.2594302816645506,6.284178244019349e-05,CCCCCCN(CCCCCC)C(=O)CC(=O)N(CCCCCC)CCCCCC
MeCyMe4-BTBP,16,-0.17460372784127492,0.3330288760315757,0.5351042657673172,6.262415004435735e-05,Cc1cc(-c2cc(C)cc(-c3nnc4c(n3)C(C)(C)CCC4(C)C)n2)nc(-c2nnc3c(n2)C(C)(C)CCC3(C)C)c1
2-5-8-15-18-21-hexaoxatricyclo[20.4.0.09-14]hexacosane,5,0.30981166408222244,0.3911065016214044,0.27805428658727666,6.161413723490477e-05,C1CCC2OCCOCCOC3CCCCC3OCCOCCOC2C1
N-ethyl-6-[6-[ethyl-(4-hexylphenyl)carbamoyl]-2-pyridinyl]-N-(4-hexylphenyl)pyridine-2-carboxamide,14,0.18382015463525334,0.18390287985484893,0.24302262225497806,6.073361445940515e-05,CCCCCCc1ccc(N(CC)C(=O)c2cccc(-c3cccc(C(=O)N(CC)c4ccc(CCCCCC)cc4)n3)n2)cc1
NOMPIC,2,-0.46705537912761397,0.46705537912761397,0.3050202427949744,5.6012065821007944e-05,CCCCCCCCNC(=O)c1cc(OC)ccn1
2-N-9-N-diethyl-2-N-9-N-bis(4-methylphenyl)-1-10-phenanthroline-2-9-dicarboxamide,3,0.37777722566789135,0.4112844326118663,0.5713891116901503,5.496770930837399e-05,CCN(C(=O)c1ccc2ccc3ccc(C(=O)N(CC)c4ccc(C)cc4)nc3c2n1)c1ccc(C)cc1
L5b,1,0.653959206043768,0.653959206043768,,5.490553833970352e-05,CCCCCCCCN(CCCCCCCC)C(=O)COCC(=O)NCCCCCNC(=O)COCC(=O)N(CCCCCCCC)CCCCCCCC
LL7,11,0.1956268899608632,0.3138961657766233,1.3330365458703695,5.4046132891142186e-05,CCCCCCCCN(CCCCCCCC)C(=O)COCC(=O)NCCCCCCCNC(=O)COCC(=O)N(CCCCCCCC)CCCCCCCC
ADAAM(EH),22,0.13775738807262536,0.6562883675077704,0.7651354247941257,5.360031213415727e-05,CCCCC(CC)CN(CC(=O)N(CC(CC)CCCC)CC(CC)CCCC)CC(=O)N(CC(CC)CCCC)CC(CC)CCCC
2-N-6-N-diethyl-2-N-6-N-bis(4-methylphenyl)pyridine-2-6-dicarboxamide,14,-0.17035218618207154,0.21647242917581355,0.3560437320664883,5.2160085754227526e-05,CCN(C(=O)c1cccc(C(=O)N(CC)c2ccc(C)cc2)n1)c1ccc(C)cc1
DIBDODGA,8,0.21499340733552413,0.24054647620121314,0.2666221361061984,4.74739218670229e-05,CCCCCCCCN(CC(C)C)C(=O)COCC(=O)N(CCCCCCCC)CC(C)C
LLL14,5,0.2714390860451494,1.2355350619444656,1.7992930388321406,4.729656618364564e-05,CCCCCCCCN(CCCCCCCC)C(=O)C1CCC(C(=O)N(CCCCCCCC)CCCCCCCC)O1
2-N-6-N-diethyl-2-N-6-N-bis(3-methylphenyl)pyridine-2-6-dicarboxamide,14,-0.16130113342575367,0.1995811045733605,0.2616753912692675,4.676465256755544e-05,CCN(C(=O)c1cccc(C(=O)N(CC)c2cccc(C)c2)n1)c1cccc(C)c1
N-N-dibutyl-2-(2-hexoxyethyl)-N-N-dimethylpropanediamide,6,-0.24629849043498783,0.4523721959574763,0.589267331916501,4.6729333721953933e-05,CCCCCCOCCC(C(=O)N(C)CCCC)C(=O)N(C)CCCC
Et-Me-TDDGA-Syn,14,-0.16016454705406838,0.20166792529194513,0.27773812295575956,4.6107933035880265e-05,CCCCCCCCCCN(CCCCCCCCCC)C(=O)[C@H](C)O[C@H](CC)C(=O)N(CCCCCCCCCC)CCCCCCCCCC
DMDDdDGA,22,0.11814266448314002,1.7674634794965258,2.685728862954505,3.942312452013341e-05,CCCCCCCCCCCCN(C)C(=O)COCC(=O)N(C)CCCCCCCCCCCC
TWE-6,2,0.38297152481359775,0.38297152481359775,0.0,3.765978201484575e-05,CCCCCCCCN(CCCCCCCC)C(=O)CNCC(=O)N(CCCCCCCC)CCCCCCCC
N-N-N-N-tetraoctylpropanediamide,9,-0.16941543298901907,0.2101225911990642,0.2533152862867189,3.316372367703142e-05,CCCCCCCCN(CCCCCCCC)C(=O)CC(=O)N(CCCCCCCC)CCCCCCCC
3-5-diMe-N-DPPz,6,0.20533758610627895,0.20533758610627895,0.0,3.24790257256233e-05,Cc1cc(C)n(-c2cncc(-n3nc(C)cc3C)n2)n1
2-EH-C9-B8D(iB)CMPO,6,0.19435501587448276,0.19435501587448276,0.15770507623113447,2.9097628533125624e-05,CCCCC(CC)CP(=O)(CC(=O)N(CC(C)C)CC(C)C)c1ccccc1
CHELI1,1,0.4463188360337407,0.4463188360337407,,2.5574389185784266e-05,CCCCCCCCOc1cc(C(=O)Nc2ccc(C(C)(C)C)cc2)nc(C(=O)Nc2ccc(C(C)(C)C)cc2)c1
DOpipDGA,12,-0.1271297722520736,0.6599289443109567,1.6570675036589804,2.4899499773797945e-05,CCCCCCCCN(CCCCCCCC)C(=O)COCC(=O)N1CCCCC1
DHmorDGA,8,0.1549424481680789,0.7096297893099592,1.4867161034239311,2.4657307587387663e-05,CCCCCCN(CCCCCC)C(=O)COCC(=O)N1CCOCC1
N-(3-7-dimethyloctyl)-2-[2-[3-7-dimethyloctyl(hexyl)amino]-2-oxoethoxy]-N-hexylacetamide,14,-0.11661173031773996,0.1806508155129398,1.0762396877981033,2.444147172894286e-05,CCCCCCN(CCC(C)CCCC(C)C)C(=O)COCC(=O)N(CCCCCC)CCC(C)CCCC(C)C
1-4-7-10-13-16-hexaoxacyclooctadecane,5,-0.19447479157422226,0.30500961713405755,0.32487650575044763,2.4277919779311276e-05,C1COCCOCCOCCOCCOCCO1
THDGA,43,-0.06454530749711002,0.2683060254077258,1.014321651459137,2.299919535617516e-05,CCCCCCN(CCCCCC)C(=O)COCC(=O)N(CCCCCC)CCCCCC
DMDdecdDGA,14,0.10914088955217172,0.330768477984133,0.528354946632151,2.14100584205332e-05,CC(C)CCCC(C)CCCCN(C)C(=O)COCC(=O)N(C)CCCCC(C)CCCC(C)C
DOmorDGA,12,-0.1173271608941256,0.7480751202379928,1.6314701317815459,2.120768224143382e-05,CCCCCCCCN(CCCCCCCC)C(=O)COCC(=O)N1CCOCC1
N-(2-5-dimethylphenyl)-6-[6-[(2-5-dimethylphenyl)-ethylcarbamoyl]-2-pyridinyl]-N-ethylpyridine-2-carboxamide,14,-0.10589486862262285,0.18193078909369012,0.20523734132532728,2.015545960203694e-05,CCN(C(=O)c1cccc(-c2cccc(C(=O)N(CC)c3cc(C)ccc3C)n2)n1)c1cc(C)ccc1C
TIBDGA,8,-0.13841532294083211,0.13841532294083211,0.3237551309679372,1.9677647023050973e-05,CC(C)CN(CC(C)C)C(=O)COCC(=O)N(CC(C)C)CC(C)C
DODDmDGA,14,-0.10437931383346309,0.1610758197139241,1.1711358604492121,1.958266295332075e-05,CCCCCCCCN(CCCCC(C)CCCC(C)C)C(=O)COCC(=O)N(CCCCCCCC)CCCCC(C)CCCC(C)C
TBAPYR,1,0.38870671472142826,0.38870671472142826,,1.9398087953625116e-05,CC(C)(C)c1ccc(NC(=O)c2cnccn2)cc1
NEA16,12,-0.11043352215393036,0.4078691923941103,1.61504128008995,1.8788751903188282e-05,CCCCCCCCN(CCCCCCCC)C(=O)C(C)OC(C(=O)N(CCCCCCCC)CCCCCCCC)c1ccccc1
TBADIPIC,1,0.37347212849847455,0.37347212849847455,,1.7907346285377868e-05,CC(C)(C)c1ccc(NCC(=O)c2cccc(C(=O)CNc3ccc(C(C)(C)C)cc3)n2)cc1
D2EHDODGA,8,0.1290149711029776,0.13682230113546523,0.29726348804024594,1.7095627415726173e-05,CCCCCCCCN(CC(CC)CCCC)C(=O)COCC(=O)N(CCCCCCCC)CC(CC)CCCC
N-N-N-N-tetrabutylpropanediamide,9,-0.11884486750368789,0.21330544082581945,0.28384895339392285,1.6319926907859217e-05,CCCCN(CCCC)C(=O)CC(=O)N(CCCC)CCCC
L1f,1,-0.35433276215009446,0.35433276215009446,,1.6118976337492736e-05,CC(C)CCN(CCC(C)C)C(=O)COCC(=O)NCc1cccc(CNC(=O)COCC(=O)N(CCC(C)C)CCC(C)C)c1
HOAmBenDGA,15,0.08809374820644372,0.6236245459754024,1.1870358593428532,1.4945012230157506e-05,CCCCCCCCN(CCCCCCCC)C(=O)COCC(=O)NCCNC(=O)c1cc(C(=O)NCCNC(=O)COCC(=O)N(CCCCCCCC)CCCCCCCC)cc(C(=O)NCCNC(=O)COCC(=O)N(CCCCCCCC)CCCCCCCC)c1
DOHyA,10,0.10650515792225504,1.1719124012022915,1.7218517485237586,1.456317672169523e-05,CCCCCCCCN(CCCCCCCC)C(=O)CO
L6b,1,-0.31985175245781816,0.31985175245781816,,1.3134462575275728e-05,CCCCCCCCN(CCCCCCCC)C(=O)COCC(=O)NCCCCCCNC(=O)COCC(=O)N(CCCCCCCC)CCCCCCCC
MMTODGA,14,-0.08042618043411084,0.15768127481235247,1.0191039324912867,1.1626199252094428e-05,CCCCCCCCN(C)C(=O)COCC(=O)N(CCCCCCCC)CCCCCCCC
NDDIPIC,1,0.29981334665577375,0.29981334665577375,,1.15402910702438e-05,CCCCCCCCCCCCNCC(=O)c1cccc(C(=O)CNCCCCCCCCCCCC)n1
TWE-9,2,0.21145804766305432,0.21145804766305432,0.0,1.1481358301570226e-05,CCCCCCCCN(CCCCCCCC)C(=O)CN(CC(=O)N(CCCCCCCC)CCCCCCCC)c1ccccc1
p-TDDGA-Syn,13,0.08103865867523483,0.16657220086684116,0.36033266642248896,1.0960810739364281e-05,CCCCCCCCCCN(CCCCCCCCCC)C(=O)[C@H](CCC)O[C@H](CCC)C(=O)N(CCCCCCCCCC)CCCCCCCCCC
2-N-6-N-diethyl-2-N-6-N-bis(2-methylphenyl)pyridine-2-6-dicarboxamide,14,0.07727979070503332,0.15422844404425465,0.3315684657546758,1.0734325204269214e-05,CCN(C(=O)c1cccc(C(=O)N(CC)c2ccccc2C)n1)c1ccccc1C
DPDODGA,14,-0.07644010443334444,0.22723822750071074,1.0298886246413006,1.0502324124412694e-05,CCCCCCCCN(CCC)C(=O)COCC(=O)N(CCC)CCCCCCCC
[9-(pyrrolidine-1-carbonyl)-1-10-phenanthrolin-2-yl]-pyrrolidin-1-ylmethanone,1,0.2848175422776529,0.2848175422776529,,1.0414737001545623e-05,O=C(c1ccc2ccc3ccc(C(=O)N4CCCC4)nc3c2n1)N1CCCC1
CA-BTBP,14,0.07489272829622541,0.2615210358299956,0.5824512611602742,1.0081430903776798e-05,CC12CCC(c3nnc(-c4cccc(-c5cccc(-c6nnc7c(n6)C6(C)CCC7C6(C)C)n5)n4)nc31)C2(C)C
CITAM,1714,-0.006383703310255106,1.0024696569284226,1.389491370112107,8.967492969677838e-06,CCCCCCCCN(CCCCCCCC)C(=O)COCC(=O)N(CCCCCCCC)CCCCCCCC
DMDdecHDGA,14,0.06292385576699878,0.17125704408325174,0.8968374739089305,7.116615919580731e-06,CCCCCCC(CCCC)CCCN(C)C(=O)COCC(=O)N(C)CCCC(CCCC)CCCCCC
3-Me-N-DPPz,1,0.22627219278915645,0.22627219278915645,,6.573205492792062e-06,Cc1ccn(-c2cncc(-n3ccc(C)n3)n2)n1
DMDPDGA,78,-0.02528978512070425,0.9491921212019191,1.6522143216422098,6.404713680344236e-06,CN(C(=O)COCC(=O)N(C)c1ccccc1)c1ccccc1
L2c,1,-0.2119752437411102,0.2119752437411102,,5.768795249639204e-06,CCCCCC(C)Oc1cc(CNC(=O)COCC(=O)N(CCCC)CCCC)cc(CNC(=O)COCC(=O)N(CCCC)CCCC)c1
18b,12,-0.05959077974971664,0.21466631329743655,0.2971359447160183,5.470842610402448e-06,CCCCC(CC)CN(CC(CC)CCCC)C(=O)CN(CC(=O)N(CC(CC)CCCC)CC(CC)CCCC)CC(=O)N(CC(CC)CCCC)CC(CC)CCCC
C6-PTA,6,-0.08421961573640362,0.289276845958222,0.20849165702690206,5.4637723976720425e-06,CCCCCCN(CCCCCC)C(=O)c1ccc2ccc3cccnc3c2n1
N-(2-4-dimethylphenyl)-6-[6-[(2-4-dimethylphenyl)-ethylcarbamoyl]-2-pyridinyl]-N-ethylpyridine-2-carboxamide,14,0.05388600571181607,0.08874998839982641,0.13069770923384016,5.2190908836863396e-06,CCN(C(=O)c1cccc(-c2cccc(C(=O)N(CC)c3ccc(C)cc3C)n2)n1)c1ccc(C)cc1C
OPYR,1,0.1955827989900012,0.1955827989900012,,4.911070316353218e-06,CCCCCCCCNC(=O)c1cnccn1
N-N-bis(2-methylpropyl)-2-[octyl(phenyl)phosphoryl]acetamide,17,0.03802389168628987,0.19829678579249949,0.16790878949470667,3.15556323866567e-06,CCCCCCCCP(=O)(CC(=O)N(CC(C)C)CC(C)C)c1ccccc1
N-(3-7-dimethyloct-6-enyl)-2-[2-[3-7-dimethyloct-6-enyl(hexyl)amino]-2-oxoethoxy]-N-hexylacetamide,14,-0.03708871400083363,0.14284354935288066,1.0349404177958084,2.4724437739561055e-06,CCCCCCN(CCC(C)CCC=C(C)C)C(=O)COCC(=O)N(CCCCCC)CCC(C)CCC=C(C)C
L1c,1,-0.1263360662901989,0.1263360662901989,,2.04913012788507e-06,CCCCN(CCCC)C(=O)COCC(=O)NCc1cccc(CNC(=O)COCC(=O)N(CCCC)CCCC)c1
D3DODGA,35,-0.019432200123789326,0.5344826149538376,0.7006928889443791,1.6967850596171015e-06,CCCCCCCCCCCCN(CCCCCCCCCCCC)C(=O)COCC(=O)N(CCCCCCCC)CCCCCCCC
2DOQA,1,-0.10653977737626041,0.10653977737626041,,1.4572645768575527e-06,CCCCCCCCN(CCCCCCCC)C(=O)c1ccc2ccccc2n1
TPDGA,3,0.060743548959364645,0.5232670846433505,1.8255857926338817,1.4211385398256174e-06,CCCCCN(CCCCC)C(=O)COCC(=O)N(CCCCC)CCCCC
TWE-8,2,-0.0617564490491348,0.0617564490491348,0.0,9.79285821874185e-07,CCCCCCCCN(CC(=O)N(CCCCCCCC)CCCCCCCC)CC(=O)N(CCCCCCCC)CCCCCCCC
L1d,1,0.08293334075944125,0.08293334075944125,,8.830253238552104e-07,CCCCCCCCN(C)C(=O)COCC(=O)NCc1cccc(CNC(=O)COCC(=O)N(C)CCCCCCCC)c1
L8,1,0.07946259045057191,0.07946259045057191,,8.106628587441772e-07,CCCCCCCCN(CCCCCCCC)C(=O)COCC(=O)NCCOCCNC(=O)COCC(=O)N(CCCCCCCC)CCCCCCCC
L2b,1,-0.048942120368046904,0.048942120368046904,,3.0752498068321064e-07,CCCCCCCCCCCCOc1cc(CNC(=O)COCC(=O)N(CCCC)CCCC)cc(CNC(=O)COCC(=O)N(CCCC)CCCC)c1
L2a,1,-0.02672667333203771,0.02672667333203771,,9.170745667417129e-08,CCCCCCOc1cc(CNC(=O)COCC(=O)N(CCCC)CCCC)cc(CNC(=O)COCC(=O)N(CCCC)CCCC)c1
N-DPP,2,-0.014314192029447836,0.021045753010559443,0.0,5.2611236892359476e-08,c1cc(-n2cccn2)nc(-n2cccn2)c1
TWE-23,1,-0.01450457174321107,0.01450457174321107,,2.70100046722141e-08,CCCCP(=S)(CCCC)CP(=S)(CCCC)CCCC
NOCPIC,1,0.012023132697891903,0.012023132697891903,,1.8558809721576038e-08,CCCCCCCCNC(=O)c1cc(Cl)ccn1
TWE-7,2,-0.006604542513364842,0.10887152007971423,0.0,1.1200316987910498e-08,CCCCCCCCN(CCCCCCCC)C(=O)CN(CC(=O)N(CCCCCCCC)CCCCCCCC)Cc1ccccc1
