key,label,replicate,n_seeds,adj_r2,err_corr,per_seed_sd,per_seed_min,per_seed_max
13c391a8bb1e3a40,"shipped anchor (20px, 0.61px)",0,8,0.1536436046203744,0.9650141598180757,0.019050926475552166,0.09389271290589918,0.14384739332797447
13c391a8bb1e3a40,"shipped anchor (20px, 0.61px)",1,8,0.16286079612180449,0.9660367918410967,0.028375642243878795,0.09125551332363002,0.17508253127893936
13c391a8bb1e3a40,"shipped anchor (20px, 0.61px)",2,8,0.16144718212347675,0.9654863216976782,0.012872237871718126,0.11924212388060429,0.15982319642989395
6e229d2419e7c99b,"mid-range (20px, 1.0px)",0,8,0.1452742001761187,0.9658980833702798,0.014644405449782608,0.09364247181759178,0.14426938919759458
6e229d2419e7c99b,"mid-range (20px, 1.0px)",1,8,0.14942786307192335,0.9654535113669606,0.013988740014940134,0.1014824241949408,0.14944002366956588
6e229d2419e7c99b,"mid-range (20px, 1.0px)",2,8,0.15036208279675212,0.9662388391984021,0.02258826785621893,0.09934424128238539,0.17209784327644362
9d6e4c93026dfa0c,"Stage A winner (96px, 0.50px)",0,8,0.16327313597048254,0.9596056180542397,0.039750671024737845,0.061873790565880604,0.1909079057977382
9d6e4c93026dfa0c,"Stage A winner (96px, 0.50px)",1,8,0.15763163806379776,0.960120104498595,0.046649458721194643,0.055711363545639436,0.18238142660464862
9d6e4c93026dfa0c,"Stage A winner (96px, 0.50px)",2,8,0.1578154366640867,0.9607045885899734,0.044626121019167436,0.05717044876239963,0.1716772792159792
