SMILES_FOR_ARCHITECTOR,n_metals,n_coord_modes,metals,n_rows
C1CCC2OCCOCCOC3CCCCC3OCCOCCOC2C1,4,1,"Ce,Er,Eu,La",5
C1COCCOCCOCCOCCOCCO1,5,1,"Ce,Er,Eu,La,Pr",5
CC(C)CCCC(C)CCCCN(C)C(=O)COCC(=O)N(C)CCCCC(C)CCCC(C)C,14,1,"Ce,Dy,Er,Eu,Gd,Ho,La,Lu,Nd,Pr,Sm,Tb,Tm,Yb",14
CC(C)CCCCCP(=O)(CC(=O)N(CC(C)C)CC(C)C)c1ccccc1,6,1,"Ce,Eu,La,Nd,Pr,Sm",6
CC(C)CN(CC(C)C)C(=O)COCC(=O)N(CC(C)C)CC(C)C,8,1,"Dy,Er,Eu,Gd,La,Lu,Nd,Sm",8
CC1(C)CCC(C)(C)c2nc(-c3cccc(-c4cccc(-c5nnc6c(n5)C(C)(C)CCC6(C)C)n4)n3)nnc21,14,1,"Ce,Dy,Er,Eu,Gd,Ho,La,Lu,Nd,Pr,Sm,Tb,Tm,Yb",14
CC12CCC(c3nnc(-c4cccc(-c5nnc6c(n5)C5(C)CCC6C5(C)C)n4)nc31)C2(C)C,14,1,"Ce,Dy,Er,Eu,Gd,Ho,La,Lu,Nd,Pr,Sm,Tb,Tm,Yb",14
CCCCC(CC)CN(C)C(=O)COCC(=O)N(C)CC(CC)CCCC,13,1,"Ce,Dy,Er,Eu,Gd,Ho,La,Lu,Nd,Sm,Tb,Tm,Yb",13
CCCCC(CC)CN(CC(=O)N(CC(CC)CCCC)CC(CC)CCCC)CC(=O)N(CC(CC)CCCC)CC(CC)CCCC,2,1,"Eu,Nd",3
CCCCC(CC)CN(CC(CC)CCCC)C(=O)COCC(=O)N(CC(CC)CCCC)CC(CC)CCCC,13,1,"Ce,Dy,Er,Eu,Gd,Ho,La,Lu,Nd,Sm,Tb,Tm,Yb",21
CCCCC(CC)CP(=O)(CC(=O)N(CC(C)C)CC(C)C)c1ccccc1,6,1,"Ce,Eu,La,Nd,Pr,Sm",6
CCCCCCC(C)N(CCCC)C(=O)COCC(=O)N(CCCC)C(C)CCCCCC,6,1,"Dy,Er,Gd,Nd,Sm,Yb",6
CCCCCCC(CCCC)CCCN(C)C(=O)COCC(=O)N(C)CCCC(CCCC)CCCCCC,11,1,"Ce,Dy,Er,Eu,Gd,Ho,La,Lu,Nd,Tb,Yb",11
CCCCCCCCC(C)(C)SCC1CN(C(=O)COCC(=O)N2CC(C)C(CSC(C)(C)CCCCCCCC)C2)CC1C,13,1,"Ce,Dy,Er,Eu,Gd,Ho,La,Lu,Nd,Pr,Tb,Tm,Yb",13
CCCCCCCCCCCCN(C)C(=O)C1CC(OC)CC(C(=O)N(C)CCCCCCCCCCCC)O1,7,1,"Ce,Eu,Gd,La,Nd,Pr,Sm",7
CCCCCCCCCCCCN(CCCCCCCC)C(=O)COCC(=O)N(CCCCCCCC)CCCCCCCCCCCC,12,1,"Ce,Dy,Er,Eu,Gd,Ho,La,Lu,Nd,Sm,Tb,Yb",15
CCCCCCCCCCCCN(CCCCCCCCCCCC)C(=O)COC1CCCN(CCCCCC)C1=O,14,1,"Ce,Dy,Er,Eu,Gd,Ho,La,Lu,Nd,Pr,Sm,Tb,Tm,Yb",14
CCCCCCCCCCCCN(CCCCCCCCCCCC)C(=O)COCC(=O)N(CCCCCCCCCCCC)CCCCCCCCCCCC,14,1,"Ce,Dy,Er,Eu,Gd,Ho,La,Lu,Nd,Pr,Sm,Tb,Tm,Yb",20
CCCCCCCCCCCCN(CCCCCCCCCCCC)C(=O)COCCOCC(=O)N(CCCCCCCCCCCC)CCCCCCCCCCCC,14,1,"Ce,Dy,Er,Eu,Gd,Ho,La,Lu,Nd,Pr,Sm,Tb,Tm,Yb",38
CCCCCCCCCCN(CCCCCCCCCC)C(=O)C(C)OC(C)C(=O)N(CCCCCCCCCC)CCCCCCCCCC,9,1,"Ce,Dy,Eu,Gd,La,Nd,Pr,Sm,Tb",10
CCCCCCCCCCN(CCCCCCCCCC)C(=O)COCC(=O)N(CCCCCC)CCCCCC,14,1,"Ce,Dy,Er,Eu,Gd,Ho,La,Lu,Nd,Pr,Sm,Tb,Tm,Yb",20
CCCCCCCCCCN(CCCCCCCCCC)C(=O)COCC(=O)N(CCCCCCCCCC)CCCCCCCCCC,7,1,"Dy,Er,Eu,Gd,La,Lu,Nd",9
CCCCCCCCCCN(CCCCCCCCCC)C(=O)[C@H](C)O[C@H](CC)C(=O)N(CCCCCCCCCC)CCCCCCCCCC,14,1,"Ce,Dy,Er,Eu,Gd,Ho,La,Lu,Nd,Pr,Sm,Tb,Tm,Yb",19
CCCCCCCCCCN(CCCCCCCCCC)C(=O)[C@H](CCC)O[C@H](CCC)C(=O)N(CCCCCCCCCC)CCCCCCCCCC,13,1,"Ce,Dy,Er,Eu,Gd,Ho,La,Nd,Pr,Sm,Tb,Tm,Yb",20
CCCCCCCCN(C(=O)c1ccc2ccc3cccnc3c2n1)c1ccc(C)cc1,14,1,"Ce,Dy,Er,Eu,Gd,Ho,La,Lu,Nd,Pr,Sm,Tb,Tm,Yb",14
CCCCCCCCN(C)C(=O)C(CCCCCC)C(=O)N(C)CCCCCCCC,9,1,"Dy,Er,Eu,Gd,La,Nd,Pr,Sm,Tb",9
CCCCCCCCN(C)C(=O)C(CCOCCCCCC)C(=O)N(C)CCCCCCCC,14,1,"Ce,Dy,Er,Eu,Gd,Ho,La,Lu,Nd,Pr,Sm,Tb,Tm,Yb",14
CCCCCCCCN(C)C(=O)CC(=O)N(C)CCCCCCCC,9,1,"Dy,Er,Eu,Gd,La,Nd,Pr,Sm,Tb",9
CCCCCCCCN(C)C(=O)COCC(=O)N(C)CCCCCCCC,14,1,"Ce,Dy,Er,Eu,Gd,Ho,La,Lu,Nd,Pr,Sm,Tb,Tm,Yb",26
CCCCCCCCN(C)C(=O)COCC(=O)N(CCCCCCCC)CCCCCCCC,11,1,"Ce,Dy,Er,Eu,Gd,Ho,La,Lu,Nd,Sm,Yb",11
CCCCCCCCN(CC(C)C)C(=O)COCC(=O)N(CCCCCCCC)CC(C)C,7,1,"Dy,Er,Eu,Gd,La,Lu,Nd",7
CCCCCCCCN(CC(CC)CCCC)C(=O)COCC(=O)N(CCCCCCCC)CC(CC)CCCC,8,1,"Dy,Er,Eu,Gd,La,Lu,Nd,Sm",8
CCCCCCCCN(CC)C(=O)COCC(=O)N(CC)CCCCCCCC,12,1,"Ce,Dy,Er,Eu,Gd,Ho,La,Lu,Pr,Tb,Tm,Yb",12
CCCCCCCCN(CCC(C)CC(C)(C)C)C(=O)COCC(=O)N(CCCCCCCC)CCC(C)CC(C)(C)C,12,1,"Ce,Dy,Er,Eu,Gd,Ho,La,Lu,Pr,Tb,Tm,Yb",12
CCCCCCCCN(CCC)C(=O)COCC(=O)N(CCC)CCCCCCCC,13,1,"Ce,Dy,Er,Eu,Gd,Ho,La,Lu,Nd,Pr,Tb,Tm,Yb",13
CCCCCCCCN(CCCC(CCCC)CCCCCC)C(=O)COCC(=O)N(CCCCCCCC)CCCC(CCCC)CCCCCC,11,1,"Ce,Dy,Er,Eu,Gd,Ho,La,Lu,Nd,Pr,Tm",11
CCCCCCCCN(CCCCC(C)CCCC(C)C)C(=O)COCC(=O)N(CCCCCCCC)CCCCC(C)CCCC(C)C,11,1,"Ce,Dy,Er,Eu,Gd,Ho,La,Nd,Sm,Tm,Yb",11
CCCCCCCCN(CCCCCCCC)C(=O)C(C)OC(C)C(=O)N(CCCCCCCC)CCCCCCCC,14,1,"Ce,Dy,Er,Eu,Gd,Ho,La,Lu,Nd,Pr,Sm,Tb,Tm,Yb",15
CCCCCCCCN(CCCCCCCC)C(=O)CC(=O)N(CCCCCCCC)CCCCCCCC,9,1,"Dy,Er,Eu,Gd,La,Nd,Pr,Sm,Tb",10
CCCCCCCCN(CCCCCCCC)C(=O)CN(CC(=O)N(CCCCCCCC)CCCCCCCC)CC(=O)N(CCCCCCCC)CCCCCCCC,14,1,"Ce,Dy,Er,Eu,Gd,Ho,La,Lu,Nd,Pr,Sm,Tb,Tm,Yb",19
CCCCCCCCN(CCCCCCCC)C(=O)COCC(=O)N(C)C,5,1,"Ce,Eu,Ho,Nd,Pr",5
CCCCCCCCN(CCCCCCCC)C(=O)COCC(=O)N(CCCCCCCC)CCCCCCCC,14,1,"Ce,Dy,Er,Eu,Gd,Ho,La,Lu,Nd,Pr,Sm,Tb,Tm,Yb",28
CCCCCCCCN(CCCCCCCC)C(=O)COCCOCC(=O)N(CCCCCCCC)CCCCCCCC,14,1,"Ce,Dy,Er,Eu,Gd,Ho,La,Lu,Nd,Pr,Sm,Tb,Tm,Yb",14
CCCCCCCCN(CCCCCCCC)C(=O)[C@H](C)O[C@@H](C)C(=O)N(CCCCCCCC)CCCCCCCC,14,1,"Ce,Dy,Er,Eu,Gd,Ho,La,Lu,Nd,Pr,Sm,Tb,Tm,Yb",14
CCCCCCCCN(CCCCCCCC)C(=O)[C@H](C)O[C@@H](CC)C(=O)N(CCCCCCCC)CCCCCCCC,13,1,"Ce,Dy,Er,Gd,Ho,La,Lu,Nd,Pr,Sm,Tb,Tm,Yb",13
CCCCCCCCN(CCCCCCCC)C(=O)[C@H](C)O[C@H](C)C(=O)N(CCCCCCCC)CCCCCCCC,10,1,"Ce,Dy,Er,Eu,Gd,La,Nd,Pr,Sm,Yb",10
CCCCCCCCN(CCCCCCCC)C(=O)[C@H](CCC)O[C@H](CCC)C(=O)N(CCCCCCCC)CCCCCCCC,14,1,"Ce,Dy,Er,Eu,Gd,Ho,La,Lu,Nd,Pr,Sm,Tb,Tm,Yb",15
CCCCCCCCN(CCCCCCCC)C(=O)c1ccc2ccc3ccc(C(=O)N(CCCCCCCC)CCCCCCCC)nc3c2n1,14,1,"Ce,Dy,Er,Eu,Gd,Ho,La,Lu,Nd,Pr,Sm,Tb,Tm,Yb",24
CCCCCCCCP(=O)(CC(=O)N(CC(C)C)CC(C)C)c1ccccc1,14,1,"Ce,Dy,Er,Eu,Gd,Ho,La,Lu,Nd,Pr,Sm,Tb,Tm,Yb",14
CCCCCCCCP(=O)(CCCCCCCC)Cc1cccc(CP(=O)(CCCCCCCC)CCCCCCCC)[n+]1[O-],14,1,"Ce,Dy,Er,Eu,Gd,Ho,La,Lu,Nd,Pr,Sm,Tb,Tm,Yb",28
CCCCCCN(C)C(=O)CC(=O)N(C)CCCCCC,9,1,"Dy,Er,Eu,Gd,La,Nd,Pr,Sm,Tb",9
CCCCCCN(CCC(C)CCC=C(C)C)C(=O)COCC(=O)N(CCCCCC)CCC(C)CCC=C(C)C,14,1,"Ce,Dy,Er,Eu,Gd,Ho,La,Lu,Nd,Pr,Sm,Tb,Tm,Yb",14
CCCCCCN(CCC(C)CCCC(C)C)C(=O)COCC(=O)N(CCCCCC)CCC(C)CCCC(C)C,14,1,"Ce,Dy,Er,Eu,Gd,Ho,La,Lu,Nd,Pr,Sm,Tb,Tm,Yb",14
CCCCCCN(CCCCCC)C(=O)CC(=O)N(CCCCCC)CCCCCC,9,1,"Dy,Er,Eu,Gd,La,Nd,Pr,Sm,Tb",9
CCCCCCN(CCCCCC)C(=O)COCC(=O)N(CCCCCC)CCCCCC,8,1,"Dy,Er,Eu,Gd,La,Lu,Nd,Sm",8
CCCCCCOCCC(C(=O)N(C)CCCC)C(=O)N(C)CCCC,3,1,"Eu,La,Nd",3
CCCCCCOP(=O)(O)OCCCCCC,10,1,"Ce,Dy,Eu,Gd,Ho,La,Nd,Pr,Sm,Tb",19
CCCCCCc1ccc(N(CC)C(=O)c2cccc(-c3cccc(C(=O)N(CC)c4ccc(CCCCCC)cc4)n3)n2)cc1,14,1,"Ce,Dy,Er,Eu,Gd,Ho,La,Lu,Nd,Pr,Sm,Tb,Tm,Yb",14
CCCCCCn1c(-c2ccccc2)c(-c2ccccc2)c2cc3ccc4cc5c(-c6ccccc6)c(-c6ccccc6)n(CCCCCC)c(=O)c5nc4c3nc2c1=O,13,1,"Ce,Dy,Er,Eu,Gd,Ho,La,Lu,Nd,Pr,Sm,Tb,Yb",23
CCCCCc1nnc(-c2cccc(-c3cccc(-c4nnc(CCCCC)c(CCCCC)n4)n3)n2)nc1CCCCC,13,1,"Ce,Dy,Er,Eu,Gd,Ho,La,Lu,Nd,Pr,Sm,Tb,Yb",14
CCCCN(C)C(=O)CC(=O)N(C)CCCC,3,1,"Eu,La,Nd",3
CCCCN(CCCC)C(=O)C(Cc1ccccc1CC(C(=O)N(CCCC)CCCC)C(=O)N(CCCC)CCCC)C(=O)N(CCCC)CCCC,4,1,"Dy,Eu,La,Nd",8
CCCCN(CCCC)C(=O)CC(=O)N(CCCC)CCCC,9,1,"Dy,Er,Eu,Gd,La,Nd,Pr,Sm,Tb",9
CCCCN(CCCC)C(=O)CCC(=O)N(CCCC)CCCC,5,1,"Dy,Eu,Gd,Nd,Sm",6
CCCCN(CCCC)C(=O)COCC(=O)N(CCCC)CCCC,11,1,"Ce,Dy,Er,Eu,Gd,La,Lu,Nd,Sm,Tb,Yb",14
CCCCN(CCCC)C(=O)c1ccc2ccc3ccc(C(=O)N(CCCC)CCCC)nc3c2n1,14,1,"Ce,Dy,Er,Eu,Gd,Ho,La,Lu,Nd,Pr,Sm,Tb,Tm,Yb",14
CCCCN(CCCC)C(=O)c1ccccc1C(=O)O,3,1,"Er,Eu,La",3
CCCN(CCC)C(=O)COCC(=O)N(CCC)CCC,10,1,"Ce,Dy,Er,Eu,Gd,La,Lu,Nd,Pr,Tm",10
CCCc1nnc(-c2cccc(-c3nnc(CCC)c(CCC)n3)n2)nc1CCC,14,1,"Ce,Dy,Er,Eu,Gd,Ho,La,Lu,Nd,Pr,Sm,Tb,Tm,Yb",14
CCN(C(=O)c1ccc2ccc3ccc(C(=O)N(CC)c4ccc(C)cc4)nc3c2n1)c1ccc(C)cc1,3,1,"Eu,La,Yb",3
CCN(C(=O)c1cccc(-c2cccc(C(=O)N(CC)c3cc(C)cc(C)c3)n2)n1)c1cc(C)cc(C)c1,14,1,"Ce,Dy,Er,Eu,Gd,Ho,La,Lu,Nd,Pr,Sm,Tb,Tm,Yb",15
CCN(C(=O)c1cccc(-c2cccc(C(=O)N(CC)c3cc(C)ccc3C)n2)n1)c1cc(C)ccc1C,14,1,"Ce,Dy,Er,Eu,Gd,Ho,La,Lu,Nd,Pr,Sm,Tb,Tm,Yb",14
CCN(C(=O)c1cccc(-c2cccc(C(=O)N(CC)c3ccc(C)cc3C)n2)n1)c1ccc(C)cc1C,14,1,"Ce,Dy,Er,Eu,Gd,Ho,La,Lu,Nd,Pr,Sm,Tb,Tm,Yb",14
CCN(C(=O)c1cccc(-c2cccc(C(=O)N(CC)c3ccccc3)n2)n1)c1ccccc1,14,1,"Ce,Dy,Er,Eu,Gd,Ho,La,Lu,Nd,Pr,Sm,Tb,Tm,Yb",14
CCN(C(=O)c1cccc(C(=O)N(CC)c2ccc(C)cc2)n1)c1ccc(C)cc1,14,1,"Ce,Dy,Er,Eu,Gd,Ho,La,Lu,Nd,Pr,Sm,Tb,Tm,Yb",14
CCN(C(=O)c1cccc(C(=O)N(CC)c2cccc(C)c2)n1)c1cccc(C)c1,14,1,"Ce,Dy,Er,Eu,Gd,Ho,La,Lu,Nd,Pr,Sm,Tb,Tm,Yb",14
CCN(C(=O)c1cccc(C(=O)N(CC)c2ccccc2C)n1)c1ccccc1C,14,1,"Ce,Dy,Er,Eu,Gd,Ho,La,Lu,Nd,Pr,Sm,Tb,Tm,Yb",14
CCN(CC)C(=O)COCC(=O)N(CC)CC,14,1,"Ce,Dy,Er,Eu,Gd,Ho,La,Lu,Nd,Pr,Sm,Tb,Tm,Yb",14
CCc1ccc(N(CC)C(=O)c2ccc3ccc4ccc(C(=O)N(CC)c5ccc(CC)cc5)nc4c3n2)cc1,14,1,"Ce,Dy,Er,Eu,Gd,Ho,La,Lu,Nd,Pr,Sm,Tb,Tm,Yb",14
CN(C(=O)CC(=O)N(C)c1ccccc1)c1ccccc1,14,1,"Ce,Dy,Er,Eu,Gd,Ho,La,Lu,Nd,Pr,Sm,Tb,Tm,Yb",14
CN(C(=O)COCC(=O)N(C)c1ccccc1)c1ccccc1,13,1,"Ce,Dy,Er,Eu,Gd,Ho,La,Lu,Nd,Pr,Sm,Tm,Yb",13
CN(C(=O)c1cccc(C(=O)N(C)c2ccccc2)n1)c1ccccc1,14,1,"Ce,Dy,Er,Eu,Gd,Ho,La,Lu,Nd,Pr,Sm,Tb,Tm,Yb",14
COCCN(CCOC)C(=O)COCC(=O)N(CCOC)CCOC,13,1,"Ce,Dy,Er,Eu,Gd,Ho,La,Lu,Nd,Pr,Sm,Tm,Yb",13
O=C(COCC(=O)N1CCCCC1)N1CCCCC1,14,1,"Ce,Dy,Er,Eu,Gd,Ho,La,Lu,Nd,Pr,Sm,Tb,Tm,Yb",16
O=C(O)CN(CC(=O)O)C1CCCCC1N(CC(=O)O)CC(=O)O,8,1,"Ce,Dy,Eu,Gd,La,Nd,Pr,Sm",8
O=C(O)CN(CCO)CCN(CC(=O)O)CC(=O)O,8,1,"Ce,Dy,Eu,Gd,La,Nd,Pr,Sm",8
O=C(c1cc(Cl)c2ccc3c(Cl)cc(C(=O)N4CCCC4)nc3c2n1)N1CCCC1,14,1,"Ce,Dy,Er,Eu,Gd,Ho,La,Lu,Nd,Pr,Sm,Tb,Tm,Yb",14
O=c1c(O)c(-c2ccc(O)c(O)c2)oc2cc(O)cc(O)c12,2,1,"Eu,La",4
c1cc2nc(c1)COc1ccccc1OCCOCCOc1ccccc1OC2,5,1,"Ce,Er,Eu,La,Pr",5
c1ccc2c(c1)OCCOCCOc1ccccc1OCCOCCO2,5,1,"Ce,Er,Eu,La,Pr",7
