build_id,reference,Atomic Number_metal,metal_symbol,metal_ox,canonical_smiles,SMILES_FOR_ARCHITECTOR,COORDLIST,DONOR_TYPES,DENTATE,coreCN,n_ligs,inner_sphere_anion,fill_ligand,n_fill,geometry_key,rows_covered,condition_variant_count,condition_environment_examples,acid_concentration_M_min,acid_concentration_M_max,temperature_C_min,temperature_C_max,geometry_status,geometry_note,xyz_path,mol2_path,sdf_path,rescue_reason,ligType
f3f070427c1f,,63,Eu,3,CCCCCCCCN(CCCCCCCC)C(=O)CN(CC(=O)N(CCCCCCCC)CCCCCCCC)CC(=O)N(CCCCCCCC)CCCCCCCC,CCCCCCCCN(CCCCCCCC)C(=O)CN(CC(=O)N(CCCCCCCC)CCCCCCCC)CC(=O)N(CCCCCCCC)CCCCCCCC,"[18, 20, 23, 43]","[""O(amide_carbonyl)"", ""N(amine)"", ""O(amide_carbonyl)"", ""O(amide_carbonyl)""]",4,9,2,nitrate,nitrate,1,63|CCCCCCCCN(CCCCCCCC)C(=O)CN(CC(=O)N(CCCCCCCC)CCCCCCCC)CC(=O)N(CCCCCCCC)CCCCCCCC|nitrate,11,7,acid_class=nitrate|acid_strength_bin=high|nitrate_activity=high|pH_bin=missing|diluent_family=aliphatic_hydrocarbon|modifier_class=none|temperature_bin=ambient|contact_time_bin=short|shaking_time_bin=missing|phase_ratio_bin=missing;acid_class=nitrate|acid_strength_bin=high|nitrate_activity=high|pH_bin=missing|diluent_family=other|modifier_class=none|temperature_bin=ambient|contact_time_bin=short|shaking_time_bin=missing|phase_ratio_bin=missing;acid_class=nitrate|acid_strength_bin=low|nitrate_activity=low|pH_bin=missing|diluent_family=aliphatic_hydrocarbon|modifier_class=none|temperature_bin=ambient|contact_time_bin=short|shaking_time_bin=missing|phase_ratio_bin=missing;acid_class=nitrate|acid_strength_bin=low|nitrate_activity=low|pH_bin=missing|diluent_family=other|modifier_class=none|temperature_bin=ambient|contact_time_bin=short|shaking_time_bin=missing|phase_ratio_bin=missing;acid_class=nitrate|acid_strength_bin=medium|nitrate_activity=medium|pH_bin=missing|diluent_family=aliphatic_hydrocarbon|modifier_class=none|temperature_bin=ambient|contact_time_bin=medium|shaking_time_bin=missing|phase_ratio_bin=missing,0.10017,4.139,22.0,25.0,planned,fill_1x_nitrate,,,,missing_from_current_merged_index_after_skipped_known_bad_ligtype,tetra_trigonal_pyramidal
bd11f8c14383,,64,Gd,3,CCCCCCCCN(CCCCCCCC)C(=O)CN(CC(=O)N(CCCCCCCC)CCCCCCCC)CC(=O)N(CCCCCCCC)CCCCCCCC,CCCCCCCCN(CCCCCCCC)C(=O)CN(CC(=O)N(CCCCCCCC)CCCCCCCC)CC(=O)N(CCCCCCCC)CCCCCCCC,"[18, 20, 23, 43]","[""O(amide_carbonyl)"", ""N(amine)"", ""O(amide_carbonyl)"", ""O(amide_carbonyl)""]",4,9,2,nitrate,nitrate,1,64|CCCCCCCCN(CCCCCCCC)C(=O)CN(CC(=O)N(CCCCCCCC)CCCCCCCC)CC(=O)N(CCCCCCCC)CCCCCCCC|nitrate,1,1,acid_class=nitrate|acid_strength_bin=medium|nitrate_activity=medium|pH_bin=missing|diluent_family=aliphatic_hydrocarbon|modifier_class=none|temperature_bin=ambient|contact_time_bin=medium|shaking_time_bin=missing|phase_ratio_bin=missing,1.0,1.0,25.0,25.0,planned,fill_1x_nitrate,,,,missing_from_current_merged_index_after_skipped_known_bad_ligtype,tetra_trigonal_pyramidal
b72884625baf,,67,Ho,3,CCCCCCCCN(CCCCCCCC)C(=O)CN(CC(=O)N(CCCCCCCC)CCCCCCCC)CC(=O)N(CCCCCCCC)CCCCCCCC,CCCCCCCCN(CCCCCCCC)C(=O)CN(CC(=O)N(CCCCCCCC)CCCCCCCC)CC(=O)N(CCCCCCCC)CCCCCCCC,"[18, 20, 23, 43]","[""O(amide_carbonyl)"", ""N(amine)"", ""O(amide_carbonyl)"", ""O(amide_carbonyl)""]",4,8,2,nitrate,nitrate,0,67|CCCCCCCCN(CCCCCCCC)C(=O)CN(CC(=O)N(CCCCCCCC)CCCCCCCC)CC(=O)N(CCCCCCCC)CCCCCCCC|nitrate,1,1,acid_class=nitrate|acid_strength_bin=medium|nitrate_activity=medium|pH_bin=missing|diluent_family=aliphatic_hydrocarbon|modifier_class=none|temperature_bin=ambient|contact_time_bin=medium|shaking_time_bin=missing|phase_ratio_bin=missing,1.0,1.0,25.0,25.0,planned,ok,,,,missing_from_current_merged_index_after_skipped_known_bad_ligtype,tetra_trigonal_pyramidal
033b4c93146d,,57,La,3,CCCCCCCCN(CCCCCCCC)C(=O)CN(CC(=O)N(CCCCCCCC)CCCCCCCC)CC(=O)N(CCCCCCCC)CCCCCCCC,CCCCCCCCN(CCCCCCCC)C(=O)CN(CC(=O)N(CCCCCCCC)CCCCCCCC)CC(=O)N(CCCCCCCC)CCCCCCCC,"[18, 20, 23, 43]","[""O(amide_carbonyl)"", ""N(amine)"", ""O(amide_carbonyl)"", ""O(amide_carbonyl)""]",4,9,2,nitrate,nitrate,1,57|CCCCCCCCN(CCCCCCCC)C(=O)CN(CC(=O)N(CCCCCCCC)CCCCCCCC)CC(=O)N(CCCCCCCC)CCCCCCCC|nitrate,1,1,acid_class=nitrate|acid_strength_bin=medium|nitrate_activity=medium|pH_bin=missing|diluent_family=aliphatic_hydrocarbon|modifier_class=none|temperature_bin=ambient|contact_time_bin=medium|shaking_time_bin=missing|phase_ratio_bin=missing,1.0,1.0,25.0,25.0,planned,fill_1x_nitrate,,,,missing_from_current_merged_index_after_skipped_known_bad_ligtype,tetra_trigonal_pyramidal
a5b6774306ad,,71,Lu,3,CCCCCCCCN(CCCCCCCC)C(=O)CN(CC(=O)N(CCCCCCCC)CCCCCCCC)CC(=O)N(CCCCCCCC)CCCCCCCC,CCCCCCCCN(CCCCCCCC)C(=O)CN(CC(=O)N(CCCCCCCC)CCCCCCCC)CC(=O)N(CCCCCCCC)CCCCCCCC,"[18, 20, 23, 43]","[""O(amide_carbonyl)"", ""N(amine)"", ""O(amide_carbonyl)"", ""O(amide_carbonyl)""]",4,8,2,nitrate,nitrate,0,71|CCCCCCCCN(CCCCCCCC)C(=O)CN(CC(=O)N(CCCCCCCC)CCCCCCCC)CC(=O)N(CCCCCCCC)CCCCCCCC|nitrate,1,1,acid_class=nitrate|acid_strength_bin=medium|nitrate_activity=medium|pH_bin=missing|diluent_family=aliphatic_hydrocarbon|modifier_class=none|temperature_bin=ambient|contact_time_bin=medium|shaking_time_bin=missing|phase_ratio_bin=missing,1.0,1.0,25.0,25.0,planned,ok,,,,missing_from_current_merged_index_after_skipped_known_bad_ligtype,tetra_trigonal_pyramidal
e0bff762c05d,,60,Nd,3,CCCCCCCCN(CCCCCCCC)C(=O)CN(CC(=O)N(CCCCCCCC)CCCCCCCC)CC(=O)N(CCCCCCCC)CCCCCCCC,CCCCCCCCN(CCCCCCCC)C(=O)CN(CC(=O)N(CCCCCCCC)CCCCCCCC)CC(=O)N(CCCCCCCC)CCCCCCCC,"[18, 20, 23, 43]","[""O(amide_carbonyl)"", ""N(amine)"", ""O(amide_carbonyl)"", ""O(amide_carbonyl)""]",4,9,2,nitrate,nitrate,1,60|CCCCCCCCN(CCCCCCCC)C(=O)CN(CC(=O)N(CCCCCCCC)CCCCCCCC)CC(=O)N(CCCCCCCC)CCCCCCCC|nitrate,1,1,acid_class=nitrate|acid_strength_bin=medium|nitrate_activity=medium|pH_bin=missing|diluent_family=aliphatic_hydrocarbon|modifier_class=none|temperature_bin=ambient|contact_time_bin=medium|shaking_time_bin=missing|phase_ratio_bin=missing,1.0,1.0,25.0,25.0,planned,fill_1x_nitrate,,,,missing_from_current_merged_index_after_skipped_known_bad_ligtype,tetra_trigonal_pyramidal
0a5ee26d567d,,59,Pr,3,CCCCCCCCN(CCCCCCCC)C(=O)CN(CC(=O)N(CCCCCCCC)CCCCCCCC)CC(=O)N(CCCCCCCC)CCCCCCCC,CCCCCCCCN(CCCCCCCC)C(=O)CN(CC(=O)N(CCCCCCCC)CCCCCCCC)CC(=O)N(CCCCCCCC)CCCCCCCC,"[18, 20, 23, 43]","[""O(amide_carbonyl)"", ""N(amine)"", ""O(amide_carbonyl)"", ""O(amide_carbonyl)""]",4,9,2,nitrate,nitrate,1,59|CCCCCCCCN(CCCCCCCC)C(=O)CN(CC(=O)N(CCCCCCCC)CCCCCCCC)CC(=O)N(CCCCCCCC)CCCCCCCC|nitrate,1,1,acid_class=nitrate|acid_strength_bin=medium|nitrate_activity=medium|pH_bin=missing|diluent_family=aliphatic_hydrocarbon|modifier_class=none|temperature_bin=ambient|contact_time_bin=medium|shaking_time_bin=missing|phase_ratio_bin=missing,1.0,1.0,25.0,25.0,planned,fill_1x_nitrate,,,,missing_from_current_merged_index_after_skipped_known_bad_ligtype,tetra_trigonal_pyramidal
bef90f96562a,,62,Sm,3,CCCCCCCCN(CCCCCCCC)C(=O)CN(CC(=O)N(CCCCCCCC)CCCCCCCC)CC(=O)N(CCCCCCCC)CCCCCCCC,CCCCCCCCN(CCCCCCCC)C(=O)CN(CC(=O)N(CCCCCCCC)CCCCCCCC)CC(=O)N(CCCCCCCC)CCCCCCCC,"[18, 20, 23, 43]","[""O(amide_carbonyl)"", ""N(amine)"", ""O(amide_carbonyl)"", ""O(amide_carbonyl)""]",4,9,2,nitrate,nitrate,1,62|CCCCCCCCN(CCCCCCCC)C(=O)CN(CC(=O)N(CCCCCCCC)CCCCCCCC)CC(=O)N(CCCCCCCC)CCCCCCCC|nitrate,1,1,acid_class=nitrate|acid_strength_bin=medium|nitrate_activity=medium|pH_bin=missing|diluent_family=aliphatic_hydrocarbon|modifier_class=none|temperature_bin=ambient|contact_time_bin=medium|shaking_time_bin=missing|phase_ratio_bin=missing,1.0,1.0,25.0,25.0,planned,fill_1x_nitrate,,,,missing_from_current_merged_index_after_skipped_known_bad_ligtype,tetra_trigonal_pyramidal
e54b7e0eebc9,,65,Tb,3,CCCCCCCCN(CCCCCCCC)C(=O)CN(CC(=O)N(CCCCCCCC)CCCCCCCC)CC(=O)N(CCCCCCCC)CCCCCCCC,CCCCCCCCN(CCCCCCCC)C(=O)CN(CC(=O)N(CCCCCCCC)CCCCCCCC)CC(=O)N(CCCCCCCC)CCCCCCCC,"[18, 20, 23, 43]","[""O(amide_carbonyl)"", ""N(amine)"", ""O(amide_carbonyl)"", ""O(amide_carbonyl)""]",4,8,2,nitrate,nitrate,0,65|CCCCCCCCN(CCCCCCCC)C(=O)CN(CC(=O)N(CCCCCCCC)CCCCCCCC)CC(=O)N(CCCCCCCC)CCCCCCCC|nitrate,1,1,acid_class=nitrate|acid_strength_bin=medium|nitrate_activity=medium|pH_bin=missing|diluent_family=aliphatic_hydrocarbon|modifier_class=none|temperature_bin=ambient|contact_time_bin=medium|shaking_time_bin=missing|phase_ratio_bin=missing,1.0,1.0,25.0,25.0,planned,ok,,,,missing_from_current_merged_index_after_skipped_known_bad_ligtype,tetra_trigonal_pyramidal
7dc84a0bd047,,69,Tm,3,CCCCCCCCN(CCCCCCCC)C(=O)CN(CC(=O)N(CCCCCCCC)CCCCCCCC)CC(=O)N(CCCCCCCC)CCCCCCCC,CCCCCCCCN(CCCCCCCC)C(=O)CN(CC(=O)N(CCCCCCCC)CCCCCCCC)CC(=O)N(CCCCCCCC)CCCCCCCC,"[18, 20, 23, 43]","[""O(amide_carbonyl)"", ""N(amine)"", ""O(amide_carbonyl)"", ""O(amide_carbonyl)""]",4,8,2,nitrate,nitrate,0,69|CCCCCCCCN(CCCCCCCC)C(=O)CN(CC(=O)N(CCCCCCCC)CCCCCCCC)CC(=O)N(CCCCCCCC)CCCCCCCC|nitrate,1,1,acid_class=nitrate|acid_strength_bin=medium|nitrate_activity=medium|pH_bin=missing|diluent_family=aliphatic_hydrocarbon|modifier_class=none|temperature_bin=ambient|contact_time_bin=medium|shaking_time_bin=missing|phase_ratio_bin=missing,1.0,1.0,25.0,25.0,planned,ok,,,,missing_from_current_merged_index_after_skipped_known_bad_ligtype,tetra_trigonal_pyramidal
3927fc1f583b,,70,Yb,3,CCCCCCCCN(CCCCCCCC)C(=O)CN(CC(=O)N(CCCCCCCC)CCCCCCCC)CC(=O)N(CCCCCCCC)CCCCCCCC,CCCCCCCCN(CCCCCCCC)C(=O)CN(CC(=O)N(CCCCCCCC)CCCCCCCC)CC(=O)N(CCCCCCCC)CCCCCCCC,"[18, 20, 23, 43]","[""O(amide_carbonyl)"", ""N(amine)"", ""O(amide_carbonyl)"", ""O(amide_carbonyl)""]",4,8,2,nitrate,nitrate,0,70|CCCCCCCCN(CCCCCCCC)C(=O)CN(CC(=O)N(CCCCCCCC)CCCCCCCC)CC(=O)N(CCCCCCCC)CCCCCCCC|nitrate,1,1,acid_class=nitrate|acid_strength_bin=medium|nitrate_activity=medium|pH_bin=missing|diluent_family=aliphatic_hydrocarbon|modifier_class=none|temperature_bin=ambient|contact_time_bin=medium|shaking_time_bin=missing|phase_ratio_bin=missing,1.0,1.0,25.0,25.0,planned,ok,,,,missing_from_current_merged_index_after_skipped_known_bad_ligtype,tetra_trigonal_pyramidal
f8ea0c6a57d9,,57,La,3,CCCCCCCCCCN(CCCCCCCCCC)C(=O)C(C)OC(C)C(=O)N(CCCCCCCCCC)CCCCCCCCCC,CCCCCCCCCCN(CCCCCCCCCC)C(=O)C(C)OC(C)C(=O)N(CCCCCCCCCC)CCCCCCCCCC,"[22, 25, 29]","[""O(amide_carbonyl)"", ""O(ether)"", ""O(amide_carbonyl)""]",3,9,3,nitrate,nitrate,0,57|CCCCCCCCCCN(CCCCCCCCCC)C(=O)C(C)OC(C)C(=O)N(CCCCCCCCCC)CCCCCCCCCC|nitrate,5,2,acid_class=nitrate|acid_strength_bin=high|nitrate_activity=high|pH_bin=missing|diluent_family=aliphatic_hydrocarbon|modifier_class=none|temperature_bin=ambient|contact_time_bin=medium|shaking_time_bin=missing|phase_ratio_bin=missing;acid_class=nitrate|acid_strength_bin=medium|nitrate_activity=medium|pH_bin=missing|diluent_family=aliphatic_hydrocarbon|modifier_class=none|temperature_bin=ambient|contact_time_bin=medium|shaking_time_bin=missing|phase_ratio_bin=missing,1.6,5.6,25.0,25.0,planned,ok,,,,missing_from_current_merged_index_after_skipped_known_bad_ligtype,tri_mer_bent
f9562d4a626b,,58,Ce,3,CCCCCCCCCCN(CCCCCCCCCC)C(=O)C(C)OC(C)C(=O)N(CCCCCCCCCC)CCCCCCCCCC,CCCCCCCCCCN(CCCCCCCCCC)C(=O)C(C)OC(C)C(=O)N(CCCCCCCCCC)CCCCCCCCCC,"[22, 25, 29]","[""O(amide_carbonyl)"", ""O(ether)"", ""O(amide_carbonyl)""]",3,9,3,nitrate,nitrate,0,58|CCCCCCCCCCN(CCCCCCCCCC)C(=O)C(C)OC(C)C(=O)N(CCCCCCCCCC)CCCCCCCCCC|nitrate,5,2,acid_class=nitrate|acid_strength_bin=high|nitrate_activity=high|pH_bin=missing|diluent_family=aliphatic_hydrocarbon|modifier_class=none|temperature_bin=ambient|contact_time_bin=medium|shaking_time_bin=missing|phase_ratio_bin=missing;acid_class=nitrate|acid_strength_bin=medium|nitrate_activity=medium|pH_bin=missing|diluent_family=aliphatic_hydrocarbon|modifier_class=none|temperature_bin=ambient|contact_time_bin=medium|shaking_time_bin=missing|phase_ratio_bin=missing,1.6,5.6,25.0,25.0,planned,ok,,,,missing_from_current_merged_index_after_skipped_known_bad_ligtype,tri_mer_bent
002121ae5677,,59,Pr,3,CCCCCCCCCCN(CCCCCCCCCC)C(=O)C(C)OC(C)C(=O)N(CCCCCCCCCC)CCCCCCCCCC,CCCCCCCCCCN(CCCCCCCCCC)C(=O)C(C)OC(C)C(=O)N(CCCCCCCCCC)CCCCCCCCCC,"[22, 25, 29]","[""O(amide_carbonyl)"", ""O(ether)"", ""O(amide_carbonyl)""]",3,9,3,nitrate,nitrate,0,59|CCCCCCCCCCN(CCCCCCCCCC)C(=O)C(C)OC(C)C(=O)N(CCCCCCCCCC)CCCCCCCCCC|nitrate,5,2,acid_class=nitrate|acid_strength_bin=high|nitrate_activity=high|pH_bin=missing|diluent_family=aliphatic_hydrocarbon|modifier_class=none|temperature_bin=ambient|contact_time_bin=medium|shaking_time_bin=missing|phase_ratio_bin=missing;acid_class=nitrate|acid_strength_bin=medium|nitrate_activity=medium|pH_bin=missing|diluent_family=aliphatic_hydrocarbon|modifier_class=none|temperature_bin=ambient|contact_time_bin=medium|shaking_time_bin=missing|phase_ratio_bin=missing,1.6,5.6,25.0,25.0,planned,ok,,,,missing_from_current_merged_index_after_skipped_known_bad_ligtype,tri_mer_bent
b63ff46d0633,,59,Pr,3,CCCCCCCCCCCCN(CCCCCCCCCCCC)C(=O)COCC(=O)N(CCCCCCCCCCCC)CCCCCCCCCCCC,CCCCCCCCCCCCN(CCCCCCCCCCCC)C(=O)COCC(=O)N(CCCCCCCCCCCC)CCCCCCCCCCCC,"[26, 28, 31]","[""O(amide_carbonyl)"", ""O(ether)"", ""O(amide_carbonyl)""]",3,9,3,nitrate,nitrate,0,59|CCCCCCCCCCCCN(CCCCCCCCCCCC)C(=O)COCC(=O)N(CCCCCCCCCCCC)CCCCCCCCCCCC|nitrate,12,2,acid_class=nitrate|acid_strength_bin=high|nitrate_activity=high|pH_bin=missing|diluent_family=aliphatic_hydrocarbon|modifier_class=none|temperature_bin=ambient|contact_time_bin=short|shaking_time_bin=missing|phase_ratio_bin=missing;acid_class=nitrate|acid_strength_bin=medium|nitrate_activity=medium|pH_bin=missing|diluent_family=aliphatic_hydrocarbon|modifier_class=none|temperature_bin=ambient|contact_time_bin=short|shaking_time_bin=missing|phase_ratio_bin=missing,0.5,4.0,25.0,25.0,planned,ok,,,,missing_from_current_merged_index_after_skipped_known_bad_ligtype,tri_mer_bent
68ff2a8a7c68,,62,Sm,3,CCCCCCCCCCCCN(CCCCCCCCCCCC)C(=O)COCC(=O)N(CCCCCCCCCCCC)CCCCCCCCCCCC,CCCCCCCCCCCCN(CCCCCCCCCCCC)C(=O)COCC(=O)N(CCCCCCCCCCCC)CCCCCCCCCCCC,"[26, 28, 31]","[""O(amide_carbonyl)"", ""O(ether)"", ""O(amide_carbonyl)""]",3,9,3,nitrate,nitrate,0,62|CCCCCCCCCCCCN(CCCCCCCCCCCC)C(=O)COCC(=O)N(CCCCCCCCCCCC)CCCCCCCCCCCC|nitrate,13,3,acid_class=nitrate|acid_strength_bin=high|nitrate_activity=high|pH_bin=missing|diluent_family=aliphatic_hydrocarbon|modifier_class=none|temperature_bin=ambient|contact_time_bin=short|shaking_time_bin=missing|phase_ratio_bin=missing;acid_class=nitrate|acid_strength_bin=medium|nitrate_activity=medium|pH_bin=missing|diluent_family=aliphatic_hydrocarbon|modifier_class=none|temperature_bin=ambient|contact_time_bin=short|shaking_time_bin=missing|phase_ratio_bin=missing;acid_class=nitrate|acid_strength_bin=medium|nitrate_activity=medium|pH_bin=missing|diluent_family=aromatic|modifier_class=none|temperature_bin=ambient|contact_time_bin=short|shaking_time_bin=missing|phase_ratio_bin=missing,0.5,4.0,25.0,25.0,planned,ok,,,,missing_from_current_merged_index_after_skipped_known_bad_ligtype,tri_mer_bent
9b52da38293d,,64,Gd,3,CCCCCCCCCCCCN(CCCCCCCCCCCC)C(=O)COCC(=O)N(CCCCCCCCCCCC)CCCCCCCCCCCC,CCCCCCCCCCCCN(CCCCCCCCCCCC)C(=O)COCC(=O)N(CCCCCCCCCCCC)CCCCCCCCCCCC,"[26, 28, 31]","[""O(amide_carbonyl)"", ""O(ether)"", ""O(amide_carbonyl)""]",3,9,3,nitrate,nitrate,0,64|CCCCCCCCCCCCN(CCCCCCCCCCCC)C(=O)COCC(=O)N(CCCCCCCCCCCC)CCCCCCCCCCCC|nitrate,16,3,acid_class=nitrate|acid_strength_bin=high|nitrate_activity=high|pH_bin=missing|diluent_family=aliphatic_hydrocarbon|modifier_class=none|temperature_bin=ambient|contact_time_bin=short|shaking_time_bin=missing|phase_ratio_bin=missing;acid_class=nitrate|acid_strength_bin=medium|nitrate_activity=medium|pH_bin=missing|diluent_family=aliphatic_hydrocarbon|modifier_class=none|temperature_bin=ambient|contact_time_bin=short|shaking_time_bin=missing|phase_ratio_bin=missing;acid_class=nitrate|acid_strength_bin=medium|nitrate_activity=medium|pH_bin=missing|diluent_family=aromatic|modifier_class=none|temperature_bin=ambient|contact_time_bin=short|shaking_time_bin=missing|phase_ratio_bin=missing,0.5,4.0,25.0,25.0,planned,ok,,,,missing_from_current_merged_index_after_skipped_known_bad_ligtype,tri_mer_bent
4211f1780bf5,,65,Tb,3,CCCCCCCCCCCCN(CCCCCCCCCCCC)C(=O)COCC(=O)N(CCCCCCCCCCCC)CCCCCCCCCCCC,CCCCCCCCCCCCN(CCCCCCCCCCCC)C(=O)COCC(=O)N(CCCCCCCCCCCC)CCCCCCCCCCCC,"[26, 28, 31]","[""O(amide_carbonyl)"", ""O(ether)"", ""O(amide_carbonyl)""]",3,8,2,nitrate,nitrate,2,65|CCCCCCCCCCCCN(CCCCCCCCCCCC)C(=O)COCC(=O)N(CCCCCCCCCCCC)CCCCCCCCCCCC|nitrate,12,2,acid_class=nitrate|acid_strength_bin=high|nitrate_activity=high|pH_bin=missing|diluent_family=aliphatic_hydrocarbon|modifier_class=none|temperature_bin=ambient|contact_time_bin=short|shaking_time_bin=missing|phase_ratio_bin=missing;acid_class=nitrate|acid_strength_bin=medium|nitrate_activity=medium|pH_bin=missing|diluent_family=aliphatic_hydrocarbon|modifier_class=none|temperature_bin=ambient|contact_time_bin=short|shaking_time_bin=missing|phase_ratio_bin=missing,0.5,4.0,25.0,25.0,planned,fill_2x_nitrate,,,,missing_from_current_merged_index_after_skipped_known_bad_ligtype,tri_mer_bent
bdc8ba8ab563,,66,Dy,3,CCCCCCCCCCCCN(CCCCCCCCCCCC)C(=O)COCC(=O)N(CCCCCCCCCCCC)CCCCCCCCCCCC,CCCCCCCCCCCCN(CCCCCCCCCCCC)C(=O)COCC(=O)N(CCCCCCCCCCCC)CCCCCCCCCCCC,"[26, 28, 31]","[""O(amide_carbonyl)"", ""O(ether)"", ""O(amide_carbonyl)""]",3,8,2,nitrate,nitrate,2,66|CCCCCCCCCCCCN(CCCCCCCCCCCC)C(=O)COCC(=O)N(CCCCCCCCCCCC)CCCCCCCCCCCC|nitrate,18,5,acid_class=nitrate|acid_strength_bin=high|nitrate_activity=high|pH_bin=missing|diluent_family=aliphatic_hydrocarbon|modifier_class=none|temperature_bin=ambient|contact_time_bin=short|shaking_time_bin=missing|phase_ratio_bin=missing;acid_class=nitrate|acid_strength_bin=high|nitrate_activity=high|pH_bin=missing|diluent_family=aromatic|modifier_class=none|temperature_bin=ambient|contact_time_bin=short|shaking_time_bin=missing|phase_ratio_bin=missing;acid_class=nitrate|acid_strength_bin=low|nitrate_activity=low|pH_bin=missing|diluent_family=aromatic|modifier_class=none|temperature_bin=ambient|contact_time_bin=short|shaking_time_bin=missing|phase_ratio_bin=missing;acid_class=nitrate|acid_strength_bin=medium|nitrate_activity=medium|pH_bin=missing|diluent_family=aliphatic_hydrocarbon|modifier_class=none|temperature_bin=ambient|contact_time_bin=short|shaking_time_bin=missing|phase_ratio_bin=missing;acid_class=nitrate|acid_strength_bin=medium|nitrate_activity=medium|pH_bin=missing|diluent_family=aromatic|modifier_class=none|temperature_bin=ambient|contact_time_bin=short|shaking_time_bin=missing|phase_ratio_bin=missing,0.0970588,4.99853,25.0,25.0,planned,fill_2x_nitrate,,,,missing_from_current_merged_index_after_skipped_known_bad_ligtype,tri_mer_bent
0d1fa3691af2,,67,Ho,3,CCCCCCCCCCCCN(CCCCCCCCCCCC)C(=O)COCC(=O)N(CCCCCCCCCCCC)CCCCCCCCCCCC,CCCCCCCCCCCCN(CCCCCCCCCCCC)C(=O)COCC(=O)N(CCCCCCCCCCCC)CCCCCCCCCCCC,"[26, 28, 31]","[""O(amide_carbonyl)"", ""O(ether)"", ""O(amide_carbonyl)""]",3,8,2,nitrate,nitrate,2,67|CCCCCCCCCCCCN(CCCCCCCCCCCC)C(=O)COCC(=O)N(CCCCCCCCCCCC)CCCCCCCCCCCC|nitrate,12,2,acid_class=nitrate|acid_strength_bin=high|nitrate_activity=high|pH_bin=missing|diluent_family=aliphatic_hydrocarbon|modifier_class=none|temperature_bin=ambient|contact_time_bin=short|shaking_time_bin=missing|phase_ratio_bin=missing;acid_class=nitrate|acid_strength_bin=medium|nitrate_activity=medium|pH_bin=missing|diluent_family=aliphatic_hydrocarbon|modifier_class=none|temperature_bin=ambient|contact_time_bin=short|shaking_time_bin=missing|phase_ratio_bin=missing,0.5,4.0,25.0,25.0,planned,fill_2x_nitrate,,,,missing_from_current_merged_index_after_skipped_known_bad_ligtype,tri_mer_bent
f93dab8ec08b,,68,Er,3,CCCCCCCCCCCCN(CCCCCCCCCCCC)C(=O)COCC(=O)N(CCCCCCCCCCCC)CCCCCCCCCCCC,CCCCCCCCCCCCN(CCCCCCCCCCCC)C(=O)COCC(=O)N(CCCCCCCCCCCC)CCCCCCCCCCCC,"[26, 28, 31]","[""O(amide_carbonyl)"", ""O(ether)"", ""O(amide_carbonyl)""]",3,8,2,nitrate,nitrate,2,68|CCCCCCCCCCCCN(CCCCCCCCCCCC)C(=O)COCC(=O)N(CCCCCCCCCCCC)CCCCCCCCCCCC|nitrate,13,3,acid_class=nitrate|acid_strength_bin=high|nitrate_activity=high|pH_bin=missing|diluent_family=aliphatic_hydrocarbon|modifier_class=none|temperature_bin=ambient|contact_time_bin=short|shaking_time_bin=missing|phase_ratio_bin=missing;acid_class=nitrate|acid_strength_bin=medium|nitrate_activity=medium|pH_bin=missing|diluent_family=aliphatic_hydrocarbon|modifier_class=none|temperature_bin=ambient|contact_time_bin=short|shaking_time_bin=missing|phase_ratio_bin=missing;acid_class=nitrate|acid_strength_bin=medium|nitrate_activity=medium|pH_bin=missing|diluent_family=aromatic|modifier_class=none|temperature_bin=ambient|contact_time_bin=short|shaking_time_bin=missing|phase_ratio_bin=missing,0.5,4.0,25.0,25.0,planned,fill_2x_nitrate,,,,missing_from_current_merged_index_after_skipped_known_bad_ligtype,tri_mer_bent
6f9944c52b41,,69,Tm,3,CCCCCCCCCCCCN(CCCCCCCCCCCC)C(=O)COCC(=O)N(CCCCCCCCCCCC)CCCCCCCCCCCC,CCCCCCCCCCCCN(CCCCCCCCCCCC)C(=O)COCC(=O)N(CCCCCCCCCCCC)CCCCCCCCCCCC,"[26, 28, 31]","[""O(amide_carbonyl)"", ""O(ether)"", ""O(amide_carbonyl)""]",3,8,2,nitrate,nitrate,2,69|CCCCCCCCCCCCN(CCCCCCCCCCCC)C(=O)COCC(=O)N(CCCCCCCCCCCC)CCCCCCCCCCCC|nitrate,12,2,acid_class=nitrate|acid_strength_bin=high|nitrate_activity=high|pH_bin=missing|diluent_family=aliphatic_hydrocarbon|modifier_class=none|temperature_bin=ambient|contact_time_bin=short|shaking_time_bin=missing|phase_ratio_bin=missing;acid_class=nitrate|acid_strength_bin=medium|nitrate_activity=medium|pH_bin=missing|diluent_family=aliphatic_hydrocarbon|modifier_class=none|temperature_bin=ambient|contact_time_bin=short|shaking_time_bin=missing|phase_ratio_bin=missing,0.5,4.0,25.0,25.0,planned,fill_2x_nitrate,,,,missing_from_current_merged_index_after_skipped_known_bad_ligtype,tri_mer_bent
03fee2e60a8c,,68,Er,3,CCCCCCCCCCCCN(CCCCCCCCCCCC)C(=O)COCCOCC(=O)N(CCCCCCCCCCCC)CCCCCCCCCCCC,CCCCCCCCCCCCN(CCCCCCCCCCCC)C(=O)COCCOCC(=O)N(CCCCCCCCCCCC)CCCCCCCCCCCC,"[26, 28, 31, 34]","[""O(amide_carbonyl)"", ""O(ether)"", ""O(ether)"", ""O(amide_carbonyl)""]",4,8,2,nitrate,nitrate,0,68|CCCCCCCCCCCCN(CCCCCCCCCCCC)C(=O)COCCOCC(=O)N(CCCCCCCCCCCC)CCCCCCCCCCCC|nitrate,10,1,acid_class=nitrate|acid_strength_bin=high|nitrate_activity=high|pH_bin=missing|diluent_family=aliphatic_hydrocarbon|modifier_class=none|temperature_bin=ambient|contact_time_bin=short|shaking_time_bin=missing|phase_ratio_bin=missing,3.0,5.0,25.0,25.0,planned,ok,,,,missing_from_current_merged_index_after_skipped_known_bad_ligtype,tetra_planar_bent
4b32aee3750c,,69,Tm,3,CCCCCCCCCCCCN(CCCCCCCCCCCC)C(=O)COCCOCC(=O)N(CCCCCCCCCCCC)CCCCCCCCCCCC,CCCCCCCCCCCCN(CCCCCCCCCCCC)C(=O)COCCOCC(=O)N(CCCCCCCCCCCC)CCCCCCCCCCCC,"[26, 28, 31, 34]","[""O(amide_carbonyl)"", ""O(ether)"", ""O(ether)"", ""O(amide_carbonyl)""]",4,8,2,nitrate,nitrate,0,69|CCCCCCCCCCCCN(CCCCCCCCCCCC)C(=O)COCCOCC(=O)N(CCCCCCCCCCCC)CCCCCCCCCCCC|nitrate,10,1,acid_class=nitrate|acid_strength_bin=high|nitrate_activity=high|pH_bin=missing|diluent_family=aliphatic_hydrocarbon|modifier_class=none|temperature_bin=ambient|contact_time_bin=short|shaking_time_bin=missing|phase_ratio_bin=missing,3.0,5.0,25.0,25.0,planned,ok,,,,missing_from_current_merged_index_after_skipped_known_bad_ligtype,tetra_planar_bent
274a07367e74,,70,Yb,3,CCCCCCCCCCCCN(CCCCCCCCCCCC)C(=O)COCCOCC(=O)N(CCCCCCCCCCCC)CCCCCCCCCCCC,CCCCCCCCCCCCN(CCCCCCCCCCCC)C(=O)COCCOCC(=O)N(CCCCCCCCCCCC)CCCCCCCCCCCC,"[26, 28, 31, 34]","[""O(amide_carbonyl)"", ""O(ether)"", ""O(ether)"", ""O(amide_carbonyl)""]",4,8,2,nitrate,nitrate,0,70|CCCCCCCCCCCCN(CCCCCCCCCCCC)C(=O)COCCOCC(=O)N(CCCCCCCCCCCC)CCCCCCCCCCCC|nitrate,10,1,acid_class=nitrate|acid_strength_bin=high|nitrate_activity=high|pH_bin=missing|diluent_family=aliphatic_hydrocarbon|modifier_class=none|temperature_bin=ambient|contact_time_bin=short|shaking_time_bin=missing|phase_ratio_bin=missing,3.0,5.0,25.0,25.0,planned,ok,,,,missing_from_current_merged_index_after_skipped_known_bad_ligtype,tetra_planar_bent
24b21e3ba58f,,71,Lu,3,CCCCCCCCCCCCN(CCCCCCCCCCCC)C(=O)COCCOCC(=O)N(CCCCCCCCCCCC)CCCCCCCCCCCC,CCCCCCCCCCCCN(CCCCCCCCCCCC)C(=O)COCCOCC(=O)N(CCCCCCCCCCCC)CCCCCCCCCCCC,"[26, 28, 31, 34]","[""O(amide_carbonyl)"", ""O(ether)"", ""O(ether)"", ""O(amide_carbonyl)""]",4,8,2,nitrate,nitrate,0,71|CCCCCCCCCCCCN(CCCCCCCCCCCC)C(=O)COCCOCC(=O)N(CCCCCCCCCCCC)CCCCCCCCCCCC|nitrate,10,1,acid_class=nitrate|acid_strength_bin=high|nitrate_activity=high|pH_bin=missing|diluent_family=aliphatic_hydrocarbon|modifier_class=none|temperature_bin=ambient|contact_time_bin=short|shaking_time_bin=missing|phase_ratio_bin=missing,3.0,5.0,25.0,25.0,planned,ok,,,,missing_from_current_merged_index_after_skipped_known_bad_ligtype,tetra_planar_bent
b183716e4fc0,,57,La,3,CCCCCCCCCCCCN(CCCCCCCCCCCC)C(=O)COCCOCC(=O)N(CCCCCCCCCCCC)CCCCCCCCCCCC,CCCCCCCCCCCCN(CCCCCCCCCCCC)C(=O)COCCOCC(=O)N(CCCCCCCCCCCC)CCCCCCCCCCCC,"[26, 28, 31, 34]","[""O(amide_carbonyl)"", ""O(ether)"", ""O(ether)"", ""O(amide_carbonyl)""]",4,9,2,water,water,1,57|CCCCCCCCCCCCN(CCCCCCCCCCCC)C(=O)COCCOCC(=O)N(CCCCCCCCCCCC)CCCCCCCCCCCC|water,4,1,acid_class=nitrate|acid_strength_bin=trace|nitrate_activity=trace|pH_bin=missing|diluent_family=aliphatic_hydrocarbon|modifier_class=none|temperature_bin=ambient|contact_time_bin=short|shaking_time_bin=missing|phase_ratio_bin=missing,0.001,0.006,25.0,25.0,planned,fill_1x_water,,,,missing_from_current_merged_index_after_skipped_known_bad_ligtype,tetra_planar_bent
e1e2f450e02a,,58,Ce,3,CCCCCCCCCCCCN(CCCCCCCCCCCC)C(=O)COCCOCC(=O)N(CCCCCCCCCCCC)CCCCCCCCCCCC,CCCCCCCCCCCCN(CCCCCCCCCCCC)C(=O)COCCOCC(=O)N(CCCCCCCCCCCC)CCCCCCCCCCCC,"[26, 28, 31, 34]","[""O(amide_carbonyl)"", ""O(ether)"", ""O(ether)"", ""O(amide_carbonyl)""]",4,9,2,water,water,1,58|CCCCCCCCCCCCN(CCCCCCCCCCCC)C(=O)COCCOCC(=O)N(CCCCCCCCCCCC)CCCCCCCCCCCC|water,4,1,acid_class=nitrate|acid_strength_bin=trace|nitrate_activity=trace|pH_bin=missing|diluent_family=aliphatic_hydrocarbon|modifier_class=none|temperature_bin=ambient|contact_time_bin=short|shaking_time_bin=missing|phase_ratio_bin=missing,0.001,0.006,25.0,25.0,planned,fill_1x_water,,,,missing_from_current_merged_index_after_skipped_known_bad_ligtype,tetra_planar_bent
854acace1b9b,,59,Pr,3,CCCCCCCCCCCCN(CCCCCCCCCCCC)C(=O)COCCOCC(=O)N(CCCCCCCCCCCC)CCCCCCCCCCCC,CCCCCCCCCCCCN(CCCCCCCCCCCC)C(=O)COCCOCC(=O)N(CCCCCCCCCCCC)CCCCCCCCCCCC,"[26, 28, 31, 34]","[""O(amide_carbonyl)"", ""O(ether)"", ""O(ether)"", ""O(amide_carbonyl)""]",4,9,2,water,water,1,59|CCCCCCCCCCCCN(CCCCCCCCCCCC)C(=O)COCCOCC(=O)N(CCCCCCCCCCCC)CCCCCCCCCCCC|water,4,1,acid_class=nitrate|acid_strength_bin=trace|nitrate_activity=trace|pH_bin=missing|diluent_family=aliphatic_hydrocarbon|modifier_class=none|temperature_bin=ambient|contact_time_bin=short|shaking_time_bin=missing|phase_ratio_bin=missing,0.001,0.006,25.0,25.0,planned,fill_1x_water,,,,missing_from_current_merged_index_after_skipped_known_bad_ligtype,tetra_planar_bent
64eab4384a5e,,60,Nd,3,CCCCCCCCCCCCN(CCCCCCCCCCCC)C(=O)COCCOCC(=O)N(CCCCCCCCCCCC)CCCCCCCCCCCC,CCCCCCCCCCCCN(CCCCCCCCCCCC)C(=O)COCCOCC(=O)N(CCCCCCCCCCCC)CCCCCCCCCCCC,"[26, 28, 31, 34]","[""O(amide_carbonyl)"", ""O(ether)"", ""O(ether)"", ""O(amide_carbonyl)""]",4,9,2,water,water,1,60|CCCCCCCCCCCCN(CCCCCCCCCCCC)C(=O)COCCOCC(=O)N(CCCCCCCCCCCC)CCCCCCCCCCCC|water,4,1,acid_class=nitrate|acid_strength_bin=trace|nitrate_activity=trace|pH_bin=missing|diluent_family=aliphatic_hydrocarbon|modifier_class=none|temperature_bin=ambient|contact_time_bin=short|shaking_time_bin=missing|phase_ratio_bin=missing,0.001,0.006,25.0,25.0,planned,fill_1x_water,,,,missing_from_current_merged_index_after_skipped_known_bad_ligtype,tetra_planar_bent
849d9b5c14f1,,62,Sm,3,CCCCCCCCCCCCN(CCCCCCCCCCCC)C(=O)COCCOCC(=O)N(CCCCCCCCCCCC)CCCCCCCCCCCC,CCCCCCCCCCCCN(CCCCCCCCCCCC)C(=O)COCCOCC(=O)N(CCCCCCCCCCCC)CCCCCCCCCCCC,"[26, 28, 31, 34]","[""O(amide_carbonyl)"", ""O(ether)"", ""O(ether)"", ""O(amide_carbonyl)""]",4,9,2,water,water,1,62|CCCCCCCCCCCCN(CCCCCCCCCCCC)C(=O)COCCOCC(=O)N(CCCCCCCCCCCC)CCCCCCCCCCCC|water,4,1,acid_class=nitrate|acid_strength_bin=trace|nitrate_activity=trace|pH_bin=missing|diluent_family=aliphatic_hydrocarbon|modifier_class=none|temperature_bin=ambient|contact_time_bin=short|shaking_time_bin=missing|phase_ratio_bin=missing,0.001,0.006,25.0,25.0,planned,fill_1x_water,,,,missing_from_current_merged_index_after_skipped_known_bad_ligtype,tetra_planar_bent
bd3b6d612c1f,,63,Eu,3,CCCCCCCCCCCCN(CCCCCCCCCCCC)C(=O)COCCOCC(=O)N(CCCCCCCCCCCC)CCCCCCCCCCCC,CCCCCCCCCCCCN(CCCCCCCCCCCC)C(=O)COCCOCC(=O)N(CCCCCCCCCCCC)CCCCCCCCCCCC,"[26, 28, 31, 34]","[""O(amide_carbonyl)"", ""O(ether)"", ""O(ether)"", ""O(amide_carbonyl)""]",4,9,2,water,water,1,63|CCCCCCCCCCCCN(CCCCCCCCCCCC)C(=O)COCCOCC(=O)N(CCCCCCCCCCCC)CCCCCCCCCCCC|water,4,1,acid_class=nitrate|acid_strength_bin=trace|nitrate_activity=trace|pH_bin=missing|diluent_family=aliphatic_hydrocarbon|modifier_class=none|temperature_bin=ambient|contact_time_bin=short|shaking_time_bin=missing|phase_ratio_bin=missing,0.001,0.006,25.0,25.0,planned,fill_1x_water,,,,missing_from_current_merged_index_after_skipped_known_bad_ligtype,tetra_planar_bent
b8f750590859,,64,Gd,3,CCCCCCCCCCCCN(CCCCCCCCCCCC)C(=O)COCCOCC(=O)N(CCCCCCCCCCCC)CCCCCCCCCCCC,CCCCCCCCCCCCN(CCCCCCCCCCCC)C(=O)COCCOCC(=O)N(CCCCCCCCCCCC)CCCCCCCCCCCC,"[26, 28, 31, 34]","[""O(amide_carbonyl)"", ""O(ether)"", ""O(ether)"", ""O(amide_carbonyl)""]",4,9,2,water,water,1,64|CCCCCCCCCCCCN(CCCCCCCCCCCC)C(=O)COCCOCC(=O)N(CCCCCCCCCCCC)CCCCCCCCCCCC|water,4,1,acid_class=nitrate|acid_strength_bin=trace|nitrate_activity=trace|pH_bin=missing|diluent_family=aliphatic_hydrocarbon|modifier_class=none|temperature_bin=ambient|contact_time_bin=short|shaking_time_bin=missing|phase_ratio_bin=missing,0.001,0.006,25.0,25.0,planned,fill_1x_water,,,,missing_from_current_merged_index_after_skipped_known_bad_ligtype,tetra_planar_bent
71135eb07a7d,,65,Tb,3,CCCCCCCCCCCCN(CCCCCCCCCCCC)C(=O)COCCOCC(=O)N(CCCCCCCCCCCC)CCCCCCCCCCCC,CCCCCCCCCCCCN(CCCCCCCCCCCC)C(=O)COCCOCC(=O)N(CCCCCCCCCCCC)CCCCCCCCCCCC,"[26, 28, 31, 34]","[""O(amide_carbonyl)"", ""O(ether)"", ""O(ether)"", ""O(amide_carbonyl)""]",4,8,2,water,water,0,65|CCCCCCCCCCCCN(CCCCCCCCCCCC)C(=O)COCCOCC(=O)N(CCCCCCCCCCCC)CCCCCCCCCCCC|water,4,1,acid_class=nitrate|acid_strength_bin=trace|nitrate_activity=trace|pH_bin=missing|diluent_family=aliphatic_hydrocarbon|modifier_class=none|temperature_bin=ambient|contact_time_bin=short|shaking_time_bin=missing|phase_ratio_bin=missing,0.001,0.006,25.0,25.0,planned,ok,,,,missing_from_current_merged_index_after_skipped_known_bad_ligtype,tetra_planar_bent
f91982a596b6,,66,Dy,3,CCCCCCCCCCCCN(CCCCCCCCCCCC)C(=O)COCCOCC(=O)N(CCCCCCCCCCCC)CCCCCCCCCCCC,CCCCCCCCCCCCN(CCCCCCCCCCCC)C(=O)COCCOCC(=O)N(CCCCCCCCCCCC)CCCCCCCCCCCC,"[26, 28, 31, 34]","[""O(amide_carbonyl)"", ""O(ether)"", ""O(ether)"", ""O(amide_carbonyl)""]",4,8,2,water,water,0,66|CCCCCCCCCCCCN(CCCCCCCCCCCC)C(=O)COCCOCC(=O)N(CCCCCCCCCCCC)CCCCCCCCCCCC|water,4,1,acid_class=nitrate|acid_strength_bin=trace|nitrate_activity=trace|pH_bin=missing|diluent_family=aliphatic_hydrocarbon|modifier_class=none|temperature_bin=ambient|contact_time_bin=short|shaking_time_bin=missing|phase_ratio_bin=missing,0.001,0.006,25.0,25.0,planned,ok,,,,missing_from_current_merged_index_after_skipped_known_bad_ligtype,tetra_planar_bent
7b117768e0c1,,67,Ho,3,CCCCCCCCCCCCN(CCCCCCCCCCCC)C(=O)COCCOCC(=O)N(CCCCCCCCCCCC)CCCCCCCCCCCC,CCCCCCCCCCCCN(CCCCCCCCCCCC)C(=O)COCCOCC(=O)N(CCCCCCCCCCCC)CCCCCCCCCCCC,"[26, 28, 31, 34]","[""O(amide_carbonyl)"", ""O(ether)"", ""O(ether)"", ""O(amide_carbonyl)""]",4,8,2,water,water,0,67|CCCCCCCCCCCCN(CCCCCCCCCCCC)C(=O)COCCOCC(=O)N(CCCCCCCCCCCC)CCCCCCCCCCCC|water,4,1,acid_class=nitrate|acid_strength_bin=trace|nitrate_activity=trace|pH_bin=missing|diluent_family=aliphatic_hydrocarbon|modifier_class=none|temperature_bin=ambient|contact_time_bin=short|shaking_time_bin=missing|phase_ratio_bin=missing,0.001,0.006,25.0,25.0,planned,ok,,,,missing_from_current_merged_index_after_skipped_known_bad_ligtype,tetra_planar_bent
9549b9713c8b,,68,Er,3,CCCCCCCCCCCCN(CCCCCCCCCCCC)C(=O)COCCOCC(=O)N(CCCCCCCCCCCC)CCCCCCCCCCCC,CCCCCCCCCCCCN(CCCCCCCCCCCC)C(=O)COCCOCC(=O)N(CCCCCCCCCCCC)CCCCCCCCCCCC,"[26, 28, 31, 34]","[""O(amide_carbonyl)"", ""O(ether)"", ""O(ether)"", ""O(amide_carbonyl)""]",4,8,2,water,water,0,68|CCCCCCCCCCCCN(CCCCCCCCCCCC)C(=O)COCCOCC(=O)N(CCCCCCCCCCCC)CCCCCCCCCCCC|water,4,1,acid_class=nitrate|acid_strength_bin=trace|nitrate_activity=trace|pH_bin=missing|diluent_family=aliphatic_hydrocarbon|modifier_class=none|temperature_bin=ambient|contact_time_bin=short|shaking_time_bin=missing|phase_ratio_bin=missing,0.001,0.006,25.0,25.0,planned,ok,,,,missing_from_current_merged_index_after_skipped_known_bad_ligtype,tetra_planar_bent
288f94dc47a0,,69,Tm,3,CCCCCCCCCCCCN(CCCCCCCCCCCC)C(=O)COCCOCC(=O)N(CCCCCCCCCCCC)CCCCCCCCCCCC,CCCCCCCCCCCCN(CCCCCCCCCCCC)C(=O)COCCOCC(=O)N(CCCCCCCCCCCC)CCCCCCCCCCCC,"[26, 28, 31, 34]","[""O(amide_carbonyl)"", ""O(ether)"", ""O(ether)"", ""O(amide_carbonyl)""]",4,8,2,water,water,0,69|CCCCCCCCCCCCN(CCCCCCCCCCCC)C(=O)COCCOCC(=O)N(CCCCCCCCCCCC)CCCCCCCCCCCC|water,4,1,acid_class=nitrate|acid_strength_bin=trace|nitrate_activity=trace|pH_bin=missing|diluent_family=aliphatic_hydrocarbon|modifier_class=none|temperature_bin=ambient|contact_time_bin=short|shaking_time_bin=missing|phase_ratio_bin=missing,0.001,0.006,25.0,25.0,planned,ok,,,,missing_from_current_merged_index_after_skipped_known_bad_ligtype,tetra_planar_bent
ccd7dd4dc900,,70,Yb,3,CCCCCCCCCCCCN(CCCCCCCCCCCC)C(=O)COCCOCC(=O)N(CCCCCCCCCCCC)CCCCCCCCCCCC,CCCCCCCCCCCCN(CCCCCCCCCCCC)C(=O)COCCOCC(=O)N(CCCCCCCCCCCC)CCCCCCCCCCCC,"[26, 28, 31, 34]","[""O(amide_carbonyl)"", ""O(ether)"", ""O(ether)"", ""O(amide_carbonyl)""]",4,8,2,water,water,0,70|CCCCCCCCCCCCN(CCCCCCCCCCCC)C(=O)COCCOCC(=O)N(CCCCCCCCCCCC)CCCCCCCCCCCC|water,4,1,acid_class=nitrate|acid_strength_bin=trace|nitrate_activity=trace|pH_bin=missing|diluent_family=aliphatic_hydrocarbon|modifier_class=none|temperature_bin=ambient|contact_time_bin=short|shaking_time_bin=missing|phase_ratio_bin=missing,0.001,0.006,25.0,25.0,planned,ok,,,,missing_from_current_merged_index_after_skipped_known_bad_ligtype,tetra_planar_bent
cce95ad37f1c,,71,Lu,3,CCCCCCCCCCCCN(CCCCCCCCCCCC)C(=O)COCCOCC(=O)N(CCCCCCCCCCCC)CCCCCCCCCCCC,CCCCCCCCCCCCN(CCCCCCCCCCCC)C(=O)COCCOCC(=O)N(CCCCCCCCCCCC)CCCCCCCCCCCC,"[26, 28, 31, 34]","[""O(amide_carbonyl)"", ""O(ether)"", ""O(ether)"", ""O(amide_carbonyl)""]",4,8,2,water,water,0,71|CCCCCCCCCCCCN(CCCCCCCCCCCC)C(=O)COCCOCC(=O)N(CCCCCCCCCCCC)CCCCCCCCCCCC|water,4,1,acid_class=nitrate|acid_strength_bin=trace|nitrate_activity=trace|pH_bin=missing|diluent_family=aliphatic_hydrocarbon|modifier_class=none|temperature_bin=ambient|contact_time_bin=short|shaking_time_bin=missing|phase_ratio_bin=missing,0.001,0.006,25.0,25.0,planned,ok,,,,missing_from_current_merged_index_after_skipped_known_bad_ligtype,tetra_planar_bent
35604f886abb,,57,La,3,CCCCCCCCCCN(CCCCCCCCCC)C(=O)[C@H](C)O[C@H](CC)C(=O)N(CCCCCCCCCC)CCCCCCCCCC,CCCCCCCCCCN(CCCCCCCCCC)C(=O)[C@H](C)O[C@H](CC)C(=O)N(CCCCCCCCCC)CCCCCCCCCC,"[22, 25, 30]","[""O(amide_carbonyl)"", ""O(ether)"", ""O(amide_carbonyl)""]",3,9,3,nitrate,nitrate,0,57|CCCCCCCCCCN(CCCCCCCCCC)C(=O)[C@H](C)O[C@H](CC)C(=O)N(CCCCCCCCCC)CCCCCCCCCC|nitrate,1,1,acid_class=nitrate|acid_strength_bin=very_high|nitrate_activity=very_high|pH_bin=missing|diluent_family=aliphatic_hydrocarbon|modifier_class=none|temperature_bin=ambient|contact_time_bin=medium|shaking_time_bin=missing|phase_ratio_bin=missing,7.4,7.4,22.0,22.0,planned,ok,,,,missing_from_current_merged_index_after_skipped_known_bad_ligtype,tri_mer_bent
4a2a29392892,,58,Ce,3,CCCCCCCCCCN(CCCCCCCCCC)C(=O)[C@H](C)O[C@H](CC)C(=O)N(CCCCCCCCCC)CCCCCCCCCC,CCCCCCCCCCN(CCCCCCCCCC)C(=O)[C@H](C)O[C@H](CC)C(=O)N(CCCCCCCCCC)CCCCCCCCCC,"[22, 25, 30]","[""O(amide_carbonyl)"", ""O(ether)"", ""O(amide_carbonyl)""]",3,9,3,nitrate,nitrate,0,58|CCCCCCCCCCN(CCCCCCCCCC)C(=O)[C@H](C)O[C@H](CC)C(=O)N(CCCCCCCCCC)CCCCCCCCCC|nitrate,1,1,acid_class=nitrate|acid_strength_bin=very_high|nitrate_activity=very_high|pH_bin=missing|diluent_family=aliphatic_hydrocarbon|modifier_class=none|temperature_bin=ambient|contact_time_bin=medium|shaking_time_bin=missing|phase_ratio_bin=missing,7.4,7.4,22.0,22.0,planned,ok,,,,missing_from_current_merged_index_after_skipped_known_bad_ligtype,tri_mer_bent
7671ea468d74,,59,Pr,3,CCCCCCCCCCN(CCCCCCCCCC)C(=O)[C@H](C)O[C@H](CC)C(=O)N(CCCCCCCCCC)CCCCCCCCCC,CCCCCCCCCCN(CCCCCCCCCC)C(=O)[C@H](C)O[C@H](CC)C(=O)N(CCCCCCCCCC)CCCCCCCCCC,"[22, 25, 30]","[""O(amide_carbonyl)"", ""O(ether)"", ""O(amide_carbonyl)""]",3,9,3,nitrate,nitrate,0,59|CCCCCCCCCCN(CCCCCCCCCC)C(=O)[C@H](C)O[C@H](CC)C(=O)N(CCCCCCCCCC)CCCCCCCCCC|nitrate,1,1,acid_class=nitrate|acid_strength_bin=very_high|nitrate_activity=very_high|pH_bin=missing|diluent_family=aliphatic_hydrocarbon|modifier_class=none|temperature_bin=ambient|contact_time_bin=medium|shaking_time_bin=missing|phase_ratio_bin=missing,7.4,7.4,22.0,22.0,planned,ok,,,,missing_from_current_merged_index_after_skipped_known_bad_ligtype,tri_mer_bent
bb5c3fb1d709,,60,Nd,3,CCCCCCCCCCN(CCCCCCCCCC)C(=O)[C@H](C)O[C@H](CC)C(=O)N(CCCCCCCCCC)CCCCCCCCCC,CCCCCCCCCCN(CCCCCCCCCC)C(=O)[C@H](C)O[C@H](CC)C(=O)N(CCCCCCCCCC)CCCCCCCCCC,"[22, 25, 30]","[""O(amide_carbonyl)"", ""O(ether)"", ""O(amide_carbonyl)""]",3,9,3,nitrate,nitrate,0,60|CCCCCCCCCCN(CCCCCCCCCC)C(=O)[C@H](C)O[C@H](CC)C(=O)N(CCCCCCCCCC)CCCCCCCCCC|nitrate,1,1,acid_class=nitrate|acid_strength_bin=very_high|nitrate_activity=very_high|pH_bin=missing|diluent_family=aliphatic_hydrocarbon|modifier_class=none|temperature_bin=ambient|contact_time_bin=medium|shaking_time_bin=missing|phase_ratio_bin=missing,7.4,7.4,22.0,22.0,planned,ok,,,,missing_from_current_merged_index_after_skipped_known_bad_ligtype,tri_mer_bent
616c00e0345b,,64,Gd,3,CCCCCCCCCCN(CCCCCCCCCC)C(=O)[C@H](CCC)O[C@H](CCC)C(=O)N(CCCCCCCCCC)CCCCCCCCCC,CCCCCCCCCCN(CCCCCCCCCC)C(=O)[C@H](CCC)O[C@H](CCC)C(=O)N(CCCCCCCCCC)CCCCCCCCCC,"[22, 27, 33]","[""O(amide_carbonyl)"", ""O(ether)"", ""O(amide_carbonyl)""]",3,9,3,nitrate,nitrate,0,64|CCCCCCCCCCN(CCCCCCCCCC)C(=O)[C@H](CCC)O[C@H](CCC)C(=O)N(CCCCCCCCCC)CCCCCCCCCC|nitrate,1,1,acid_class=nitrate|acid_strength_bin=very_high|nitrate_activity=very_high|pH_bin=missing|diluent_family=aliphatic_hydrocarbon|modifier_class=none|temperature_bin=ambient|contact_time_bin=medium|shaking_time_bin=missing|phase_ratio_bin=missing,7.4,7.4,22.0,22.0,planned,ok,,,,missing_from_current_merged_index_after_skipped_known_bad_ligtype,tri_mer_bent
3ca0ac76038b,,65,Tb,3,CCCCCCCCCCN(CCCCCCCCCC)C(=O)[C@H](CCC)O[C@H](CCC)C(=O)N(CCCCCCCCCC)CCCCCCCCCC,CCCCCCCCCCN(CCCCCCCCCC)C(=O)[C@H](CCC)O[C@H](CCC)C(=O)N(CCCCCCCCCC)CCCCCCCCCC,"[22, 27, 33]","[""O(amide_carbonyl)"", ""O(ether)"", ""O(amide_carbonyl)""]",3,8,2,nitrate,nitrate,2,65|CCCCCCCCCCN(CCCCCCCCCC)C(=O)[C@H](CCC)O[C@H](CCC)C(=O)N(CCCCCCCCCC)CCCCCCCCCC|nitrate,1,1,acid_class=nitrate|acid_strength_bin=very_high|nitrate_activity=very_high|pH_bin=missing|diluent_family=aliphatic_hydrocarbon|modifier_class=none|temperature_bin=ambient|contact_time_bin=medium|shaking_time_bin=missing|phase_ratio_bin=missing,7.4,7.4,22.0,22.0,planned,fill_2x_nitrate,,,,missing_from_current_merged_index_after_skipped_known_bad_ligtype,tri_mer_bent
c23d9f998f3e,,66,Dy,3,CCCCCCCCCCN(CCCCCCCCCC)C(=O)[C@H](CCC)O[C@H](CCC)C(=O)N(CCCCCCCCCC)CCCCCCCCCC,CCCCCCCCCCN(CCCCCCCCCC)C(=O)[C@H](CCC)O[C@H](CCC)C(=O)N(CCCCCCCCCC)CCCCCCCCCC,"[22, 27, 33]","[""O(amide_carbonyl)"", ""O(ether)"", ""O(amide_carbonyl)""]",3,8,2,nitrate,nitrate,2,66|CCCCCCCCCCN(CCCCCCCCCC)C(=O)[C@H](CCC)O[C@H](CCC)C(=O)N(CCCCCCCCCC)CCCCCCCCCC|nitrate,1,1,acid_class=nitrate|acid_strength_bin=very_high|nitrate_activity=very_high|pH_bin=missing|diluent_family=aliphatic_hydrocarbon|modifier_class=none|temperature_bin=ambient|contact_time_bin=medium|shaking_time_bin=missing|phase_ratio_bin=missing,7.4,7.4,22.0,22.0,planned,fill_2x_nitrate,,,,missing_from_current_merged_index_after_skipped_known_bad_ligtype,tri_mer_bent
196e9237ccfb,,67,Ho,3,CCCCCCCCCCN(CCCCCCCCCC)C(=O)[C@H](CCC)O[C@H](CCC)C(=O)N(CCCCCCCCCC)CCCCCCCCCC,CCCCCCCCCCN(CCCCCCCCCC)C(=O)[C@H](CCC)O[C@H](CCC)C(=O)N(CCCCCCCCCC)CCCCCCCCCC,"[22, 27, 33]","[""O(amide_carbonyl)"", ""O(ether)"", ""O(amide_carbonyl)""]",3,8,2,nitrate,nitrate,2,67|CCCCCCCCCCN(CCCCCCCCCC)C(=O)[C@H](CCC)O[C@H](CCC)C(=O)N(CCCCCCCCCC)CCCCCCCCCC|nitrate,1,1,acid_class=nitrate|acid_strength_bin=very_high|nitrate_activity=very_high|pH_bin=missing|diluent_family=aliphatic_hydrocarbon|modifier_class=none|temperature_bin=ambient|contact_time_bin=medium|shaking_time_bin=missing|phase_ratio_bin=missing,7.4,7.4,22.0,22.0,planned,fill_2x_nitrate,,,,missing_from_current_merged_index_after_skipped_known_bad_ligtype,tri_mer_bent
92aa293d5923,,68,Er,3,CCCCCCCCCCN(CCCCCCCCCC)C(=O)[C@H](CCC)O[C@H](CCC)C(=O)N(CCCCCCCCCC)CCCCCCCCCC,CCCCCCCCCCN(CCCCCCCCCC)C(=O)[C@H](CCC)O[C@H](CCC)C(=O)N(CCCCCCCCCC)CCCCCCCCCC,"[22, 27, 33]","[""O(amide_carbonyl)"", ""O(ether)"", ""O(amide_carbonyl)""]",3,8,2,nitrate,nitrate,2,68|CCCCCCCCCCN(CCCCCCCCCC)C(=O)[C@H](CCC)O[C@H](CCC)C(=O)N(CCCCCCCCCC)CCCCCCCCCC|nitrate,1,1,acid_class=nitrate|acid_strength_bin=very_high|nitrate_activity=very_high|pH_bin=missing|diluent_family=aliphatic_hydrocarbon|modifier_class=none|temperature_bin=ambient|contact_time_bin=medium|shaking_time_bin=missing|phase_ratio_bin=missing,7.4,7.4,22.0,22.0,planned,fill_2x_nitrate,,,,missing_from_current_merged_index_after_skipped_known_bad_ligtype,tri_mer_bent
9caebdec8648,,63,Eu,3,CCCCCCCCN(CCCCCCCC)C(=O)COCC(=O)NCCc1c(CC)c(CCNC(=O)COCC(=O)N(CCCCCCCC)CCCCCCCC)c(CC)c(CCNC(=O)COCC(=O)N(CCCCCCCC)CCCCCCCC)c1CC,CCCCCCCCN(CCCCCCCC)C(=O)COCC(=O)NCCc1c(CC)c(CCNC(=O)COCC(=O)N(CCCCCCCC)CCCCCCCC)c(CC)c(CCNC(=O)COCC(=O)N(CCCCCCCC)CCCCCCCC)c1CC,"[18, 20, 23]","[""O(amide_carbonyl)"", ""O(ether)"", ""O(amide_carbonyl)""]",3,9,3,water,water,0,63|CCCCCCCCN(CCCCCCCC)C(=O)COCC(=O)NCCc1c(CC)c(CCNC(=O)COCC(=O)N(CCCCCCCC)CCCCCCCC)c(CC)c(CCNC(=O)COCC(=O)N(CCCCCCCC)CCCCCCCC)c1CC|water,1,1,acid_class=nitrate|acid_strength_bin=very_low|nitrate_activity=very_low|pH_bin=missing|diluent_family=ionic_liquid|modifier_class=none|temperature_bin=ambient|contact_time_bin=long|shaking_time_bin=missing|phase_ratio_bin=missing,0.0122699,0.0122699,25.0,25.0,planned,ok,,,,missing_from_current_merged_index_after_skipped_known_bad_ligtype,tri_mer_bent
5e8f5789b5fd,,63,Eu,3,CCCCCCCCN(CCCCCCCC)C(=O)COCC(=O)NCCCOc1cc(OCCCNC(=O)COCC(=O)N(CCCCCCCC)CCCCCCCC)cc(OCCCNC(=O)COCC(=O)N(CCCCCCCC)CCCCCCCC)c1,CCCCCCCCN(CCCCCCCC)C(=O)COCC(=O)NCCCOc1cc(OCCCNC(=O)COCC(=O)N(CCCCCCCC)CCCCCCCC)cc(OCCCNC(=O)COCC(=O)N(CCCCCCCC)CCCCCCCC)c1,"[18, 20, 23]","[""O(amide_carbonyl)"", ""O(ether)"", ""O(amide_carbonyl)""]",3,9,3,water,water,0,63|CCCCCCCCN(CCCCCCCC)C(=O)COCC(=O)NCCCOc1cc(OCCCNC(=O)COCC(=O)N(CCCCCCCC)CCCCCCCC)cc(OCCCNC(=O)COCC(=O)N(CCCCCCCC)CCCCCCCC)c1|water,1,1,acid_class=nitrate|acid_strength_bin=very_low|nitrate_activity=very_low|pH_bin=missing|diluent_family=ionic_liquid|modifier_class=none|temperature_bin=ambient|contact_time_bin=long|shaking_time_bin=missing|phase_ratio_bin=missing,0.0122699,0.0122699,25.0,25.0,planned,ok,,,,missing_from_current_merged_index_after_skipped_known_bad_ligtype,tri_mer_bent
c413b0bec1f8,,64,Gd,3,CCCCCCCCCCN(CCCCCCCCCC)C(=O)COCC(=O)N(CCCCCCCCCC)CCCCCCCCCC,CCCCCCCCCCN(CCCCCCCCCC)C(=O)COCC(=O)N(CCCCCCCCCC)CCCCCCCCCC,"[22, 24, 27]","[""O(amide_carbonyl)"", ""O(ether)"", ""O(amide_carbonyl)""]",3,9,3,nitrate,nitrate,0,64|CCCCCCCCCCN(CCCCCCCCCC)C(=O)COCC(=O)N(CCCCCCCCCC)CCCCCCCCCC|nitrate,1,1,acid_class=nitrate|acid_strength_bin=medium|nitrate_activity=medium|pH_bin=missing|diluent_family=aromatic|modifier_class=none|temperature_bin=ambient|contact_time_bin=missing|shaking_time_bin=missing|phase_ratio_bin=missing,1.5,1.5,25.0,25.0,planned,ok,,,,missing_from_current_merged_index_after_skipped_known_bad_ligtype,tri_mer_bent
bab6dfec3042,,57,La,3,CCCCCCCCCCN(CCCCCCCCCC)C(=O)COCC(=O)N(CCCCCCCCCC)CCCCCCCCCC,CCCCCCCCCCN(CCCCCCCCCC)C(=O)COCC(=O)N(CCCCCCCCCC)CCCCCCCCCC,"[22, 24, 27]","[""O(amide_carbonyl)"", ""O(ether)"", ""O(amide_carbonyl)""]",3,9,3,nitrate,nitrate,0,57|CCCCCCCCCCN(CCCCCCCCCC)C(=O)COCC(=O)N(CCCCCCCCCC)CCCCCCCCCC|nitrate,23,3,acid_class=nitrate|acid_strength_bin=high|nitrate_activity=high|pH_bin=missing|diluent_family=aromatic|modifier_class=none|temperature_bin=ambient|contact_time_bin=missing|shaking_time_bin=missing|phase_ratio_bin=missing;acid_class=nitrate|acid_strength_bin=low|nitrate_activity=low|pH_bin=missing|diluent_family=aromatic|modifier_class=none|temperature_bin=ambient|contact_time_bin=missing|shaking_time_bin=missing|phase_ratio_bin=missing;acid_class=nitrate|acid_strength_bin=medium|nitrate_activity=medium|pH_bin=missing|diluent_family=aromatic|modifier_class=none|temperature_bin=ambient|contact_time_bin=missing|shaking_time_bin=missing|phase_ratio_bin=missing,0.097998,5.02291,25.0,25.0,planned,ok,,,,missing_from_current_merged_index_after_skipped_known_bad_ligtype,tri_mer_bent
a20cdf540a91,,60,Nd,3,CCCCCCCCCCCCN(CCCCCCCC)C(=O)COCC(=O)N(CCCCCCCC)CCCCCCCCCCCC,CCCCCCCCCCCCN(CCCCCCCC)C(=O)COCC(=O)N(CCCCCCCC)CCCCCCCCCCCC,"[22, 24, 27]","[""O(amide_carbonyl)"", ""O(ether)"", ""O(amide_carbonyl)""]",3,9,3,water,water,0,60|CCCCCCCCCCCCN(CCCCCCCC)C(=O)COCC(=O)N(CCCCCCCC)CCCCCCCCCCCC|water,1,1,acid_class=chloride|acid_strength_bin=high|nitrate_activity=none|pH_bin=missing|diluent_family=aliphatic_hydrocarbon|modifier_class=none|temperature_bin=ambient|contact_time_bin=medium|shaking_time_bin=missing|phase_ratio_bin=missing,3.0,3.0,25.0,25.0,planned,ok,,,,missing_from_current_merged_index_after_skipped_known_bad_ligtype,tri_mer_bent
b94a7729c663,,65,Tb,3,CCCCCCCCCCCCN(CCCCCCCC)C(=O)COCC(=O)N(CCCCCCCC)CCCCCCCCCCCC,CCCCCCCCCCCCN(CCCCCCCC)C(=O)COCC(=O)N(CCCCCCCC)CCCCCCCCCCCC,"[22, 24, 27]","[""O(amide_carbonyl)"", ""O(ether)"", ""O(amide_carbonyl)""]",3,8,2,water,water,2,65|CCCCCCCCCCCCN(CCCCCCCC)C(=O)COCC(=O)N(CCCCCCCC)CCCCCCCCCCCC|water,1,1,acid_class=chloride|acid_strength_bin=high|nitrate_activity=none|pH_bin=missing|diluent_family=aliphatic_hydrocarbon|modifier_class=none|temperature_bin=ambient|contact_time_bin=medium|shaking_time_bin=missing|phase_ratio_bin=missing,3.0,3.0,25.0,25.0,planned,fill_2x_water,,,,missing_from_current_merged_index_after_skipped_known_bad_ligtype,tri_mer_bent
