queue_index,build_id,metal_symbol,Atomic Number_metal,metal_ox,smiles_for_architector_used,COORDLIST,DENTATE,coreCN,n_ligs,inner_sphere_anion,geometry_key,source_xyz_path,attempt,profile,seed,n_symmetries,n_conformers,xtb_max_iterations,returncode,attempt_status,accepted_for_clean_3d_features,ligtype_override,generated_xyz_path,generated_mol2_path,energy_eV,note,qc_class,qc_note,nearest_coreCN_sig,coreCN_max_dist,next_donor_dist,gap_after_coreCN,all_nearest
5,f08b024abf27,Nd,60,3,CCCCCCCCCCN(CCCCCCCCCC)C(=O)C(C)OC(C)C(=O)N(CCCCCCCCCC)CCCCCCCCCC,"[22, 25, 29]",3,9,3,nitrate,60|CCCCCCCCCCN(CCCCCCCCCC)C(=O)C(C)OC(C)C(=O)N(CCCCCCCCCC)CCCCCCCCCC|nitrate,/nfs/home/nshank3/lanthanide_dataset_builder/data/geometries/Nd/Nd_Z60_ox3_CN9_nlig3_nitrate_f08b024abf27.xyz,1,standard,755613743,40,5,250,0,accepted,True,tri_mer_bent,/nfs/home/nshank3/lanthanide_dataset_builder/data/processed/geometries_regenerated_fail_long_bond/accepted/Nd/Nd_Z60_ox3_CN9_nlig3_nitrate_f08b024abf27_attempt01_standard.xyz,/nfs/home/nshank3/lanthanide_dataset_builder/data/processed/geometries_regenerated_fail_long_bond/accepted/Nd/Nd_Z60_ox3_CN9_nlig3_nitrate_f08b024abf27_attempt01_standard.mol2,-13358.96329303373,,OK,nearest_coreCN_qc_ok,O173:2.196;O166:2.323;O23:2.337;O312:2.347;O30:2.352;O169:2.483;O316:2.511;O26:2.702;O309:2.730,2.7298,4.1771,1.4473,O173:2.196;O166:2.323;O23:2.337;O312:2.347;O30:2.352;O169:2.483;O316:2.511;O26:2.702;O309:2.730;N154:4.177;N174:4.283;N31:4.545;N11:4.553;N317:4.621;N297:4.736
41,ed83b77205f9,Pr,59,3,CCCCCCn1c(-c2ccccc2)c(-c2ccccc2)c2cc3ccc4cc5c(-c6ccccc6)c(-c6ccccc6)n(CCCCCC)c(=O)c5nc4c3nc2c1=O,"[6, 43, 51, 53, 56, 59]",6,9,1,water,59|CCCCCCn1c(-c2ccccc2)c(-c2ccccc2)c2cc3ccc4cc5c(-c6ccccc6)c(-c6ccccc6)n(CCCCCC)c(=O)c5nc4c3nc2c1=O|water,/nfs/home/nshank3/lanthanide_dataset_builder/data/geometries/Pr/Pr_Z59_ox3_CN9_nlig1_water_ed83b77205f9.xyz,1,standard,1823109890,40,5,250,0,rejected_by_nearest_coreCN_qc,False,,/nfs/home/nshank3/lanthanide_dataset_builder/data/processed/geometries_regenerated_fail_long_bond/rejected/Pr/Pr_Z59_ox3_CN9_nlig1_water_ed83b77205f9_attempt01_standard.xyz,/nfs/home/nshank3/lanthanide_dataset_builder/data/processed/geometries_regenerated_fail_long_bond/rejected/Pr/Pr_Z59_ox3_CN9_nlig1_water_ed83b77205f9_attempt01_standard.mol2,-4795.045899721968,,FAIL_LONG_BOND,coreCN_max_dist>3.10,O60:2.306;O52:2.449;O114:2.559;N57:2.565;N54:2.575;O111:2.578;O117:2.650;N44:4.490;N7:4.498,4.4977,inf,inf,O60:2.306;O52:2.449;O114:2.559;N57:2.565;N54:2.575;O111:2.578;O117:2.650;N44:4.490;N7:4.498
41,ed83b77205f9,Pr,59,3,CCCCCCn1c(-c2ccccc2)c(-c2ccccc2)c2cc3ccc4cc5c(-c6ccccc6)c(-c6ccccc6)n(CCCCCC)c(=O)c5nc4c3nc2c1=O,"[6, 43, 51, 53, 56, 59]",6,9,1,water,59|CCCCCCn1c(-c2ccccc2)c(-c2ccccc2)c2cc3ccc4cc5c(-c6ccccc6)c(-c6ccccc6)n(CCCCCC)c(=O)c5nc4c3nc2c1=O|water,/nfs/home/nshank3/lanthanide_dataset_builder/data/geometries/Pr/Pr_Z59_ox3_CN9_nlig1_water_ed83b77205f9.xyz,2,standard,1823117809,50,6,250,8,build_failed,False,,,,,no_structures_returned,BUILD_FAILED,no_structures_returned,,,,,
77,7218af7f73e0,Dy,66,3,CCCCCCCCN(C)C(=O)C(CCCCCC)C(=O)N(C)CCCCCCCC,"[11, 20]",2,8,4,nitrate,66|CCCCCCCCN(C)C(=O)C(CCCCCC)C(=O)N(C)CCCCCCCC|nitrate,/nfs/home/nshank3/lanthanide_dataset_builder/data/geometries/Dy/Dy_Z66_ox3_CN8_nlig4_nitrate_7218af7f73e0.xyz,1,standard,404819737,40,5,250,0,rejected_by_nearest_coreCN_qc,False,,/nfs/home/nshank3/lanthanide_dataset_builder/data/processed/geometries_regenerated_fail_long_bond/rejected/Dy/Dy_Z66_ox3_CN8_nlig4_nitrate_7218af7f73e0_attempt01_standard.xyz,/nfs/home/nshank3/lanthanide_dataset_builder/data/processed/geometries_regenerated_fail_long_bond/rejected/Dy/Dy_Z66_ox3_CN8_nlig4_nitrate_7218af7f73e0_attempt01_standard.mol2,-10823.457335308553,,FAIL_LONG_BOND,coreCN_max_dist>3.10,O97:2.128;O191:2.194;O21:2.415;O182:2.500;O12:2.541;O106:2.745;O276:3.650;O267:3.858,3.8580,3.9484,0.0903,O97:2.128;O191:2.194;O21:2.415;O182:2.500;O12:2.541;O106:2.745;O276:3.650;O267:3.858;N94:3.948;N192:4.276;N22:4.575;N179:4.653;N9:4.730;N107:4.861;N277:5.913;N264:5.979
77,7218af7f73e0,Dy,66,3,CCCCCCCCN(C)C(=O)C(CCCCCC)C(=O)N(C)CCCCCCCC,"[11, 20]",2,8,4,nitrate,66|CCCCCCCCN(C)C(=O)C(CCCCCC)C(=O)N(C)CCCCCCCC|nitrate,/nfs/home/nshank3/lanthanide_dataset_builder/data/geometries/Dy/Dy_Z66_ox3_CN8_nlig4_nitrate_7218af7f73e0.xyz,2,standard,404827656,50,6,250,0,accepted,True,,/nfs/home/nshank3/lanthanide_dataset_builder/data/processed/geometries_regenerated_fail_long_bond/accepted/Dy/Dy_Z66_ox3_CN8_nlig4_nitrate_7218af7f73e0_attempt02_standard.xyz,/nfs/home/nshank3/lanthanide_dataset_builder/data/processed/geometries_regenerated_fail_long_bond/accepted/Dy/Dy_Z66_ox3_CN8_nlig4_nitrate_7218af7f73e0_attempt02_standard.mol2,-10825.037384162182,,OK,nearest_coreCN_qc_ok,O106:2.359;O12:2.362;O182:2.406;O97:2.435;O191:2.494;O267:2.538;O276:2.560;O21:2.577,2.5771,4.5270,1.9499,O106:2.359;O12:2.362;O182:2.406;O97:2.435;O191:2.494;O267:2.538;O276:2.560;O21:2.577;N107:4.527;N9:4.556;N179:4.610;N94:4.633;N192:4.729;N22:4.768;N264:4.785;N277:4.812
113,a61bb065986b,Dy,66,3,CCCCCCn1c(-c2ccccc2)c(-c2ccccc2)c2cc3ccc4cc5c(-c6ccccc6)c(-c6ccccc6)n(CCCCCC)c(=O)c5nc4c3nc2c1=O,"[6, 43, 51, 53, 56, 59]",6,8,1,water,66|CCCCCCn1c(-c2ccccc2)c(-c2ccccc2)c2cc3ccc4cc5c(-c6ccccc6)c(-c6ccccc6)n(CCCCCC)c(=O)c5nc4c3nc2c1=O|water,/nfs/home/nshank3/lanthanide_dataset_builder/data/geometries/Dy/Dy_Z66_ox3_CN8_nlig1_water_a61bb065986b.xyz,1,standard,1377229706,40,5,250,0,rejected_by_nearest_coreCN_qc,False,,/nfs/home/nshank3/lanthanide_dataset_builder/data/processed/geometries_regenerated_fail_long_bond/rejected/Dy/Dy_Z66_ox3_CN8_nlig1_water_a61bb065986b_attempt01_standard.xyz,/nfs/home/nshank3/lanthanide_dataset_builder/data/processed/geometries_regenerated_fail_long_bond/rejected/Dy/Dy_Z66_ox3_CN8_nlig1_water_a61bb065986b_attempt01_standard.mol2,-4652.408046874434,,FAIL_LONG_BOND,coreCN_max_dist>3.10,O52:2.109;O60:2.266;N57:2.389;N54:2.424;O111:2.431;O114:2.441;N44:3.606;N7:4.370,4.3700,inf,inf,O52:2.109;O60:2.266;N57:2.389;N54:2.424;O111:2.431;O114:2.441;N44:3.606;N7:4.370
113,a61bb065986b,Dy,66,3,CCCCCCn1c(-c2ccccc2)c(-c2ccccc2)c2cc3ccc4cc5c(-c6ccccc6)c(-c6ccccc6)n(CCCCCC)c(=O)c5nc4c3nc2c1=O,"[6, 43, 51, 53, 56, 59]",6,8,1,water,66|CCCCCCn1c(-c2ccccc2)c(-c2ccccc2)c2cc3ccc4cc5c(-c6ccccc6)c(-c6ccccc6)n(CCCCCC)c(=O)c5nc4c3nc2c1=O|water,/nfs/home/nshank3/lanthanide_dataset_builder/data/geometries/Dy/Dy_Z66_ox3_CN8_nlig1_water_a61bb065986b.xyz,2,standard,1377237625,50,6,250,0,rejected_by_nearest_coreCN_qc,False,,/nfs/home/nshank3/lanthanide_dataset_builder/data/processed/geometries_regenerated_fail_long_bond/rejected/Dy/Dy_Z66_ox3_CN8_nlig1_water_a61bb065986b_attempt02_standard.xyz,/nfs/home/nshank3/lanthanide_dataset_builder/data/processed/geometries_regenerated_fail_long_bond/rejected/Dy/Dy_Z66_ox3_CN8_nlig1_water_a61bb065986b_attempt02_standard.mol2,-4653.352472414821,,FAIL_LONG_BOND,coreCN_max_dist>3.10,O60:2.178;O52:2.195;O114:2.365;N57:2.401;N54:2.401;O111:2.621;N44:4.044;N7:4.204,4.2037,inf,inf,O60:2.178;O52:2.195;O114:2.365;N57:2.401;N54:2.401;O111:2.621;N44:4.044;N7:4.204
149,3095c50fd4a6,Nd,60,3,CCCCCCC(CCCC)CCCN(C)C(=O)COCC(=O)N(C)CCCC(CCCC)CCCCCC,"[17, 19, 22]",3,9,3,water,60|CCCCCCC(CCCC)CCCN(C)C(=O)COCC(=O)N(C)CCCC(CCCC)CCCCCC|water,/nfs/home/nshank3/lanthanide_dataset_builder/data/geometries/Nd/Nd_Z60_ox3_CN9_nlig3_water_3095c50fd4a6.xyz,1,standard,84916450,40,5,250,0,accepted,True,,/nfs/home/nshank3/lanthanide_dataset_builder/data/processed/geometries_regenerated_fail_long_bond/accepted/Nd/Nd_Z60_ox3_CN9_nlig3_water_3095c50fd4a6_attempt01_standard.xyz,/nfs/home/nshank3/lanthanide_dataset_builder/data/processed/geometries_regenerated_fail_long_bond/accepted/Nd/Nd_Z60_ox3_CN9_nlig3_water_3095c50fd4a6_attempt01_standard.mol2,-10257.77588817505,,OK,nearest_coreCN_qc_ok,O232:2.252;O23:2.294;O130:2.331;O237:2.340;O18:2.342;O127:2.563;O125:2.595;O234:2.603;O20:2.799,2.7990,4.0837,1.2847,O232:2.252;O23:2.294;O130:2.331;O237:2.340;O18:2.342;O127:2.563;O125:2.595;O234:2.603;O20:2.799;N238:4.084;N229:4.294;N24:4.403;N15:4.479;N131:4.486;N122:4.569
185,1f1106359435,Eu,63,3,CC(C)(C)c1ccc(NC(=O)c2cc(=O)cc(C(=O)Nc3ccc(C(C)(C)C)cc3)o2)cc1,"[10, 14, 18, 30]",4,9,2,nitrate,63|CC(C)(C)c1ccc(NC(=O)c2cc(=O)cc(C(=O)Nc3ccc(C(C)(C)C)cc3)o2)cc1|nitrate,/nfs/home/nshank3/lanthanide_dataset_builder/data/geometries/Eu/Eu_Z63_ox3_CN9_nlig2_nitrate_1f1106359435.xyz,1,standard,1724577200,40,5,250,8,build_failed,False,,,,,no_structures_returned,BUILD_FAILED,no_structures_returned,,,,,
185,1f1106359435,Eu,63,3,CC(C)(C)c1ccc(NC(=O)c2cc(=O)cc(C(=O)Nc3ccc(C(C)(C)C)cc3)o2)cc1,"[10, 14, 18, 30]",4,9,2,nitrate,63|CC(C)(C)c1ccc(NC(=O)c2cc(=O)cc(C(=O)Nc3ccc(C(C)(C)C)cc3)o2)cc1|nitrate,/nfs/home/nshank3/lanthanide_dataset_builder/data/geometries/Eu/Eu_Z63_ox3_CN9_nlig2_nitrate_1f1106359435.xyz,2,standard,1724585119,50,6,250,8,build_failed,False,,,,,no_structures_returned,BUILD_FAILED,no_structures_returned,,,,,
221,f5a4d693ef5a,Eu,63,3,CC(C)CCCC(C)CCCCN(C)C(=O)COCC(=O)N(C)CCCCC(C)CCCC(C)C,"[15, 17, 20]",3,9,3,water,63|CC(C)CCCC(C)CCCCN(C)C(=O)COCC(=O)N(C)CCCCC(C)CCCC(C)C|water,/nfs/home/nshank3/lanthanide_dataset_builder/data/geometries/Eu/Eu_Z63_ox3_CN9_nlig3_water_f5a4d693ef5a.xyz,1,standard,465142881,40,5,250,0,accepted,True,,/nfs/home/nshank3/lanthanide_dataset_builder/data/processed/geometries_regenerated_fail_long_bond/accepted/Eu/Eu_Z63_ox3_CN9_nlig3_water_f5a4d693ef5a_attempt01_standard.xyz,/nfs/home/nshank3/lanthanide_dataset_builder/data/processed/geometries_regenerated_fail_long_bond/accepted/Eu/Eu_Z63_ox3_CN9_nlig3_water_f5a4d693ef5a_attempt01_standard.mol2,-9224.99328272386,,OK,nearest_coreCN_qc_ok,O116:2.141;O21:2.225;O206:2.330;O113:2.487;O211:2.550;O111:2.561;O18:2.595;O208:2.617;O16:2.660,2.6599,3.9489,1.2890,O116:2.141;O21:2.225;O206:2.330;O113:2.487;O211:2.550;O111:2.561;O18:2.595;O208:2.617;O16:2.660;N22:3.949;N117:3.957;N203:4.381;N108:4.717;N212:4.728;N13:4.832
257,9fc207440e89,Tm,69,3,CCCCCCn1c(-c2ccccc2)c(-c2ccccc2)c2cc3ccc4cc5c(-c6ccccc6)c(-c6ccccc6)n(CCCCCC)c(=O)c5nc4c3nc2c1=O,"[6, 43, 51, 53, 56, 59]",6,8,1,nitrate,69|CCCCCCn1c(-c2ccccc2)c(-c2ccccc2)c2cc3ccc4cc5c(-c6ccccc6)c(-c6ccccc6)n(CCCCCC)c(=O)c5nc4c3nc2c1=O|nitrate,/nfs/home/nshank3/lanthanide_dataset_builder/data/geometries/Tm/Tm_Z69_ox3_CN8_nlig1_nitrate_9fc207440e89.xyz,1,standard,127104188,40,5,250,8,build_failed,False,,,,,no_structures_returned,BUILD_FAILED,no_structures_returned,,,,,
257,9fc207440e89,Tm,69,3,CCCCCCn1c(-c2ccccc2)c(-c2ccccc2)c2cc3ccc4cc5c(-c6ccccc6)c(-c6ccccc6)n(CCCCCC)c(=O)c5nc4c3nc2c1=O,"[6, 43, 51, 53, 56, 59]",6,8,1,nitrate,69|CCCCCCn1c(-c2ccccc2)c(-c2ccccc2)c2cc3ccc4cc5c(-c6ccccc6)c(-c6ccccc6)n(CCCCCC)c(=O)c5nc4c3nc2c1=O|nitrate,/nfs/home/nshank3/lanthanide_dataset_builder/data/geometries/Tm/Tm_Z69_ox3_CN8_nlig1_nitrate_9fc207440e89.xyz,2,standard,127112107,50,6,250,8,build_failed,False,,,,,no_structures_returned,BUILD_FAILED,no_structures_returned,,,,,
5,6774552a35e9,Ce,58,3,O=C(O)CN(CC(=O)O)C1CCCCC1N(CC(=O)O)CC(=O)O,"[0, 2, 4, 7, 8, 15, 18, 19]",8,9,1,nitrate,58|O=C(O)CN(CC(=O)O)C1CCCCC1N(CC(=O)O)CC(=O)O|nitrate,/nfs/home/nshank3/lanthanide_dataset_builder/data/geometries/Ce/Ce_Z58_ox3_CN9_nlig1_nitrate_6774552a35e9.xyz,1,standard,1119277098,40,5,250,0,rejected_by_nearest_coreCN_qc,False,,data/processed/geometries_regenerated_fail_long_bond/rejected/Ce/Ce_Z58_ox3_CN9_nlig1_nitrate_6774552a35e9_attempt01_standard_dup2.xyz,data/processed/geometries_regenerated_fail_long_bond/rejected/Ce/Ce_Z58_ox3_CN9_nlig1_nitrate_6774552a35e9_attempt01_standard_dup2.mol2,-2297.583504519066,,FAIL_LONG_BOND,coreCN_max_dist>3.10,O1:2.095;O19:2.101;O8:2.119;O47:2.345;N16:2.469;N5:2.648;O20:2.997;O3:3.646;O9:3.833,3.8333,5.1718,1.3385,O1:2.095;O19:2.101;O8:2.119;O47:2.345;N16:2.469;N5:2.648;O20:2.997;O3:3.646;O9:3.833;O23:5.172;O24:5.777
5,6774552a35e9,Ce,58,3,O=C(O)CN(CC(=O)O)C1CCCCC1N(CC(=O)O)CC(=O)O,"[0, 2, 4, 7, 8, 15, 18, 19]",8,9,1,nitrate,58|O=C(O)CN(CC(=O)O)C1CCCCC1N(CC(=O)O)CC(=O)O|nitrate,/nfs/home/nshank3/lanthanide_dataset_builder/data/geometries/Ce/Ce_Z58_ox3_CN9_nlig1_nitrate_6774552a35e9.xyz,2,standard,1119285017,50,6,250,0,rejected_by_nearest_coreCN_qc,False,,data/processed/geometries_regenerated_fail_long_bond/rejected/Ce/Ce_Z58_ox3_CN9_nlig1_nitrate_6774552a35e9_attempt02_standard_dup2.xyz,data/processed/geometries_regenerated_fail_long_bond/rejected/Ce/Ce_Z58_ox3_CN9_nlig1_nitrate_6774552a35e9_attempt02_standard_dup2.mol2,-2300.6261567461574,,FAIL_LONG_BOND,coreCN_max_dist>3.10,O23:2.136;O1:2.244;O8:2.246;O19:2.252;O47:2.336;N5:2.626;N16:2.680;O24:3.410;O9:4.212,4.2123,4.2387,0.0263,O23:2.136;O1:2.244;O8:2.246;O19:2.252;O47:2.336;N5:2.626;N16:2.680;O24:3.410;O9:4.212;O20:4.239;O3:4.366
41,28e521f57d3b,Eu,63,3,O=C(O)CN(CCO)CCN(CC(=O)O)CC(=O)O,"[0, 2, 4, 7, 10, 13, 14, 17]",8,9,1,nitrate,63|O=C(O)CN(CCO)CCN(CC(=O)O)CC(=O)O|nitrate,/nfs/home/nshank3/lanthanide_dataset_builder/data/geometries/Eu/Eu_Z63_ox3_CN9_nlig1_nitrate_28e521f57d3b.xyz,1,standard,38409395,40,5,250,0,rejected_by_nearest_coreCN_qc,False,,data/processed/geometries_regenerated_fail_long_bond/rejected/Eu/Eu_Z63_ox3_CN9_nlig1_nitrate_28e521f57d3b_attempt01_standard_dup2.xyz,data/processed/geometries_regenerated_fail_long_bond/rejected/Eu/Eu_Z63_ox3_CN9_nlig1_nitrate_28e521f57d3b_attempt01_standard_dup2.mol2,-1898.278178108227,,FAIL_LONG_BOND,coreCN_max_dist>3.10,O1:2.221;O14:2.226;O18:2.241;O8:2.431;N5:2.477;O38:2.543;N11:2.633;O3:4.244;O15:4.301,4.3006,4.3603,0.0597,O1:2.221;O14:2.226;O18:2.241;O8:2.431;N5:2.477;O38:2.543;N11:2.633;O3:4.244;O15:4.301;O19:4.360
41,28e521f57d3b,Eu,63,3,O=C(O)CN(CCO)CCN(CC(=O)O)CC(=O)O,"[0, 2, 4, 7, 10, 13, 14, 17]",8,9,1,nitrate,63|O=C(O)CN(CCO)CCN(CC(=O)O)CC(=O)O|nitrate,/nfs/home/nshank3/lanthanide_dataset_builder/data/geometries/Eu/Eu_Z63_ox3_CN9_nlig1_nitrate_28e521f57d3b.xyz,2,standard,38417314,50,6,250,0,rejected_by_nearest_coreCN_qc,False,,data/processed/geometries_regenerated_fail_long_bond/rejected/Eu/Eu_Z63_ox3_CN9_nlig1_nitrate_28e521f57d3b_attempt02_standard_dup2.xyz,data/processed/geometries_regenerated_fail_long_bond/rejected/Eu/Eu_Z63_ox3_CN9_nlig1_nitrate_28e521f57d3b_attempt02_standard_dup2.mol2,-1899.0203195182526,,FAIL_LONG_BOND,coreCN_max_dist>3.10,O1:2.115;O18:2.118;O14:2.214;O38:2.320;O8:2.426;N5:2.488;N11:2.681;O3:3.782;O19:4.212,4.2119,4.2180,0.0061,O1:2.115;O18:2.118;O14:2.214;O38:2.320;O8:2.426;N5:2.488;N11:2.681;O3:3.782;O19:4.212;O15:4.218
77,192ab9676a31,Eu,63,3,CCCCCCCCN(CCCCCCCC)C(=O)[C@H](CCC)O[C@H](CCC)C(=O)N(CCCCCCCC)CCCCCCCC,"[18, 23, 29]",3,9,3,nitrate,63|CCCCCCCCN(CCCCCCCC)C(=O)[C@H](CCC)O[C@H](CCC)C(=O)N(CCCCCCCC)CCCCCCCC|nitrate,/nfs/home/nshank3/lanthanide_dataset_builder/data/geometries/Eu/Eu_Z63_ox3_CN9_nlig3_nitrate_192ab9676a31.xyz,1,standard,811334883,40,5,250,0,accepted,True,,data/processed/geometries_regenerated_fail_long_bond/accepted/Eu/Eu_Z63_ox3_CN9_nlig3_nitrate_192ab9676a31_attempt01_standard.xyz,data/processed/geometries_regenerated_fail_long_bond/accepted/Eu/Eu_Z63_ox3_CN9_nlig3_nitrate_192ab9676a31_attempt01_standard.mol2,-12322.061123066593,,OK,nearest_coreCN_qc_ok,O281:2.281;O161:2.312;O19:2.374;O292:2.407;O150:2.438;O30:2.587;O155:2.607;O286:2.620;O24:2.860,2.8595,4.1777,1.3182,O281:2.281;O161:2.312;O19:2.374;O292:2.407;O150:2.438;O30:2.587;O155:2.607;O286:2.620;O24:2.860;N271:4.178;N162:4.343;N9:4.379;N140:4.527;N293:4.573;N31:4.786
113,8085bc618fe6,Eu,63,3,CCCCN(CCCC)C(=O)CCC(=O)N(CCCC)CCCC,"[10, 14]",2,9,4,nitrate,63|CCCCN(CCCC)C(=O)CCC(=O)N(CCCC)CCCC|nitrate,/nfs/home/nshank3/lanthanide_dataset_builder/data/geometries/Eu/Eu_Z63_ox3_CN9_nlig4_nitrate_8085bc618fe6.xyz,1,standard,2062743430,40,5,250,0,rejected_by_nearest_coreCN_qc,False,,data/processed/geometries_regenerated_fail_long_bond/rejected/Eu/Eu_Z63_ox3_CN9_nlig4_nitrate_8085bc618fe6_attempt01_standard.xyz,data/processed/geometries_regenerated_fail_long_bond/rejected/Eu/Eu_Z63_ox3_CN9_nlig4_nitrate_8085bc618fe6_attempt01_standard.mol2,-8552.61799092123,,FAIL_LONG_BOND,coreCN_max_dist>3.10,O75:2.247;O11:2.397;O203:2.484;O15:2.497;O139:2.500;O79:2.670;O257:2.837;O143:3.366;O207:3.731,3.7310,4.3252,0.5941,O75:2.247;O11:2.397;O203:2.484;O15:2.497;O139:2.500;O79:2.670;O257:2.837;O143:3.366;O207:3.731;N69:4.325;N5:4.615;N197:4.663;N16:4.710;N133:4.736;N80:4.752;N144:5.632;N208:5.785
113,8085bc618fe6,Eu,63,3,CCCCN(CCCC)C(=O)CCC(=O)N(CCCC)CCCC,"[10, 14]",2,9,4,nitrate,63|CCCCN(CCCC)C(=O)CCC(=O)N(CCCC)CCCC|nitrate,/nfs/home/nshank3/lanthanide_dataset_builder/data/geometries/Eu/Eu_Z63_ox3_CN9_nlig4_nitrate_8085bc618fe6.xyz,2,standard,2062751349,50,6,250,0,rejected_by_nearest_coreCN_qc,False,,data/processed/geometries_regenerated_fail_long_bond/rejected/Eu/Eu_Z63_ox3_CN9_nlig4_nitrate_8085bc618fe6_attempt02_standard.xyz,data/processed/geometries_regenerated_fail_long_bond/rejected/Eu/Eu_Z63_ox3_CN9_nlig4_nitrate_8085bc618fe6_attempt02_standard.mol2,-8553.313491990568,,FAIL_LONG_BOND,coreCN_max_dist>3.10,O75:2.213;O143:2.319;O257:2.450;O79:2.524;O15:2.565;O207:2.647;O139:2.742;O203:2.937;O11:3.248,3.2475,4.2088,0.9613,O75:2.213;O143:2.319;O257:2.450;O79:2.524;O15:2.565;O207:2.647;O139:2.742;O203:2.937;O11:3.248;N144:4.209;N69:4.352;N80:4.691;N16:4.832;N208:4.869;N133:4.940;N197:5.159;N5:5.379
149,448f0760f6e6,La,57,3,O=C(O)CN(CC(=O)O)C1CCCCC1N(CC(=O)O)CC(=O)O,"[0, 2, 4, 7, 8, 15, 18, 19]",8,9,1,nitrate,57|O=C(O)CN(CC(=O)O)C1CCCCC1N(CC(=O)O)CC(=O)O|nitrate,/nfs/home/nshank3/lanthanide_dataset_builder/data/geometries/La/La_Z57_ox3_CN9_nlig1_nitrate_448f0760f6e6.xyz,1,standard,1548611671,40,5,250,0,rejected_by_nearest_coreCN_qc,False,,data/processed/geometries_regenerated_fail_long_bond/rejected/La/La_Z57_ox3_CN9_nlig1_nitrate_448f0760f6e6_attempt01_standard_dup2.xyz,data/processed/geometries_regenerated_fail_long_bond/rejected/La/La_Z57_ox3_CN9_nlig1_nitrate_448f0760f6e6_attempt01_standard_dup2.mol2,-2298.820413319122,,FAIL_LONG_BOND,coreCN_max_dist>3.10,O19:2.097;O8:2.128;O1:2.167;O47:2.383;N16:2.638;N5:2.770;O3:2.923;O20:3.268;O9:4.191,4.1911,5.3079,1.1168,O19:2.097;O8:2.128;O1:2.167;O47:2.383;N16:2.638;N5:2.770;O3:2.923;O20:3.268;O9:4.191;O23:5.308;O24:5.875
149,448f0760f6e6,La,57,3,O=C(O)CN(CC(=O)O)C1CCCCC1N(CC(=O)O)CC(=O)O,"[0, 2, 4, 7, 8, 15, 18, 19]",8,9,1,nitrate,57|O=C(O)CN(CC(=O)O)C1CCCCC1N(CC(=O)O)CC(=O)O|nitrate,/nfs/home/nshank3/lanthanide_dataset_builder/data/geometries/La/La_Z57_ox3_CN9_nlig1_nitrate_448f0760f6e6.xyz,2,standard,1548619590,50,6,250,0,rejected_by_nearest_coreCN_qc,False,,data/processed/geometries_regenerated_fail_long_bond/rejected/La/La_Z57_ox3_CN9_nlig1_nitrate_448f0760f6e6_attempt02_standard_dup2.xyz,data/processed/geometries_regenerated_fail_long_bond/rejected/La/La_Z57_ox3_CN9_nlig1_nitrate_448f0760f6e6_attempt02_standard_dup2.mol2,-2299.7214944531643,,FAIL_LONG_BOND,coreCN_max_dist>3.10,O1:2.122;O19:2.140;O8:2.152;O47:2.428;N16:2.475;N5:2.859;O3:3.338;O9:3.786;O20:4.213,4.2132,5.0686,0.8554,O1:2.122;O19:2.140;O8:2.152;O47:2.428;N16:2.475;N5:2.859;O3:3.338;O9:3.786;O20:4.213;O23:5.069;O24:5.453
221,57d63caa8449,Pr,59,3,CCCCCCC(CCCC)CCCN(C)C(=O)COCC(=O)N(C)CCCC(CCCC)CCCCCC,"[17, 19, 22]",3,9,3,water,59|CCCCCCC(CCCC)CCCN(C)C(=O)COCC(=O)N(C)CCCC(CCCC)CCCCCC|water,/nfs/home/nshank3/lanthanide_dataset_builder/data/geometries/Pr/Pr_Z59_ox3_CN9_nlig3_water_57d63caa8449.xyz,1,standard,64819654,40,5,250,0,rejected_by_nearest_coreCN_qc,False,,data/processed/geometries_regenerated_fail_long_bond/rejected/Pr/Pr_Z59_ox3_CN9_nlig3_water_57d63caa8449_attempt01_standard_dup2.xyz,data/processed/geometries_regenerated_fail_long_bond/rejected/Pr/Pr_Z59_ox3_CN9_nlig3_water_57d63caa8449_attempt01_standard_dup2.mol2,-10256.421773977618,,FAIL_LONG_BOND,coreCN_max_dist>3.10,O18:2.152;O237:2.207;O130:2.318;O125:2.495;O127:2.524;O232:2.671;O234:2.672;O20:3.457;O23:3.918,3.9177,4.1286,0.2109,O18:2.152;O237:2.207;O130:2.318;O125:2.495;O127:2.524;O232:2.671;O234:2.672;O20:3.457;O23:3.918;N238:4.129;N15:4.165;N122:4.446;N131:4.489;N229:4.801;N24:6.066
221,57d63caa8449,Pr,59,3,CCCCCCC(CCCC)CCCN(C)C(=O)COCC(=O)N(C)CCCC(CCCC)CCCCCC,"[17, 19, 22]",3,9,3,water,59|CCCCCCC(CCCC)CCCN(C)C(=O)COCC(=O)N(C)CCCC(CCCC)CCCCCC|water,/nfs/home/nshank3/lanthanide_dataset_builder/data/geometries/Pr/Pr_Z59_ox3_CN9_nlig3_water_57d63caa8449.xyz,2,standard,64827573,50,6,250,0,rejected_by_nearest_coreCN_qc,False,,data/processed/geometries_regenerated_fail_long_bond/rejected/Pr/Pr_Z59_ox3_CN9_nlig3_water_57d63caa8449_attempt02_standard_dup2.xyz,data/processed/geometries_regenerated_fail_long_bond/rejected/Pr/Pr_Z59_ox3_CN9_nlig3_water_57d63caa8449_attempt02_standard_dup2.mol2,-10257.778388704563,,FAIL_LONG_BOND,coreCN_max_dist>3.10,O237:2.327;O232:2.339;O125:2.644;O18:2.647;O23:2.744;O130:2.801;O20:2.802;O127:2.940;O234:3.169,3.1693,4.5137,1.3444,O237:2.327;O232:2.339;O125:2.644;O18:2.647;O23:2.744;O130:2.801;O20:2.802;O127:2.940;O234:3.169;N238:4.514;N229:4.532;N122:4.724;N15:4.735;N24:4.931;N131:5.004
257,a0aa0701cbf7,Yb,70,3,CCCCCCn1c(-c2ccccc2)c(-c2ccccc2)c2cc3ccc4cc5c(-c6ccccc6)c(-c6ccccc6)n(CCCCCC)c(=O)c5nc4c3nc2c1=O,"[6, 43, 51, 53, 56, 59]",6,8,1,water,70|CCCCCCn1c(-c2ccccc2)c(-c2ccccc2)c2cc3ccc4cc5c(-c6ccccc6)c(-c6ccccc6)n(CCCCCC)c(=O)c5nc4c3nc2c1=O|water,/nfs/home/nshank3/lanthanide_dataset_builder/data/geometries/Yb/Yb_Z70_ox3_CN8_nlig1_water_a0aa0701cbf7.xyz,1,standard,905621470,40,5,250,0,rejected_by_nearest_coreCN_qc,False,,data/processed/geometries_regenerated_fail_long_bond/rejected/Yb/Yb_Z70_ox3_CN8_nlig1_water_a0aa0701cbf7_attempt01_standard.xyz,data/processed/geometries_regenerated_fail_long_bond/rejected/Yb/Yb_Z70_ox3_CN8_nlig1_water_a0aa0701cbf7_attempt01_standard.mol2,-4651.58184644908,,FAIL_LONG_BOND,coreCN_max_dist>3.10,O52:2.108;O60:2.135;N57:2.334;N54:2.336;O114:2.360;O111:2.657;N44:4.012;N7:4.088,4.0882,inf,inf,O52:2.108;O60:2.135;N57:2.334;N54:2.336;O114:2.360;O111:2.657;N44:4.012;N7:4.088
257,a0aa0701cbf7,Yb,70,3,CCCCCCn1c(-c2ccccc2)c(-c2ccccc2)c2cc3ccc4cc5c(-c6ccccc6)c(-c6ccccc6)n(CCCCCC)c(=O)c5nc4c3nc2c1=O,"[6, 43, 51, 53, 56, 59]",6,8,1,water,70|CCCCCCn1c(-c2ccccc2)c(-c2ccccc2)c2cc3ccc4cc5c(-c6ccccc6)c(-c6ccccc6)n(CCCCCC)c(=O)c5nc4c3nc2c1=O|water,/nfs/home/nshank3/lanthanide_dataset_builder/data/geometries/Yb/Yb_Z70_ox3_CN8_nlig1_water_a0aa0701cbf7.xyz,2,standard,905629389,50,6,250,0,rejected_by_nearest_coreCN_qc,False,,data/processed/geometries_regenerated_fail_long_bond/rejected/Yb/Yb_Z70_ox3_CN8_nlig1_water_a0aa0701cbf7_attempt02_standard_dup2.xyz,data/processed/geometries_regenerated_fail_long_bond/rejected/Yb/Yb_Z70_ox3_CN8_nlig1_water_a0aa0701cbf7_attempt02_standard_dup2.mol2,-4650.886236119919,,FAIL_LONG_BOND,coreCN_max_dist>3.10,O52:2.074;O60:2.089;O114:2.387;N54:2.427;O111:2.469;N57:2.482;N7:3.908;N44:4.262,4.2619,inf,inf,O52:2.074;O60:2.089;O114:2.387;N54:2.427;O111:2.469;N57:2.482;N7:3.908;N44:4.262
