exp_id,Extractant_Name,Extractant_Concentration_M,Acid_Name,Acid_Concentration_M,Solvent_Name,Metal_Name,Metal_Oxidation_state,Metal_Concentration_mM,Phase_Modifier_Name,Phase_Modifier_Concentration_M,Holdback_Agent_Name,Holdback_Agent_Concentration_M,Extractant_SMILES,Extractant_inchi,ini_comp,Acid_Concentration_Organic_M,f_Solvent_Name,f_Metal_Concentration_mM,DOI,entry_author,addition_date,obsDvalues,obsDvaluesValue,obsTotalEnergiesUnit,obsTemp,obsTempsValue,obsTempUnit,Contact_Time_min,Shaking_Time_min,Radiolytic_Dosage_kGy,comments_obsType,comments_description,volType,volValue,thirdType,thirdValue
3617,TEHDGA,0.2 M,HNO3,4 M,n-Dodecane,Mo, ,1.53205 mM,isodecyl,2.12 M,,,CCCCC(CC)CN(CC(CC)CCCC)C(=O)COCC(=O)N(CC(CC)CCCC)CC(CC)CCCC,-,"HNO3, TEHDGA, Mo, isodecyl, n-Dodecane",,n-Dodecane,,doi.org/10.1299/jsmeicone.2007.15._ICONE1510_87,Aurora Clark,2024-12-16 21:53:03,Distribution Ratio,0.57,-,Temperature,25.0,C,- -,,,Comments,table1 raffinate nan extraction:nan,,,,
9176,DHmorDGA,0.01 M,HNO3,1 M,n-octane with 5% 1-octanol,Eu,III ,0.01 mM,,,,,CCCCCCN(CCCCCC)C(=O)COCC(=O)N1CCOCC1,-,"HNO3, DHmorDGA, Eu, n-octane with 5% 1-octanol",,n-octane with 5% 1-octanol,,"https://doi.org/10.1007/s10967-020-07368-2, https://doi.org/10.1021/jacs.5c19738",Thomas Summers,2026-01-20 20:37:51,Distribution Ratio,2.0196595805968,-,Temperature,22.0,C,30.0 min,,,Comments,"Data Location: Figure 10; Additional Comments: nan; Complexant_Name: nan; Complexant_SMILES: nan; Complexant_Concentration_M: nan; Publication_Year: 2020; Title: Synthesis and characterization of new unsymmetrical diglycolamide extractants for lanthanide ion partitioning: part one—straight-chain alkyl derivatives; Authors: B. G. Tokheim, S. S. Kelly, R. C. Ronald, K. L. Nash; No. of Extractants: 1; Aqueous Phase Metals: nan; Metal_Concentration_mM: 0.01; No. of Metals: 1",Volume Ratio,1.0,,
9179,DOmorDGA,0.01 M,HNO3,1 M,n-octane with 5% 1-octanol,Eu,III ,0.01 mM,,,,,CCCCCCCCN(CCCCCCCC)C(=O)COCC(=O)N1CCOCC1,-,"HNO3, DOmorDGA, Eu, n-octane with 5% 1-octanol",,n-octane with 5% 1-octanol,,"https://doi.org/10.1007/s10967-020-07368-2, https://doi.org/10.1021/jacs.5c19738",Thomas Summers,2026-01-20 20:37:51,Distribution Ratio,1.43051413701614,-,Temperature,22.0,C,30.0 min,,,Comments,"Data Location: Figure 10; Additional Comments: nan; Complexant_Name: nan; Complexant_SMILES: nan; Complexant_Concentration_M: nan; Publication_Year: 2020; Title: Synthesis and characterization of new unsymmetrical diglycolamide extractants for lanthanide ion partitioning: part one—straight-chain alkyl derivatives; Authors: B. G. Tokheim, S. S. Kelly, R. C. Ronald, K. L. Nash; No. of Extractants: 1; Aqueous Phase Metals: nan; Metal_Concentration_mM: 0.01; No. of Metals: 1",Volume Ratio,1.0,,
9205,DOmorDGA,0.005 M,HNO3,0.00962095 M,n-octane with 5% 1-octanol,Eu,III ,0.01 mM,,,,,CCCCCCCCN(CCCCCCCC)C(=O)COCC(=O)N1CCOCC1,-,"HNO3, DOmorDGA, Eu, n-octane with 5% 1-octanol",,n-octane with 5% 1-octanol,,"https://doi.org/10.1007/s10967-020-07368-2, https://doi.org/10.1021/jacs.5c19738",Thomas Summers,2026-01-20 20:37:53,Distribution Ratio,0.14602162524922,-,Temperature,22.0,C,30.0 min,,,Comments,"Data Location: Figure 8; Additional Comments: nan; Complexant_Name: nan; Complexant_SMILES: nan; Complexant_Concentration_M: nan; Publication_Year: 2020; Title: Synthesis and characterization of new unsymmetrical diglycolamide extractants for lanthanide ion partitioning: part one—straight-chain alkyl derivatives; Authors: B. G. Tokheim, S. S. Kelly, R. C. Ronald, K. L. Nash; No. of Extractants: 1; Aqueous Phase Metals: nan; Metal_Concentration_mM: 0.01; No. of Metals: 1",Volume Ratio,1.0,,
9206,DOmorDGA,0.005 M,HNO3,0.024321 M,n-octane with 5% 1-octanol,Eu,III ,0.01 mM,,,,,CCCCCCCCN(CCCCCCCC)C(=O)COCC(=O)N1CCOCC1,-,"HNO3, DOmorDGA, Eu, n-octane with 5% 1-octanol",,n-octane with 5% 1-octanol,,"https://doi.org/10.1007/s10967-020-07368-2, https://doi.org/10.1021/jacs.5c19738",Thomas Summers,2026-01-20 20:37:53,Distribution Ratio,0.104328967164239,-,Temperature,22.0,C,30.0 min,,,Comments,"Data Location: Figure 8; Additional Comments: nan; Complexant_Name: nan; Complexant_SMILES: nan; Complexant_Concentration_M: nan; Publication_Year: 2020; Title: Synthesis and characterization of new unsymmetrical diglycolamide extractants for lanthanide ion partitioning: part one—straight-chain alkyl derivatives; Authors: B. G. Tokheim, S. S. Kelly, R. C. Ronald, K. L. Nash; No. of Extractants: 1; Aqueous Phase Metals: nan; Metal_Concentration_mM: 0.01; No. of Metals: 1",Volume Ratio,1.0,,
9207,DOmorDGA,0.005 M,HNO3,0.0977526 M,n-octane with 5% 1-octanol,Eu,III ,0.01 mM,,,,,CCCCCCCCN(CCCCCCCC)C(=O)COCC(=O)N1CCOCC1,-,"HNO3, DOmorDGA, Eu, n-octane with 5% 1-octanol",,n-octane with 5% 1-octanol,,"https://doi.org/10.1007/s10967-020-07368-2, https://doi.org/10.1021/jacs.5c19738",Thomas Summers,2026-01-20 20:37:53,Distribution Ratio,0.335083755512973,-,Temperature,22.0,C,30.0 min,,,Comments,"Data Location: Figure 8; Additional Comments: nan; Complexant_Name: nan; Complexant_SMILES: nan; Complexant_Concentration_M: nan; Publication_Year: 2020; Title: Synthesis and characterization of new unsymmetrical diglycolamide extractants for lanthanide ion partitioning: part one—straight-chain alkyl derivatives; Authors: B. G. Tokheim, S. S. Kelly, R. C. Ronald, K. L. Nash; No. of Extractants: 1; Aqueous Phase Metals: nan; Metal_Concentration_mM: 0.01; No. of Metals: 1",Volume Ratio,1.0,,
9208,DOmorDGA,0.005 M,HNO3,0.4887 M,n-octane with 5% 1-octanol,Eu,III ,0.01 mM,,,,,CCCCCCCCN(CCCCCCCC)C(=O)COCC(=O)N1CCOCC1,-,"HNO3, DOmorDGA, Eu, n-octane with 5% 1-octanol",,n-octane with 5% 1-octanol,,"https://doi.org/10.1007/s10967-020-07368-2, https://doi.org/10.1021/jacs.5c19738",Thomas Summers,2026-01-20 20:37:53,Distribution Ratio,0.994365418571286,-,Temperature,22.0,C,30.0 min,,,Comments,"Data Location: Figure 8; Additional Comments: nan; Complexant_Name: nan; Complexant_SMILES: nan; Complexant_Concentration_M: nan; Publication_Year: 2020; Title: Synthesis and characterization of new unsymmetrical diglycolamide extractants for lanthanide ion partitioning: part one—straight-chain alkyl derivatives; Authors: B. G. Tokheim, S. S. Kelly, R. C. Ronald, K. L. Nash; No. of Extractants: 1; Aqueous Phase Metals: nan; Metal_Concentration_mM: 0.01; No. of Metals: 1",Volume Ratio,1.0,,
9209,DOmorDGA,0.005 M,HNO3,0.957732 M,n-octane with 5% 1-octanol,Eu,III ,0.01 mM,,,,,CCCCCCCCN(CCCCCCCC)C(=O)COCC(=O)N1CCOCC1,-,"HNO3, DOmorDGA, Eu, n-octane with 5% 1-octanol",,n-octane with 5% 1-octanol,,"https://doi.org/10.1007/s10967-020-07368-2, https://doi.org/10.1021/jacs.5c19738",Thomas Summers,2026-01-20 20:37:53,Distribution Ratio,114.523788307903,-,Temperature,22.0,C,30.0 min,,,Comments,"Data Location: Figure 8; Additional Comments: nan; Complexant_Name: nan; Complexant_SMILES: nan; Complexant_Concentration_M: nan; Publication_Year: 2020; Title: Synthesis and characterization of new unsymmetrical diglycolamide extractants for lanthanide ion partitioning: part one—straight-chain alkyl derivatives; Authors: B. G. Tokheim, S. S. Kelly, R. C. Ronald, K. L. Nash; No. of Extractants: 1; Aqueous Phase Metals: nan; Metal_Concentration_mM: 0.01; No. of Metals: 1",Volume Ratio,1.0,,
9210,DOmorDGA,0.005 M,HNO3,1.92882 M,n-octane with 5% 1-octanol,Eu,III ,0.01 mM,,,,,CCCCCCCCN(CCCCCCCC)C(=O)COCC(=O)N1CCOCC1,-,"HNO3, DOmorDGA, Eu, n-octane with 5% 1-octanol",,n-octane with 5% 1-octanol,,"https://doi.org/10.1007/s10967-020-07368-2, https://doi.org/10.1021/jacs.5c19738",Thomas Summers,2026-01-20 20:37:53,Distribution Ratio,3239.13797611732,-,Temperature,22.0,C,30.0 min,,,Comments,"Data Location: Figure 8; Additional Comments: nan; Complexant_Name: nan; Complexant_SMILES: nan; Complexant_Concentration_M: nan; Publication_Year: 2020; Title: Synthesis and characterization of new unsymmetrical diglycolamide extractants for lanthanide ion partitioning: part one—straight-chain alkyl derivatives; Authors: B. G. Tokheim, S. S. Kelly, R. C. Ronald, K. L. Nash; No. of Extractants: 1; Aqueous Phase Metals: nan; Metal_Concentration_mM: 0.01; No. of Metals: 1",Volume Ratio,1.0,,
9211,DOmorDGA,0.005 M,HNO3,3.01145 M,n-octane with 5% 1-octanol,Eu,III ,0.01 mM,,,,,CCCCCCCCN(CCCCCCCC)C(=O)COCC(=O)N1CCOCC1,-,"HNO3, DOmorDGA, Eu, n-octane with 5% 1-octanol",,n-octane with 5% 1-octanol,,"https://doi.org/10.1007/s10967-020-07368-2, https://doi.org/10.1021/jacs.5c19738",Thomas Summers,2026-01-20 20:37:53,Distribution Ratio,3113.51909627859,-,Temperature,22.0,C,30.0 min,,,Comments,"Data Location: Figure 8; Additional Comments: nan; Complexant_Name: nan; Complexant_SMILES: nan; Complexant_Concentration_M: nan; Publication_Year: 2020; Title: Synthesis and characterization of new unsymmetrical diglycolamide extractants for lanthanide ion partitioning: part one—straight-chain alkyl derivatives; Authors: B. G. Tokheim, S. S. Kelly, R. C. Ronald, K. L. Nash; No. of Extractants: 1; Aqueous Phase Metals: nan; Metal_Concentration_mM: 0.01; No. of Metals: 1",Volume Ratio,1.0,,
9218,DHmorDGA,0.05 M,HNO3,3 M,n-octane with 5% 1-octanol,Eu,III ,0.01 mM,,,,,CCCCCCN(CCCCCC)C(=O)COCC(=O)N1CCOCC1,-,"HNO3, DHmorDGA, Eu, n-octane with 5% 1-octanol",,n-octane with 5% 1-octanol,,"https://doi.org/10.1007/s10967-020-07368-2, https://doi.org/10.1021/jacs.5c19738",Thomas Summers,2026-01-20 20:37:54,,,,Temperature,22.0,C,30.0 min,,,Comments,"Data Location: MAIN TEXT; Additional Comments: nan; Complexant_Name: nan; Complexant_SMILES: nan; Complexant_Concentration_M: nan; Publication_Year: 2020; Title: Synthesis and characterization of new unsymmetrical diglycolamide extractants for lanthanide ion partitioning: part one—straight-chain alkyl derivatives; Authors: B. G. Tokheim, S. S. Kelly, R. C. Ronald, K. L. Nash; No. of Extractants: 1; Aqueous Phase Metals: nan; Metal_Concentration_mM: 0.01; No. of Metals: 1",Volume Ratio,1.0,,
9224,DHmorDGA,0.0054 M,HNO3,1.004 M,n-octane with 10% 1-octanol,Eu,III ,0.01 mM,,,,,CCCCCCN(CCCCCC)C(=O)COCC(=O)N1CCOCC1,-,"HNO3, DHmorDGA, Eu, n-octane with 10% 1-octanol",,n-octane with 10% 1-octanol,,"https://doi.org/10.1007/s10967-020-07368-2, https://doi.org/10.1021/jacs.5c19738",Thomas Summers,2026-01-20 20:37:54,Distribution Ratio,0.257607737954939,-,Temperature,22.0,C,30.0 min,,,Comments,"Data Location: SI Figure 2; Additional Comments: nan; Complexant_Name: nan; Complexant_SMILES: nan; Complexant_Concentration_M: nan; Publication_Year: 2020; Title: Synthesis and characterization of new unsymmetrical diglycolamide extractants for lanthanide ion partitioning: part one—straight-chain alkyl derivatives; Authors: B. G. Tokheim, S. S. Kelly, R. C. Ronald, K. L. Nash; No. of Extractants: 1; Aqueous Phase Metals: nan; Metal_Concentration_mM: 0.01; No. of Metals: 1",Volume Ratio,1.0,,
9225,DHmorDGA,0.0105 M,HNO3,1.004 M,n-octane with 10% 1-octanol,Eu,III ,0.01 mM,,,,,CCCCCCN(CCCCCC)C(=O)COCC(=O)N1CCOCC1,-,"HNO3, DHmorDGA, Eu, n-octane with 10% 1-octanol",,n-octane with 10% 1-octanol,,"https://doi.org/10.1007/s10967-020-07368-2, https://doi.org/10.1021/jacs.5c19738",Thomas Summers,2026-01-20 20:37:54,Distribution Ratio,1.63052989996679,-,Temperature,22.0,C,30.0 min,,,Comments,"Data Location: SI Figure 2; Additional Comments: nan; Complexant_Name: nan; Complexant_SMILES: nan; Complexant_Concentration_M: nan; Publication_Year: 2020; Title: Synthesis and characterization of new unsymmetrical diglycolamide extractants for lanthanide ion partitioning: part one—straight-chain alkyl derivatives; Authors: B. G. Tokheim, S. S. Kelly, R. C. Ronald, K. L. Nash; No. of Extractants: 1; Aqueous Phase Metals: nan; Metal_Concentration_mM: 0.01; No. of Metals: 1",Volume Ratio,1.0,,
9226,DHmorDGA,0.0205 M,HNO3,1.004 M,n-octane with 10% 1-octanol,Eu,III ,0.01 mM,,,,,CCCCCCN(CCCCCC)C(=O)COCC(=O)N1CCOCC1,-,"HNO3, DHmorDGA, Eu, n-octane with 10% 1-octanol",,n-octane with 10% 1-octanol,,"https://doi.org/10.1007/s10967-020-07368-2, https://doi.org/10.1021/jacs.5c19738",Thomas Summers,2026-01-20 20:37:54,Distribution Ratio,14.3725638467991,-,Temperature,22.0,C,30.0 min,,,Comments,"Data Location: SI Figure 2; Additional Comments: nan; Complexant_Name: nan; Complexant_SMILES: nan; Complexant_Concentration_M: nan; Publication_Year: 2020; Title: Synthesis and characterization of new unsymmetrical diglycolamide extractants for lanthanide ion partitioning: part one—straight-chain alkyl derivatives; Authors: B. G. Tokheim, S. S. Kelly, R. C. Ronald, K. L. Nash; No. of Extractants: 1; Aqueous Phase Metals: nan; Metal_Concentration_mM: 0.01; No. of Metals: 1",Volume Ratio,1.0,,
9227,DHmorDGA,0.0412 M,HNO3,1.004 M,n-octane with 10% 1-octanol,Eu,III ,0.01 mM,,,,,CCCCCCN(CCCCCC)C(=O)COCC(=O)N1CCOCC1,-,"HNO3, DHmorDGA, Eu, n-octane with 10% 1-octanol",,n-octane with 10% 1-octanol,,"https://doi.org/10.1007/s10967-020-07368-2, https://doi.org/10.1021/jacs.5c19738",Thomas Summers,2026-01-20 20:37:54,Distribution Ratio,134.938844310444,-,Temperature,22.0,C,30.0 min,,,Comments,"Data Location: SI Figure 2; Additional Comments: nan; Complexant_Name: nan; Complexant_SMILES: nan; Complexant_Concentration_M: nan; Publication_Year: 2020; Title: Synthesis and characterization of new unsymmetrical diglycolamide extractants for lanthanide ion partitioning: part one—straight-chain alkyl derivatives; Authors: B. G. Tokheim, S. S. Kelly, R. C. Ronald, K. L. Nash; No. of Extractants: 1; Aqueous Phase Metals: nan; Metal_Concentration_mM: 0.01; No. of Metals: 1",Volume Ratio,1.0,,
9236,DOmorDGA,0.0056 M,HNO3,1.004 M,n-octane with 10% 1-octanol,Eu,III ,0.01 mM,,,,,CCCCCCCCN(CCCCCCCC)C(=O)COCC(=O)N1CCOCC1,-,"HNO3, DOmorDGA, Eu, n-octane with 10% 1-octanol",,n-octane with 10% 1-octanol,,"https://doi.org/10.1007/s10967-020-07368-2, https://doi.org/10.1021/jacs.5c19738",Thomas Summers,2026-01-20 20:37:55,Distribution Ratio,0.234622884814226,-,Temperature,22.0,C,30.0 min,,,Comments,"Data Location: SI Figure 5; Additional Comments: nan; Complexant_Name: nan; Complexant_SMILES: nan; Complexant_Concentration_M: nan; Publication_Year: 2020; Title: Synthesis and characterization of new unsymmetrical diglycolamide extractants for lanthanide ion partitioning: part one—straight-chain alkyl derivatives; Authors: B. G. Tokheim, S. S. Kelly, R. C. Ronald, K. L. Nash; No. of Extractants: 1; Aqueous Phase Metals: nan; Metal_Concentration_mM: 0.01; No. of Metals: 1",Volume Ratio,1.0,,
9237,DOmorDGA,0.0097 M,HNO3,1.004 M,n-octane with 10% 1-octanol,Eu,III ,0.01 mM,,,,,CCCCCCCCN(CCCCCCCC)C(=O)COCC(=O)N1CCOCC1,-,"HNO3, DOmorDGA, Eu, n-octane with 10% 1-octanol",,n-octane with 10% 1-octanol,,"https://doi.org/10.1007/s10967-020-07368-2, https://doi.org/10.1021/jacs.5c19738",Thomas Summers,2026-01-20 20:37:55,Distribution Ratio,1.26730357045392,-,Temperature,22.0,C,30.0 min,,,Comments,"Data Location: SI Figure 5; Additional Comments: nan; Complexant_Name: nan; Complexant_SMILES: nan; Complexant_Concentration_M: nan; Publication_Year: 2020; Title: Synthesis and characterization of new unsymmetrical diglycolamide extractants for lanthanide ion partitioning: part one—straight-chain alkyl derivatives; Authors: B. G. Tokheim, S. S. Kelly, R. C. Ronald, K. L. Nash; No. of Extractants: 1; Aqueous Phase Metals: nan; Metal_Concentration_mM: 0.01; No. of Metals: 1",Volume Ratio,1.0,,
9238,DOmorDGA,0.0199 M,HNO3,1.004 M,n-octane with 10% 1-octanol,Eu,III ,0.01 mM,,,,,CCCCCCCCN(CCCCCCCC)C(=O)COCC(=O)N1CCOCC1,-,"HNO3, DOmorDGA, Eu, n-octane with 10% 1-octanol",,n-octane with 10% 1-octanol,,"https://doi.org/10.1007/s10967-020-07368-2, https://doi.org/10.1021/jacs.5c19738",Thomas Summers,2026-01-20 20:37:55,Distribution Ratio,12.5535174931748,-,Temperature,22.0,C,30.0 min,,,Comments,"Data Location: SI Figure 5; Additional Comments: nan; Complexant_Name: nan; Complexant_SMILES: nan; Complexant_Concentration_M: nan; Publication_Year: 2020; Title: Synthesis and characterization of new unsymmetrical diglycolamide extractants for lanthanide ion partitioning: part one—straight-chain alkyl derivatives; Authors: B. G. Tokheim, S. S. Kelly, R. C. Ronald, K. L. Nash; No. of Extractants: 1; Aqueous Phase Metals: nan; Metal_Concentration_mM: 0.01; No. of Metals: 1",Volume Ratio,1.0,,
9239,DOmorDGA,0.0389 M,HNO3,1.004 M,n-octane with 10% 1-octanol,Eu,III ,0.01 mM,,,,,CCCCCCCCN(CCCCCCCC)C(=O)COCC(=O)N1CCOCC1,-,"HNO3, DOmorDGA, Eu, n-octane with 10% 1-octanol",,n-octane with 10% 1-octanol,,"https://doi.org/10.1007/s10967-020-07368-2, https://doi.org/10.1021/jacs.5c19738",Thomas Summers,2026-01-20 20:37:55,Distribution Ratio,156.104577380427,-,Temperature,22.0,C,30.0 min,,,Comments,"Data Location: SI Figure 5; Additional Comments: nan; Complexant_Name: nan; Complexant_SMILES: nan; Complexant_Concentration_M: nan; Publication_Year: 2020; Title: Synthesis and characterization of new unsymmetrical diglycolamide extractants for lanthanide ion partitioning: part one—straight-chain alkyl derivatives; Authors: B. G. Tokheim, S. S. Kelly, R. C. Ronald, K. L. Nash; No. of Extractants: 1; Aqueous Phase Metals: nan; Metal_Concentration_mM: 0.01; No. of Metals: 1",Volume Ratio,1.0,,
9250,DHmorDGA,0.05 M,HNO3,0.01 M,n-octane with 5% 1-octanol,Eu,III ,0.01 mM,,,,,CCCCCCN(CCCCCC)C(=O)COCC(=O)N1CCOCC1,-,"HNO3, DHmorDGA, Eu, n-octane with 5% 1-octanol",,n-octane with 5% 1-octanol,,"https://doi.org/10.1007/s10967-020-07368-2, https://doi.org/10.1021/jacs.5c19738",Thomas Summers,2026-01-20 20:37:56,Distribution Ratio,0.04,-,Temperature,22.0,C,30.0 min,,,Comments,"Data Location: Table 1; Additional Comments: nan; Complexant_Name: nan; Complexant_SMILES: nan; Complexant_Concentration_M: nan; Publication_Year: 2020; Title: Synthesis and characterization of new unsymmetrical diglycolamide extractants for lanthanide ion partitioning: part one—straight-chain alkyl derivatives; Authors: B. G. Tokheim, S. S. Kelly, R. C. Ronald, K. L. Nash; No. of Extractants: 1; Aqueous Phase Metals: nan; Metal_Concentration_mM: 0.01; No. of Metals: 1",Volume Ratio,1.0,,
9251,DHmorDGA,0.05 M,HNO3,0.1 M,n-octane with 5% 1-octanol,Eu,III ,0.01 mM,,,,,CCCCCCN(CCCCCC)C(=O)COCC(=O)N1CCOCC1,-,"HNO3, DHmorDGA, Eu, n-octane with 5% 1-octanol",,n-octane with 5% 1-octanol,,"https://doi.org/10.1007/s10967-020-07368-2, https://doi.org/10.1021/jacs.5c19738",Thomas Summers,2026-01-20 20:37:56,Distribution Ratio,6.1,-,Temperature,22.0,C,30.0 min,,,Comments,"Data Location: Table 1; Additional Comments: nan; Complexant_Name: nan; Complexant_SMILES: nan; Complexant_Concentration_M: nan; Publication_Year: 2020; Title: Synthesis and characterization of new unsymmetrical diglycolamide extractants for lanthanide ion partitioning: part one—straight-chain alkyl derivatives; Authors: B. G. Tokheim, S. S. Kelly, R. C. Ronald, K. L. Nash; No. of Extractants: 1; Aqueous Phase Metals: nan; Metal_Concentration_mM: 0.01; No. of Metals: 1",Volume Ratio,1.0,,
9252,DHmorDGA,0.05 M,HNO3,1 M,n-octane with 5% 1-octanol,Eu,III ,0.01 mM,,,,,CCCCCCN(CCCCCC)C(=O)COCC(=O)N1CCOCC1,-,"HNO3, DHmorDGA, Eu, n-octane with 5% 1-octanol",,n-octane with 5% 1-octanol,,"https://doi.org/10.1007/s10967-020-07368-2, https://doi.org/10.1021/jacs.5c19738",Thomas Summers,2026-01-20 20:37:56,Distribution Ratio,2000,-,Temperature,22.0,C,30.0 min,,,Comments,"Data Location: Table 1; Additional Comments: nan; Complexant_Name: nan; Complexant_SMILES: nan; Complexant_Concentration_M: nan; Publication_Year: 2020; Title: Synthesis and characterization of new unsymmetrical diglycolamide extractants for lanthanide ion partitioning: part one—straight-chain alkyl derivatives; Authors: B. G. Tokheim, S. S. Kelly, R. C. Ronald, K. L. Nash; No. of Extractants: 1; Aqueous Phase Metals: nan; Metal_Concentration_mM: 0.01; No. of Metals: 1",Volume Ratio,1.0,,
14826,"2-bromohexanoic acid, CyMe4-BTTP","1 M,0.01 M",HNO3,0.001 M,1-octanol,Am,III , ,,,,,"CCCCC(Br)C(=O)O, CC1(C)CCC(C)(C)c2nc(-c3cccc(-c4cccc(-c5cccc(-c6nnc7c(n6)C(C)(C)CCC7(C)C)n5)n4)n3)nnc21","-,-","HNO3,  CyMe4-BTTP, 2-bromohexanoic acid, Am, 1-octanol",,1-octanol,,"https://cordis.europa.eu/project/id/211267, https://doi.org/10.1021/jacs.5c19738",Baosen Zhang,2026-02-09 17:19:31,Distribution Ratio,20.8589999999996,-,Temperature,22.0,C,60.0 min,,,Comments,file: ./ST10.json; nitrate concentration(M): 0.001; Holdback_Agent_SMILES: nan; Holdback_Agent_Concentration_M: 0;,,,,
14827,"2-bromohexanoic acid, CyMe4-BTTP","1 M,0.01 M",HNO3,0.001 M,1-octanol,Eu,III , ,,,,,"CCCCC(Br)C(=O)O, CC1(C)CCC(C)(C)c2nc(-c3cccc(-c4cccc(-c5cccc(-c6nnc7c(n6)C(C)(C)CCC7(C)C)n5)n4)n3)nnc21","-,-","HNO3,  CyMe4-BTTP, 2-bromohexanoic acid, Eu, 1-octanol",,1-octanol,,"https://cordis.europa.eu/project/id/211267, https://doi.org/10.1021/jacs.5c19738",Baosen Zhang,2026-02-09 17:19:31,Distribution Ratio,1.174,-,Temperature,22.0,C,60.0 min,,,Comments,file: ./ST10.json; nitrate concentration(M): 0.001; Holdback_Agent_SMILES: nan; Holdback_Agent_Concentration_M: 0;,,,,
14828,"2-bromohexanoic acid, CyMe4-BTTP","1 M,0.01 M",HNO3,0.005 M,1-octanol,Am,III , ,,,,,"CCCCC(Br)C(=O)O, CC1(C)CCC(C)(C)c2nc(-c3cccc(-c4cccc(-c5cccc(-c6nnc7c(n6)C(C)(C)CCC7(C)C)n5)n4)n3)nnc21","-,-","HNO3,  CyMe4-BTTP, 2-bromohexanoic acid, Am, 1-octanol",,1-octanol,,"https://cordis.europa.eu/project/id/211267, https://doi.org/10.1021/jacs.5c19738",Baosen Zhang,2026-02-09 17:19:31,Distribution Ratio,3.347999999999997,-,Temperature,22.0,C,60.0 min,,,Comments,file: ./ST10.json; nitrate concentration(M): 0.005; Holdback_Agent_SMILES: nan; Holdback_Agent_Concentration_M: 0;,,,,
14829,"2-bromohexanoic acid, CyMe4-BTTP","1 M,0.01 M",HNO3,0.005 M,1-octanol,Eu,III , ,,,,,"CCCCC(Br)C(=O)O, CC1(C)CCC(C)(C)c2nc(-c3cccc(-c4cccc(-c5cccc(-c6nnc7c(n6)C(C)(C)CCC7(C)C)n5)n4)n3)nnc21","-,-","HNO3,  CyMe4-BTTP, 2-bromohexanoic acid, Eu, 1-octanol",,1-octanol,,"https://cordis.europa.eu/project/id/211267, https://doi.org/10.1021/jacs.5c19738",Baosen Zhang,2026-02-09 17:19:31,Distribution Ratio,0.1770000000000002,-,Temperature,22.0,C,60.0 min,,,Comments,file: ./ST10.json; nitrate concentration(M): 0.005; Holdback_Agent_SMILES: nan; Holdback_Agent_Concentration_M: 0;,,,,
14830,"2-bromohexanoic acid, CyMe4-BTTP","1 M,0.01 M",HNO3,0.01 M,1-octanol,Am,III , ,,,,,"CCCCC(Br)C(=O)O, CC1(C)CCC(C)(C)c2nc(-c3cccc(-c4cccc(-c5cccc(-c6nnc7c(n6)C(C)(C)CCC7(C)C)n5)n4)n3)nnc21","-,-","HNO3,  CyMe4-BTTP, 2-bromohexanoic acid, Am, 1-octanol",,1-octanol,,"https://cordis.europa.eu/project/id/211267, https://doi.org/10.1021/jacs.5c19738",Baosen Zhang,2026-02-09 17:19:31,Distribution Ratio,0.6490000000000011,-,Temperature,22.0,C,60.0 min,,,Comments,file: ./ST10.json; nitrate concentration(M): 0.01; Holdback_Agent_SMILES: nan; Holdback_Agent_Concentration_M: 0;,,,,
14831,"2-bromohexanoic acid, CyMe4-BTTP","1 M,0.01 M",HNO3,0.01 M,1-octanol,Eu,III , ,,,,,"CCCCC(Br)C(=O)O, CC1(C)CCC(C)(C)c2nc(-c3cccc(-c4cccc(-c5cccc(-c6nnc7c(n6)C(C)(C)CCC7(C)C)n5)n4)n3)nnc21","-,-","HNO3,  CyMe4-BTTP, 2-bromohexanoic acid, Eu, 1-octanol",,1-octanol,,"https://cordis.europa.eu/project/id/211267, https://doi.org/10.1021/jacs.5c19738",Baosen Zhang,2026-02-09 17:19:31,Distribution Ratio,0.0320000000000003,-,Temperature,22.0,C,60.0 min,,,Comments,file: ./ST10.json; nitrate concentration(M): 0.01; Holdback_Agent_SMILES: nan; Holdback_Agent_Concentration_M: 0;,,,,
14832,"2-bromohexanoic acid, CyMe4-BTTP","1 M,0.01 M",HNO3,0.05 M,1-octanol,Am,III , ,,,,,"CCCCC(Br)C(=O)O, CC1(C)CCC(C)(C)c2nc(-c3cccc(-c4cccc(-c5cccc(-c6nnc7c(n6)C(C)(C)CCC7(C)C)n5)n4)n3)nnc21","-,-","HNO3,  CyMe4-BTTP, 2-bromohexanoic acid, Am, 1-octanol",,1-octanol,,"https://cordis.europa.eu/project/id/211267, https://doi.org/10.1021/jacs.5c19738",Baosen Zhang,2026-02-09 17:19:31,Distribution Ratio,0.0150000000000003,-,Temperature,22.0,C,60.0 min,,,Comments,file: ./ST10.json; nitrate concentration(M): 0.05; Holdback_Agent_SMILES: nan; Holdback_Agent_Concentration_M: 0;,,,,
14833,"2-bromohexanoic acid, CyMe4-BTTP","1 M,0.01 M",HNO3,0.05 M,1-octanol,Eu,III , ,,,,,"CCCCC(Br)C(=O)O, CC1(C)CCC(C)(C)c2nc(-c3cccc(-c4cccc(-c5cccc(-c6nnc7c(n6)C(C)(C)CCC7(C)C)n5)n4)n3)nnc21","-,-","HNO3,  CyMe4-BTTP, 2-bromohexanoic acid, Eu, 1-octanol",,1-octanol,,"https://cordis.europa.eu/project/id/211267, https://doi.org/10.1021/jacs.5c19738",Baosen Zhang,2026-02-09 17:19:32,Distribution Ratio,0.002000000000000041,-,Temperature,22.0,C,60.0 min,,,Comments,file: ./ST10.json; nitrate concentration(M): 0.05; Holdback_Agent_SMILES: nan; Holdback_Agent_Concentration_M: 0;,,,,
14834,"2-bromohexanoic acid, CyMe4-BTTP","1 M,0.01 M",HNO3,0.1 M,1-octanol,Am,III , ,,,,,"CCCCC(Br)C(=O)O, CC1(C)CCC(C)(C)c2nc(-c3cccc(-c4cccc(-c5cccc(-c6nnc7c(n6)C(C)(C)CCC7(C)C)n5)n4)n3)nnc21","-,-","HNO3,  CyMe4-BTTP, 2-bromohexanoic acid, Am, 1-octanol",,1-octanol,,"https://cordis.europa.eu/project/id/211267, https://doi.org/10.1021/jacs.5c19738",Baosen Zhang,2026-02-09 17:19:32,Distribution Ratio,0.008000000000000118,-,Temperature,22.0,C,60.0 min,,,Comments,file: ./ST10.json; nitrate concentration(M): 0.1; Holdback_Agent_SMILES: nan; Holdback_Agent_Concentration_M: 0;,,,,
14835,"2-bromohexanoic acid, CyMe4-BTTP","1 M,0.01 M",HNO3,0.1 M,1-octanol,Eu,III , ,,,,,"CCCCC(Br)C(=O)O, CC1(C)CCC(C)(C)c2nc(-c3cccc(-c4cccc(-c5cccc(-c6nnc7c(n6)C(C)(C)CCC7(C)C)n5)n4)n3)nnc21","-,-","HNO3,  CyMe4-BTTP, 2-bromohexanoic acid, Eu, 1-octanol",,1-octanol,,"https://cordis.europa.eu/project/id/211267, https://doi.org/10.1021/jacs.5c19738",Baosen Zhang,2026-02-09 17:19:32,Distribution Ratio,0.002000000000000041,-,Temperature,22.0,C,60.0 min,,,Comments,file: ./ST10.json; nitrate concentration(M): 0.1; Holdback_Agent_SMILES: nan; Holdback_Agent_Concentration_M: 0;,,,,
14836,"2-bromohexanoic acid, CyMe4-BTTP","1 M,0.01 M",HNO3,0.2 M,1-octanol,Am,III , ,,,,,"CCCCC(Br)C(=O)O, CC1(C)CCC(C)(C)c2nc(-c3cccc(-c4cccc(-c5cccc(-c6nnc7c(n6)C(C)(C)CCC7(C)C)n5)n4)n3)nnc21","-,-","HNO3,  CyMe4-BTTP, 2-bromohexanoic acid, Am, 1-octanol",,1-octanol,,"https://cordis.europa.eu/project/id/211267, https://doi.org/10.1021/jacs.5c19738",Baosen Zhang,2026-02-09 17:19:32,Distribution Ratio,0.005000000000000015,-,Temperature,22.0,C,60.0 min,,,Comments,file: ./ST10.json; nitrate concentration(M): 0.2; Holdback_Agent_SMILES: nan; Holdback_Agent_Concentration_M: 0;,,,,
14837,"2-bromohexanoic acid, CyMe4-BTTP","1 M,0.01 M",HNO3,0.2 M,1-octanol,Eu,III , ,,,,,"CCCCC(Br)C(=O)O, CC1(C)CCC(C)(C)c2nc(-c3cccc(-c4cccc(-c5cccc(-c6nnc7c(n6)C(C)(C)CCC7(C)C)n5)n4)n3)nnc21","-,-","HNO3,  CyMe4-BTTP, 2-bromohexanoic acid, Eu, 1-octanol",,1-octanol,,"https://cordis.europa.eu/project/id/211267, https://doi.org/10.1021/jacs.5c19738",Baosen Zhang,2026-02-09 17:19:32,Distribution Ratio,0.002000000000000041,-,Temperature,22.0,C,60.0 min,,,Comments,file: ./ST10.json; nitrate concentration(M): 0.2; Holdback_Agent_SMILES: nan; Holdback_Agent_Concentration_M: 0;,,,,
14972,"2-bromohexanoic acid, CyMe4-hemi-BTBP","1 M,0.01 M",HNO3,0.001 M,1-octanol,Am,III , ,,,,,"CCCCCCCCC(Br)C(=O)O, CC1(C)CCC(C)(C)c2nc(-c3cccc(-c4cccc(-c5ccccn5)n4)n3)nnc21","-,-","HNO3,  CyMe4-hemi-BTBP, 2-bromohexanoic acid, Am, 1-octanol",,1-octanol,,"https://cordis.europa.eu/project/id/211267, https://doi.org/10.1021/jacs.5c19738",Baosen Zhang,2026-02-09 17:19:41,Distribution Ratio,1.342999999999999,-,Temperature,22.0,C,60.0 min,,,Comments,file: ./ST28.json; nitrate concentration(M): 0.001; Holdback_Agent_SMILES: nan; Holdback_Agent_Concentration_M: 0;,,,,
14973,"2-bromohexanoic acid, CyMe4-hemi-BTBP","1 M,0.01 M",HNO3,0.001 M,1-octanol,Eu,III , ,,,,,"CCCCCCCCC(Br)C(=O)O, CC1(C)CCC(C)(C)c2nc(-c3cccc(-c4cccc(-c5ccccn5)n4)n3)nnc21","-,-","HNO3,  CyMe4-hemi-BTBP, 2-bromohexanoic acid, Eu, 1-octanol",,1-octanol,,"https://cordis.europa.eu/project/id/211267, https://doi.org/10.1021/jacs.5c19738",Baosen Zhang,2026-02-09 17:19:41,Distribution Ratio,0.08900000000000145,-,Temperature,22.0,C,60.0 min,,,Comments,file: ./ST28.json; nitrate concentration(M): 0.001; Holdback_Agent_SMILES: nan; Holdback_Agent_Concentration_M: 0;,,,,
14974,"2-bromohexanoic acid, CyMe4-hemi-BTBP","1 M,0.01 M",HNO3,0.005 M,1-octanol,Am,III , ,,,,,"CCCCCCCCC(Br)C(=O)O, CC1(C)CCC(C)(C)c2nc(-c3cccc(-c4cccc(-c5ccccn5)n4)n3)nnc21","-,-","HNO3,  CyMe4-hemi-BTBP, 2-bromohexanoic acid, Am, 1-octanol",,1-octanol,,"https://cordis.europa.eu/project/id/211267, https://doi.org/10.1021/jacs.5c19738",Baosen Zhang,2026-02-09 17:19:41,Distribution Ratio,0.497000000000001,-,Temperature,22.0,C,60.0 min,,,Comments,file: ./ST28.json; nitrate concentration(M): 0.005; Holdback_Agent_SMILES: nan; Holdback_Agent_Concentration_M: 0;,,,,
14975,"2-bromohexanoic acid, CyMe4-hemi-BTBP","1 M,0.01 M",HNO3,0.005 M,1-octanol,Eu,III , ,,,,,"CCCCCCCCC(Br)C(=O)O, CC1(C)CCC(C)(C)c2nc(-c3cccc(-c4cccc(-c5ccccn5)n4)n3)nnc21","-,-","HNO3,  CyMe4-hemi-BTBP, 2-bromohexanoic acid, Eu, 1-octanol",,1-octanol,,"https://cordis.europa.eu/project/id/211267, https://doi.org/10.1021/jacs.5c19738",Baosen Zhang,2026-02-09 17:19:41,Distribution Ratio,0.0320000000000003,-,Temperature,22.0,C,60.0 min,,,Comments,file: ./ST28.json; nitrate concentration(M): 0.005; Holdback_Agent_SMILES: nan; Holdback_Agent_Concentration_M: 0;,,,,
14976,"2-bromohexanoic acid, CyMe4-hemi-BTBP","1 M,0.01 M",HNO3,0.01 M,1-octanol,Am,III , ,,,,,"CCCCCCCCC(Br)C(=O)O, CC1(C)CCC(C)(C)c2nc(-c3cccc(-c4cccc(-c5ccccn5)n4)n3)nnc21","-,-","HNO3,  CyMe4-hemi-BTBP, 2-bromohexanoic acid, Am, 1-octanol",,1-octanol,,"https://cordis.europa.eu/project/id/211267, https://doi.org/10.1021/jacs.5c19738",Baosen Zhang,2026-02-09 17:19:41,Distribution Ratio,0.145,-,Temperature,22.0,C,60.0 min,,,Comments,file: ./ST28.json; nitrate concentration(M): 0.01; Holdback_Agent_SMILES: nan; Holdback_Agent_Concentration_M: 0;,,,,
14977,"2-bromohexanoic acid, CyMe4-hemi-BTBP","1 M,0.01 M",HNO3,0.01 M,1-octanol,Eu,III , ,,,,,"CCCCCCCCC(Br)C(=O)O, CC1(C)CCC(C)(C)c2nc(-c3cccc(-c4cccc(-c5ccccn5)n4)n3)nnc21","-,-","HNO3,  CyMe4-hemi-BTBP, 2-bromohexanoic acid, Eu, 1-octanol",,1-octanol,,"https://cordis.europa.eu/project/id/211267, https://doi.org/10.1021/jacs.5c19738",Baosen Zhang,2026-02-09 17:19:41,Distribution Ratio,0.01000000000000023,-,Temperature,22.0,C,60.0 min,,,Comments,file: ./ST28.json; nitrate concentration(M): 0.01; Holdback_Agent_SMILES: nan; Holdback_Agent_Concentration_M: 0;,,,,
14978,"2-bromohexanoic acid, CyMe4-hemi-BTBP","1 M,0.01 M",HNO3,0.05 M,1-octanol,Am,III , ,,,,,"CCCCCCCCC(Br)C(=O)O, CC1(C)CCC(C)(C)c2nc(-c3cccc(-c4cccc(-c5ccccn5)n4)n3)nnc21","-,-","HNO3,  CyMe4-hemi-BTBP, 2-bromohexanoic acid, Am, 1-octanol",,1-octanol,,"https://cordis.europa.eu/project/id/211267, https://doi.org/10.1021/jacs.5c19738",Baosen Zhang,2026-02-09 17:19:41,Distribution Ratio,0.01090000000000016,-,Temperature,22.0,C,60.0 min,,,Comments,file: ./ST28.json; nitrate concentration(M): 0.05; Holdback_Agent_SMILES: nan; Holdback_Agent_Concentration_M: 0;,,,,
14979,"2-bromohexanoic acid, CyMe4-hemi-BTBP","1 M,0.01 M",HNO3,0.05 M,1-octanol,Eu,III , ,,,,,"CCCCCCCCC(Br)C(=O)O, CC1(C)CCC(C)(C)c2nc(-c3cccc(-c4cccc(-c5ccccn5)n4)n3)nnc21","-,-","HNO3,  CyMe4-hemi-BTBP, 2-bromohexanoic acid, Eu, 1-octanol",,1-octanol,,"https://cordis.europa.eu/project/id/211267, https://doi.org/10.1021/jacs.5c19738",Baosen Zhang,2026-02-09 17:19:41,Distribution Ratio,0.001600000000000019,-,Temperature,22.0,C,60.0 min,,,Comments,file: ./ST28.json; nitrate concentration(M): 0.05; Holdback_Agent_SMILES: nan; Holdback_Agent_Concentration_M: 0;,,,,
14980,"2-bromohexanoic acid, CyMe4-hemi-BTBP","1 M,0.01 M",HNO3,0.1 M,1-octanol,Am,III , ,,,,,"CCCCCCCCC(Br)C(=O)O, CC1(C)CCC(C)(C)c2nc(-c3cccc(-c4cccc(-c5ccccn5)n4)n3)nnc21","-,-","HNO3,  CyMe4-hemi-BTBP, 2-bromohexanoic acid, Am, 1-octanol",,1-octanol,,"https://cordis.europa.eu/project/id/211267, https://doi.org/10.1021/jacs.5c19738",Baosen Zhang,2026-02-09 17:19:41,Distribution Ratio,0.005400000000000018,-,Temperature,22.0,C,60.0 min,,,Comments,file: ./ST28.json; nitrate concentration(M): 0.1; Holdback_Agent_SMILES: nan; Holdback_Agent_Concentration_M: 0;,,,,
14981,"2-bromohexanoic acid, CyMe4-hemi-BTBP","1 M,0.01 M",HNO3,0.1 M,1-octanol,Eu,III , ,,,,,"CCCCCCCCC(Br)C(=O)O, CC1(C)CCC(C)(C)c2nc(-c3cccc(-c4cccc(-c5ccccn5)n4)n3)nnc21","-,-","HNO3,  CyMe4-hemi-BTBP, 2-bromohexanoic acid, Eu, 1-octanol",,1-octanol,,"https://cordis.europa.eu/project/id/211267, https://doi.org/10.1021/jacs.5c19738",Baosen Zhang,2026-02-09 17:19:42,Distribution Ratio,0.0002000000000000041,-,Temperature,22.0,C,60.0 min,,,Comments,file: ./ST28.json; nitrate concentration(M): 0.1; Holdback_Agent_SMILES: nan; Holdback_Agent_Concentration_M: 0;,,,,
14982,"2-bromohexanoic acid, CyMe4-hemi-BTBP","1 M,0.01 M",HNO3,0.2 M,1-octanol,Am,III , ,,,,,"CCCCCCCCC(Br)C(=O)O, CC1(C)CCC(C)(C)c2nc(-c3cccc(-c4cccc(-c5ccccn5)n4)n3)nnc21","-,-","HNO3,  CyMe4-hemi-BTBP, 2-bromohexanoic acid, Am, 1-octanol",,1-octanol,,"https://cordis.europa.eu/project/id/211267, https://doi.org/10.1021/jacs.5c19738",Baosen Zhang,2026-02-09 17:19:42,Distribution Ratio,0.002100000000000003,-,Temperature,22.0,C,60.0 min,,,Comments,file: ./ST28.json; nitrate concentration(M): 0.2; Holdback_Agent_SMILES: nan; Holdback_Agent_Concentration_M: 0;,,,,
14983,"2-bromohexanoic acid, CyMe4-hemi-BTBP","1 M,0.01 M",HNO3,0.2 M,1-octanol,Eu,III , ,,,,,"CCCCCCCCC(Br)C(=O)O, CC1(C)CCC(C)(C)c2nc(-c3cccc(-c4cccc(-c5ccccn5)n4)n3)nnc21","-,-","HNO3,  CyMe4-hemi-BTBP, 2-bromohexanoic acid, Eu, 1-octanol",,1-octanol,,"https://cordis.europa.eu/project/id/211267, https://doi.org/10.1021/jacs.5c19738",Baosen Zhang,2026-02-09 17:19:42,Distribution Ratio,0.001000000000000023,-,Temperature,22.0,C,60.0 min,,,Comments,file: ./ST28.json; nitrate concentration(M): 0.2; Holdback_Agent_SMILES: nan; Holdback_Agent_Concentration_M: 0;,,,,
14984,"2-bromodecanoic acid, N-DPP","0.5 M,0.049 M",HNO3,0.49 M,kerosene,Am,III , ,,,,,"CCCCCCCCC(Br)C(=O)O, c1cc(-n2cccn2)nc(-n2cccn2)c1","-,-","HNO3,  N-DPP, 2-bromodecanoic acid, Am, kerosene",,kerosene,,"https://cordis.europa.eu/project/id/211267, https://doi.org/10.1021/jacs.5c19738",Baosen Zhang,2026-02-09 17:19:42,Distribution Ratio,0.001000000000000023,-,Temperature,21.0,C,45.0 min,,,Comments,file: ./ST2.json; nitrate concentration(M): 0.49; Holdback_Agent_SMILES: nan; Holdback_Agent_Concentration_M: 0;,,,,
14985,"2-bromodecanoic acid, N-DPP","0.5 M,0.049 M",HNO3,0.49 M,kerosene,Eu,III , ,,,,,"CCCCCCCCC(Br)C(=O)O, c1cc(-n2cccn2)nc(-n2cccn2)c1","-,-","HNO3,  N-DPP, 2-bromodecanoic acid, Eu, kerosene",,kerosene,,"https://cordis.europa.eu/project/id/211267, https://doi.org/10.1021/jacs.5c19738",Baosen Zhang,2026-02-09 17:19:42,Distribution Ratio,0.001000000000000023,-,Temperature,21.0,C,45.0 min,,,Comments,file: ./ST2.json; nitrate concentration(M): 0.49; Holdback_Agent_SMILES: nan; Holdback_Agent_Concentration_M: 0;,,,,
14986,"2-bromodecanoic acid, N-DPP","0.049 M,0.0005 M",HNO3,0.2 M,kerosene,Am,III , ,,,,,"c1cc(-n2cccn2)nc(-n2cccn2)c1, CCCCCCCCC(Br)C(=O)O","-,-","HNO3,  N-DPP, 2-bromodecanoic acid, Am, kerosene",,kerosene,,"https://cordis.europa.eu/project/id/211267, https://doi.org/10.1021/jacs.5c19738",Baosen Zhang,2026-02-09 17:19:42,Distribution Ratio,0.001000000000000023,-,Temperature,21.0,C,45.0 min,,,Comments,file: ./ST2.json; nitrate concentration(M): 0.2; Holdback_Agent_SMILES: nan; Holdback_Agent_Concentration_M: 0;,,,,
14987,"2-bromodecanoic acid, N-DPP","0.049 M,0.0005 M",HNO3,0.2 M,kerosene,Eu,III , ,,,,,"c1cc(-n2cccn2)nc(-n2cccn2)c1, CCCCCCCCC(Br)C(=O)O","-,-","HNO3,  N-DPP, 2-bromodecanoic acid, Eu, kerosene",,kerosene,,"https://cordis.europa.eu/project/id/211267, https://doi.org/10.1021/jacs.5c19738",Baosen Zhang,2026-02-09 17:19:42,Distribution Ratio,0.001000000000000023,-,Temperature,21.0,C,45.0 min,,,Comments,file: ./ST2.json; nitrate concentration(M): 0.2; Holdback_Agent_SMILES: nan; Holdback_Agent_Concentration_M: 0;,,,,
14988,"2-bromodecanoic acid, N-DPP","0.049 M,0.0005 M",HNO3,0.1 M,kerosene,Am,III , ,,,,,"c1cc(-n2cccn2)nc(-n2cccn2)c1, CCCCCCCCC(Br)C(=O)O","-,-","HNO3,  N-DPP, 2-bromodecanoic acid, Am, kerosene",,kerosene,,"https://cordis.europa.eu/project/id/211267, https://doi.org/10.1021/jacs.5c19738",Baosen Zhang,2026-02-09 17:19:42,Distribution Ratio,0.001000000000000023,-,Temperature,21.0,C,45.0 min,,,Comments,file: ./ST2.json; nitrate concentration(M): 0.1; Holdback_Agent_SMILES: nan; Holdback_Agent_Concentration_M: 0;,,,,
14989,"2-bromodecanoic acid, N-DPP","0.049 M,0.0005 M",HNO3,0.1 M,kerosene,Eu,III , ,,,,,"c1cc(-n2cccn2)nc(-n2cccn2)c1, CCCCCCCCC(Br)C(=O)O","-,-","HNO3,  N-DPP, 2-bromodecanoic acid, Eu, kerosene",,kerosene,,"https://cordis.europa.eu/project/id/211267, https://doi.org/10.1021/jacs.5c19738",Baosen Zhang,2026-02-09 17:19:42,Distribution Ratio,0.001000000000000023,-,Temperature,21.0,C,45.0 min,,,Comments,file: ./ST2.json; nitrate concentration(M): 0.1; Holdback_Agent_SMILES: nan; Holdback_Agent_Concentration_M: 0;,,,,
15104,"3-Me-N-DPP, 2-bromodecanoic acid","0.15 M,0.0005 M",HNO3,0.1 M,kerosene,Am,III , ,,,,,"Cc1ccn(-c2cccc(-n3ccc(C)n3)n2)n1, CCCCCCCCC(Br)C(=O)O","-,-","HNO3,  2-bromodecanoic acid, 3-Me-N-DPP, Am, kerosene",,kerosene,,"https://cordis.europa.eu/project/id/211267, https://doi.org/10.1021/jacs.5c19738",Baosen Zhang,2026-02-09 17:19:50,Distribution Ratio,0.001000000000000023,-,Temperature,21.0,C,45.0 min,,,Comments,file: ./ST4.json; nitrate concentration(M): 0.1; Holdback_Agent_SMILES: nan; Holdback_Agent_Concentration_M: 0;,,,,
15105,"3-Me-N-DPP, 2-bromodecanoic acid","0.15 M,0.0005 M",HNO3,0.1 M,kerosene,Eu,III , ,,,,,"Cc1ccn(-c2cccc(-n3ccc(C)n3)n2)n1, CCCCCCCCC(Br)C(=O)O","-,-","HNO3,  2-bromodecanoic acid, 3-Me-N-DPP, Eu, kerosene",,kerosene,,"https://cordis.europa.eu/project/id/211267, https://doi.org/10.1021/jacs.5c19738",Baosen Zhang,2026-02-09 17:19:50,Distribution Ratio,0.001000000000000023,-,Temperature,21.0,C,45.0 min,,,Comments,file: ./ST4.json; nitrate concentration(M): 0.1; Holdback_Agent_SMILES: nan; Holdback_Agent_Concentration_M: 0;,,,,
15106,"3-Me-N-DPP, 2-bromodecanoic acid","0.15 M,0.0005 M",HNO3,0.2 M,kerosene,Am,III , ,,,,,"Cc1ccn(-c2cccc(-n3ccc(C)n3)n2)n1, CCCCCCCCC(Br)C(=O)O","-,-","HNO3,  2-bromodecanoic acid, 3-Me-N-DPP, Am, kerosene",,kerosene,,"https://cordis.europa.eu/project/id/211267, https://doi.org/10.1021/jacs.5c19738",Baosen Zhang,2026-02-09 17:19:50,Distribution Ratio,0.001000000000000023,-,Temperature,21.0,C,45.0 min,,,Comments,file: ./ST4.json; nitrate concentration(M): 0.2; Holdback_Agent_SMILES: nan; Holdback_Agent_Concentration_M: 0;,,,,
15107,"3-Me-N-DPP, 2-bromodecanoic acid","0.15 M,0.0005 M",HNO3,0.2 M,kerosene,Eu,III , ,,,,,"Cc1ccn(-c2cccc(-n3ccc(C)n3)n2)n1, CCCCCCCCC(Br)C(=O)O","-,-","HNO3,  2-bromodecanoic acid, 3-Me-N-DPP, Eu, kerosene",,kerosene,,"https://cordis.europa.eu/project/id/211267, https://doi.org/10.1021/jacs.5c19738",Baosen Zhang,2026-02-09 17:19:50,Distribution Ratio,0.001000000000000023,-,Temperature,21.0,C,45.0 min,,,Comments,file: ./ST4.json; nitrate concentration(M): 0.2; Holdback_Agent_SMILES: nan; Holdback_Agent_Concentration_M: 0;,,,,
15108,"3-Me-N-DPP, 2-bromodecanoic acid","0.15 M,0.0005 M",HNO3,0.49 M,kerosene,Am,III , ,,,,,"Cc1ccn(-c2cccc(-n3ccc(C)n3)n2)n1, CCCCCCCCC(Br)C(=O)O","-,-","HNO3,  2-bromodecanoic acid, 3-Me-N-DPP, Am, kerosene",,kerosene,,"https://cordis.europa.eu/project/id/211267, https://doi.org/10.1021/jacs.5c19738",Baosen Zhang,2026-02-09 17:19:50,Distribution Ratio,0.001000000000000023,-,Temperature,21.0,C,45.0 min,,,Comments,file: ./ST4.json; nitrate concentration(M): 0.49; Holdback_Agent_SMILES: nan; Holdback_Agent_Concentration_M: 0;,,,,
15109,"3-Me-N-DPP, 2-bromodecanoic acid","0.15 M,0.0005 M",HNO3,0.49 M,kerosene,Eu,III , ,,,,,"Cc1ccn(-c2cccc(-n3ccc(C)n3)n2)n1, CCCCCCCCC(Br)C(=O)O","-,-","HNO3,  2-bromodecanoic acid, 3-Me-N-DPP, Eu, kerosene",,kerosene,,"https://cordis.europa.eu/project/id/211267, https://doi.org/10.1021/jacs.5c19738",Baosen Zhang,2026-02-09 17:19:50,Distribution Ratio,0.001000000000000023,-,Temperature,21.0,C,45.0 min,,,Comments,file: ./ST4.json; nitrate concentration(M): 0.49; Holdback_Agent_SMILES: nan; Holdback_Agent_Concentration_M: 0;,,,,
15164,"2-bromodecanoic acid, N-DP(DOM)P","0.5 M,0.02 M",HNO3,0.01 M,kerosene,Am,III , ,,,,,"c1cc(-n2cccn2)nc(-n2cccn2)c1, CCCCCCCCCCCCOCc1cc(-n2cccn2)nc(-n2cccn2)c1","-,-","HNO3,  N-DP(DOM)P, 2-bromodecanoic acid, Am, kerosene",,kerosene,,"https://cordis.europa.eu/project/id/211267, https://doi.org/10.1021/jacs.5c19738",Baosen Zhang,2026-02-09 17:19:54,Distribution Ratio,2.669999999999999,-,Temperature,20.0,C,20.0 min,,,Comments,file: ./ST56.json; nitrate concentration(M): 0.01; Holdback_Agent_SMILES: nan; Holdback_Agent_Concentration_M: 0;,,,,
15165,"2-bromodecanoic acid, N-DP(DOM)P","0.5 M,0.02 M",HNO3,0.01 M,kerosene,Eu,III , ,,,,,"c1cc(-n2cccn2)nc(-n2cccn2)c1, CCCCCCCCCCCCOCc1cc(-n2cccn2)nc(-n2cccn2)c1","-,-","HNO3,  N-DP(DOM)P, 2-bromodecanoic acid, Eu, kerosene",,kerosene,,"https://cordis.europa.eu/project/id/211267, https://doi.org/10.1021/jacs.5c19738",Baosen Zhang,2026-02-09 17:19:54,Distribution Ratio,0.2440000000000003,-,Temperature,20.0,C,20.0 min,,,Comments,file: ./ST56.json; nitrate concentration(M): 0.01; Holdback_Agent_SMILES: nan; Holdback_Agent_Concentration_M: 0;,,,,
15166,"2-bromodecanoic acid, N-DP(DOM)P","0.5 M,0.02 M",HNO3,0.03 M,kerosene,Am,III , ,,,,,"c1cc(-n2cccn2)nc(-n2cccn2)c1, CCCCCCCCCCCCOCc1cc(-n2cccn2)nc(-n2cccn2)c1","-,-","HNO3,  N-DP(DOM)P, 2-bromodecanoic acid, Am, kerosene",,kerosene,,"https://cordis.europa.eu/project/id/211267, https://doi.org/10.1021/jacs.5c19738",Baosen Zhang,2026-02-09 17:19:54,Distribution Ratio,0.1060000000000002,-,Temperature,20.0,C,20.0 min,,,Comments,file: ./ST56.json; nitrate concentration(M): 0.03; Holdback_Agent_SMILES: nan; Holdback_Agent_Concentration_M: 0;,,,,
15167,"2-bromodecanoic acid, N-DP(DOM)P","0.5 M,0.02 M",HNO3,0.03 M,kerosene,Eu,III , ,,,,,"c1cc(-n2cccn2)nc(-n2cccn2)c1, CCCCCCCCCCCCOCc1cc(-n2cccn2)nc(-n2cccn2)c1","-,-","HNO3,  N-DP(DOM)P, 2-bromodecanoic acid, Eu, kerosene",,kerosene,,"https://cordis.europa.eu/project/id/211267, https://doi.org/10.1021/jacs.5c19738",Baosen Zhang,2026-02-09 17:19:54,Distribution Ratio,0.01000000000000023,-,Temperature,20.0,C,20.0 min,,,Comments,file: ./ST56.json; nitrate concentration(M): 0.03; Holdback_Agent_SMILES: nan; Holdback_Agent_Concentration_M: 0;,,,,
15168,"2-bromodecanoic acid, N-DP(DOM)P","0.5 M,0.02 M",HNO3,0.1 M,kerosene,Am,III , ,,,,,"c1cc(-n2cccn2)nc(-n2cccn2)c1, CCCCCCCCCCCCOCc1cc(-n2cccn2)nc(-n2cccn2)c1","-,-","HNO3,  N-DP(DOM)P, 2-bromodecanoic acid, Am, kerosene",,kerosene,,"https://cordis.europa.eu/project/id/211267, https://doi.org/10.1021/jacs.5c19738",Baosen Zhang,2026-02-09 17:19:54,Distribution Ratio,0.002000000000000041,-,Temperature,20.0,C,20.0 min,,,Comments,file: ./ST56.json; nitrate concentration(M): 0.1; Holdback_Agent_SMILES: nan; Holdback_Agent_Concentration_M: 0;,,,,
15169,"2-bromodecanoic acid, N-DP(DOM)P","0.5 M,0.02 M",HNO3,0.1 M,kerosene,Eu,III , ,,,,,"c1cc(-n2cccn2)nc(-n2cccn2)c1, CCCCCCCCCCCCOCc1cc(-n2cccn2)nc(-n2cccn2)c1","-,-","HNO3,  N-DP(DOM)P, 2-bromodecanoic acid, Eu, kerosene",,kerosene,,"https://cordis.europa.eu/project/id/211267, https://doi.org/10.1021/jacs.5c19738",Baosen Zhang,2026-02-09 17:19:54,Distribution Ratio,0.0007000000000000052,-,Temperature,20.0,C,20.0 min,,,Comments,file: ./ST56.json; nitrate concentration(M): 0.1; Holdback_Agent_SMILES: nan; Holdback_Agent_Concentration_M: 0;,,,,
15170,"2-bromodecanoic acid, N-DP(DOM)P","0.5 M,0.02 M",HNO3,0.3 M,kerosene,Am,III , ,,,,,"c1cc(-n2cccn2)nc(-n2cccn2)c1, CCCCCCCCCCCCOCc1cc(-n2cccn2)nc(-n2cccn2)c1","-,-","HNO3,  N-DP(DOM)P, 2-bromodecanoic acid, Am, kerosene",,kerosene,,"https://cordis.europa.eu/project/id/211267, https://doi.org/10.1021/jacs.5c19738",Baosen Zhang,2026-02-09 17:19:54,Distribution Ratio,0.0001000000000000023,-,Temperature,20.0,C,20.0 min,,,Comments,file: ./ST56.json; nitrate concentration(M): 0.3; Holdback_Agent_SMILES: nan; Holdback_Agent_Concentration_M: 0;,,,,
15171,"2-bromodecanoic acid, N-DP(DOM)P","0.5 M,0.02 M",HNO3,0.3 M,kerosene,Eu,III , ,,,,,"c1cc(-n2cccn2)nc(-n2cccn2)c1, CCCCCCCCCCCCOCc1cc(-n2cccn2)nc(-n2cccn2)c1","-,-","HNO3,  N-DP(DOM)P, 2-bromodecanoic acid, Eu, kerosene",,kerosene,,"https://cordis.europa.eu/project/id/211267, https://doi.org/10.1021/jacs.5c19738",Baosen Zhang,2026-02-09 17:19:54,Distribution Ratio,0.0001000000000000023,-,Temperature,20.0,C,20.0 min,,,Comments,file: ./ST56.json; nitrate concentration(M): 0.3; Holdback_Agent_SMILES: nan; Holdback_Agent_Concentration_M: 0;,,,,
15172,"2-bromodecanoic acid, N-DP(DOM)P","0.5 M,0.2 M",HNO3,0.01 M,kerosene,Am,III , ,,,,,"c1cc(-n2cccn2)nc(-n2cccn2)c1, CCCCCCCCCCCCOCc1cc(-n2cccn2)nc(-n2cccn2)c1","-,-","HNO3,  N-DP(DOM)P, 2-bromodecanoic acid, Am, kerosene",,kerosene,,"https://cordis.europa.eu/project/id/211267, https://doi.org/10.1021/jacs.5c19738",Baosen Zhang,2026-02-09 17:19:55,Distribution Ratio,10.49999999999981,-,Temperature,20.0,C,20.0 min,,,Comments,file: ./ST56.json; nitrate concentration(M): 0.01; Holdback_Agent_SMILES: nan; Holdback_Agent_Concentration_M: 0;,,,,
15173,"2-bromodecanoic acid, N-DP(DOM)P","0.5 M,0.2 M",HNO3,0.01 M,kerosene,Eu,III , ,,,,,"c1cc(-n2cccn2)nc(-n2cccn2)c1, CCCCCCCCCCCCOCc1cc(-n2cccn2)nc(-n2cccn2)c1","-,-","HNO3,  N-DP(DOM)P, 2-bromodecanoic acid, Eu, kerosene",,kerosene,,"https://cordis.europa.eu/project/id/211267, https://doi.org/10.1021/jacs.5c19738",Baosen Zhang,2026-02-09 17:19:55,Distribution Ratio,0.82,-,Temperature,20.0,C,20.0 min,,,Comments,file: ./ST56.json; nitrate concentration(M): 0.01; Holdback_Agent_SMILES: nan; Holdback_Agent_Concentration_M: 0;,,,,
15174,"2-bromodecanoic acid, N-DP(DOM)P","0.5 M,0.2 M",HNO3,0.03 M,kerosene,Am,III , ,,,,,"c1cc(-n2cccn2)nc(-n2cccn2)c1, CCCCCCCCCCCCOCc1cc(-n2cccn2)nc(-n2cccn2)c1","-,-","HNO3,  N-DP(DOM)P, 2-bromodecanoic acid, Am, kerosene",,kerosene,,"https://cordis.europa.eu/project/id/211267, https://doi.org/10.1021/jacs.5c19738",Baosen Zhang,2026-02-09 17:19:55,Distribution Ratio,0.580000000000001,-,Temperature,20.0,C,20.0 min,,,Comments,file: ./ST56.json; nitrate concentration(M): 0.03; Holdback_Agent_SMILES: nan; Holdback_Agent_Concentration_M: 0;,,,,
15175,"2-bromodecanoic acid, N-DP(DOM)P","0.5 M,0.2 M",HNO3,0.03 M,kerosene,Eu,III , ,,,,,"c1cc(-n2cccn2)nc(-n2cccn2)c1, CCCCCCCCCCCCOCc1cc(-n2cccn2)nc(-n2cccn2)c1","-,-","HNO3,  N-DP(DOM)P, 2-bromodecanoic acid, Eu, kerosene",,kerosene,,"https://cordis.europa.eu/project/id/211267, https://doi.org/10.1021/jacs.5c19738",Baosen Zhang,2026-02-09 17:19:55,Distribution Ratio,0.04200000000000093,-,Temperature,20.0,C,20.0 min,,,Comments,file: ./ST56.json; nitrate concentration(M): 0.03; Holdback_Agent_SMILES: nan; Holdback_Agent_Concentration_M: 0;,,,,
15180,"2-bromodecanoic acid, 3-Me-N-DP(DOM)P","0.5 M,0.02 M",HNO3,0.01 M,kerosene,Am,III , ,,,,,"c1cc(-n2cccn2)nc(-n2cccn2)c1, CCCCCCCCCCCCOCc1cc(-n2ccc(C)n2)nc(-n2ccc(C)n2)c1","-,-","HNO3,  3-Me-N-DP(DOM)P, 2-bromodecanoic acid, Am, kerosene",,kerosene,,"https://cordis.europa.eu/project/id/211267, https://doi.org/10.1021/jacs.5c19738",Baosen Zhang,2026-02-09 17:19:55,Distribution Ratio,0.05300000000000012,-,Temperature,20.0,C,20.0 min,,,Comments,file: ./ST57.json; nitrate concentration(M): 0.01; Holdback_Agent_SMILES: nan; Holdback_Agent_Concentration_M: 0;,,,,
15181,"2-bromodecanoic acid, 3-Me-N-DP(DOM)P","0.5 M,0.02 M",HNO3,0.01 M,kerosene,Eu,III , ,,,,,"c1cc(-n2cccn2)nc(-n2cccn2)c1, CCCCCCCCCCCCOCc1cc(-n2ccc(C)n2)nc(-n2ccc(C)n2)c1","-,-","HNO3,  3-Me-N-DP(DOM)P, 2-bromodecanoic acid, Eu, kerosene",,kerosene,,"https://cordis.europa.eu/project/id/211267, https://doi.org/10.1021/jacs.5c19738",Baosen Zhang,2026-02-09 17:19:55,Distribution Ratio,0.0130000000000001,-,Temperature,20.0,C,20.0 min,,,Comments,file: ./ST57.json; nitrate concentration(M): 0.01; Holdback_Agent_SMILES: nan; Holdback_Agent_Concentration_M: 0;,,,,
15182,"2-bromodecanoic acid, 3-Me-N-DP(DOM)P","0.5 M,0.02 M",HNO3,0.03 M,kerosene,Am,III , ,,,,,"c1cc(-n2cccn2)nc(-n2cccn2)c1, CCCCCCCCCCCCOCc1cc(-n2ccc(C)n2)nc(-n2ccc(C)n2)c1","-,-","HNO3,  3-Me-N-DP(DOM)P, 2-bromodecanoic acid, Am, kerosene",,kerosene,,"https://cordis.europa.eu/project/id/211267, https://doi.org/10.1021/jacs.5c19738",Baosen Zhang,2026-02-09 17:19:55,Distribution Ratio,0.002000000000000041,-,Temperature,20.0,C,20.0 min,,,Comments,file: ./ST57.json; nitrate concentration(M): 0.03; Holdback_Agent_SMILES: nan; Holdback_Agent_Concentration_M: 0;,,,,
15183,"2-bromodecanoic acid, 3-Me-N-DP(DOM)P","0.5 M,0.02 M",HNO3,0.03 M,kerosene,Eu,III , ,,,,,"c1cc(-n2cccn2)nc(-n2cccn2)c1, CCCCCCCCCCCCOCc1cc(-n2ccc(C)n2)nc(-n2ccc(C)n2)c1","-,-","HNO3,  3-Me-N-DP(DOM)P, 2-bromodecanoic acid, Eu, kerosene",,kerosene,,"https://cordis.europa.eu/project/id/211267, https://doi.org/10.1021/jacs.5c19738",Baosen Zhang,2026-02-09 17:19:55,Distribution Ratio,0.01000000000000023,-,Temperature,20.0,C,20.0 min,,,Comments,file: ./ST57.json; nitrate concentration(M): 0.03; Holdback_Agent_SMILES: nan; Holdback_Agent_Concentration_M: 0;,,,,
15184,"2-bromodecanoic acid, 3-Me-N-DP(DOM)P","0.5 M,0.02 M",HNO3,0.1 M,kerosene,Am,III , ,,,,,"c1cc(-n2cccn2)nc(-n2cccn2)c1, CCCCCCCCCCCCOCc1cc(-n2ccc(C)n2)nc(-n2ccc(C)n2)c1","-,-","HNO3,  3-Me-N-DP(DOM)P, 2-bromodecanoic acid, Am, kerosene",,kerosene,,"https://cordis.europa.eu/project/id/211267, https://doi.org/10.1021/jacs.5c19738",Baosen Zhang,2026-02-09 17:19:55,Distribution Ratio,0.001000000000000023,-,Temperature,20.0,C,20.0 min,,,Comments,file: ./ST57.json; nitrate concentration(M): 0.1; Holdback_Agent_SMILES: nan; Holdback_Agent_Concentration_M: 0;,,,,
15185,"2-bromodecanoic acid, 3-Me-N-DP(DOM)P","0.5 M,0.02 M",HNO3,0.1 M,kerosene,Eu,III , ,,,,,"c1cc(-n2cccn2)nc(-n2cccn2)c1, CCCCCCCCCCCCOCc1cc(-n2ccc(C)n2)nc(-n2ccc(C)n2)c1","-,-","HNO3,  3-Me-N-DP(DOM)P, 2-bromodecanoic acid, Eu, kerosene",,kerosene,,"https://cordis.europa.eu/project/id/211267, https://doi.org/10.1021/jacs.5c19738",Baosen Zhang,2026-02-09 17:19:55,Distribution Ratio,0.001000000000000023,-,Temperature,20.0,C,20.0 min,,,Comments,file: ./ST57.json; nitrate concentration(M): 0.1; Holdback_Agent_SMILES: nan; Holdback_Agent_Concentration_M: 0;,,,,
15186,"2-bromodecanoic acid, 3-Me-N-DP(DOM)P","0.5 M,0.02 M",HNO3,0.3 M,kerosene,Am,III , ,,,,,"c1cc(-n2cccn2)nc(-n2cccn2)c1, CCCCCCCCCCCCOCc1cc(-n2ccc(C)n2)nc(-n2ccc(C)n2)c1","-,-","HNO3,  3-Me-N-DP(DOM)P, 2-bromodecanoic acid, Am, kerosene",,kerosene,,"https://cordis.europa.eu/project/id/211267, https://doi.org/10.1021/jacs.5c19738",Baosen Zhang,2026-02-09 17:19:55,Distribution Ratio,0.0001000000000000023,-,Temperature,20.0,C,20.0 min,,,Comments,file: ./ST57.json; nitrate concentration(M): 0.3; Holdback_Agent_SMILES: nan; Holdback_Agent_Concentration_M: 0;,,,,
15187,"2-bromodecanoic acid, 3-Me-N-DP(DOM)P","0.5 M,0.02 M",HNO3,0.3 M,kerosene,Eu,III , ,,,,,"c1cc(-n2cccn2)nc(-n2cccn2)c1, CCCCCCCCCCCCOCc1cc(-n2ccc(C)n2)nc(-n2ccc(C)n2)c1","-,-","HNO3,  3-Me-N-DP(DOM)P, 2-bromodecanoic acid, Eu, kerosene",,kerosene,,"https://cordis.europa.eu/project/id/211267, https://doi.org/10.1021/jacs.5c19738",Baosen Zhang,2026-02-09 17:19:56,Distribution Ratio,0.0001000000000000023,-,Temperature,20.0,C,20.0 min,,,Comments,file: ./ST57.json; nitrate concentration(M): 0.3; Holdback_Agent_SMILES: nan; Holdback_Agent_Concentration_M: 0;,,,,
15634,"3-5-diMe-N-DPPz, 2-bromodecanoic acid ","0.011 M,0.0005 M",HNO3,0.1 M,kerosene,Am,III , ,,,,,"Cc1cc(C)n(-c2cncc(-n3nc(C)cc3C)n2)n1, CCCCCCCCC(Br)C(=O)O","-,-","HNO3,  2-bromodecanoic acid , 3-5-diMe-N-DPPz, Am, kerosene",,kerosene,,"https://cordis.europa.eu/project/id/211267, https://doi.org/10.1021/jacs.5c19738",Baosen Zhang,2026-02-09 17:20:26,Distribution Ratio,0.001000000000000023,-,Temperature,21.0,C,45.0 min,,,Comments,file: ./ST8.json; nitrate concentration(M): 0.1; Holdback_Agent_SMILES: nan; Holdback_Agent_Concentration_M: 0;,,,,
15635,"3-5-diMe-N-DPPz, 2-bromodecanoic acid ","0.011 M,0.0005 M",HNO3,0.1 M,kerosene,Eu,III , ,,,,,"Cc1cc(C)n(-c2cncc(-n3nc(C)cc3C)n2)n1, CCCCCCCCC(Br)C(=O)O","-,-","HNO3,  2-bromodecanoic acid , 3-5-diMe-N-DPPz, Eu, kerosene",,kerosene,,"https://cordis.europa.eu/project/id/211267, https://doi.org/10.1021/jacs.5c19738",Baosen Zhang,2026-02-09 17:20:26,Distribution Ratio,0.001000000000000023,-,Temperature,21.0,C,45.0 min,,,Comments,file: ./ST8.json; nitrate concentration(M): 0.1; Holdback_Agent_SMILES: nan; Holdback_Agent_Concentration_M: 0;,,,,
15636,"3-5-diMe-N-DPPz, 2-bromodecanoic acid ","0.011 M,0.0005 M",HNO3,0.2 M,kerosene,Am,III , ,,,,,"Cc1cc(C)n(-c2cncc(-n3nc(C)cc3C)n2)n1, CCCCCCCCC(Br)C(=O)O","-,-","HNO3,  2-bromodecanoic acid , 3-5-diMe-N-DPPz, Am, kerosene",,kerosene,,"https://cordis.europa.eu/project/id/211267, https://doi.org/10.1021/jacs.5c19738",Baosen Zhang,2026-02-09 17:20:26,Distribution Ratio,0.001000000000000023,-,Temperature,21.0,C,45.0 min,,,Comments,file: ./ST8.json; nitrate concentration(M): 0.2; Holdback_Agent_SMILES: nan; Holdback_Agent_Concentration_M: 0;,,,,
15637,"3-5-diMe-N-DPPz, 2-bromodecanoic acid ","0.011 M,0.0005 M",HNO3,0.2 M,kerosene,Eu,III , ,,,,,"Cc1cc(C)n(-c2cncc(-n3nc(C)cc3C)n2)n1, CCCCCCCCC(Br)C(=O)O","-,-","HNO3,  2-bromodecanoic acid , 3-5-diMe-N-DPPz, Eu, kerosene",,kerosene,,"https://cordis.europa.eu/project/id/211267, https://doi.org/10.1021/jacs.5c19738",Baosen Zhang,2026-02-09 17:20:26,Distribution Ratio,0.001000000000000023,-,Temperature,21.0,C,45.0 min,,,Comments,file: ./ST8.json; nitrate concentration(M): 0.2; Holdback_Agent_SMILES: nan; Holdback_Agent_Concentration_M: 0;,,,,
15638,"3-5-diMe-N-DPPz, 2-bromodecanoic acid ","0.011 M,0.0005 M",HNO3,0.49 M,kerosene,Am,III , ,,,,,"Cc1cc(C)n(-c2cncc(-n3nc(C)cc3C)n2)n1, CCCCCCCCC(Br)C(=O)O","-,-","HNO3,  2-bromodecanoic acid , 3-5-diMe-N-DPPz, Am, kerosene",,kerosene,,"https://cordis.europa.eu/project/id/211267, https://doi.org/10.1021/jacs.5c19738",Baosen Zhang,2026-02-09 17:20:26,Distribution Ratio,0.001000000000000023,-,Temperature,21.0,C,45.0 min,,,Comments,file: ./ST8.json; nitrate concentration(M): 0.49; Holdback_Agent_SMILES: nan; Holdback_Agent_Concentration_M: 0;,,,,
15639,"3-5-diMe-N-DPPz, 2-bromodecanoic acid ","0.011 M,0.0005 M",HNO3,0.49 M,kerosene,Eu,III , ,,,,,"Cc1cc(C)n(-c2cncc(-n3nc(C)cc3C)n2)n1, CCCCCCCCC(Br)C(=O)O","-,-","HNO3,  2-bromodecanoic acid , 3-5-diMe-N-DPPz, Eu, kerosene",,kerosene,,"https://cordis.europa.eu/project/id/211267, https://doi.org/10.1021/jacs.5c19738",Baosen Zhang,2026-02-09 17:20:26,Distribution Ratio,0.001000000000000023,-,Temperature,21.0,C,45.0 min,,,Comments,file: ./ST8.json; nitrate concentration(M): 0.49; Holdback_Agent_SMILES: nan; Holdback_Agent_Concentration_M: 0;,,,,
16285,N-ethyl-6-[6-[ethyl(phenyl)carbamoyl]-2-pyridinyl]-N-phenylpyridine-2-carboxamide,0.05 M,HNO3,3 M,nitrobenzene,Pr,III ,0.1 mM,,,,,CCN(C(=O)c1cccc(-c2cccc(C(=O)N(CC)c3ccccc3)n2)n1)c1ccccc1,-,"HNO3, N-ethyl-6-[6-[ethyl(phenyl)carbamoyl]-2-pyridinyl]-N-phenylpyridine-2-carboxamide, Pr, nitrobenzene",,nitrobenzene,,"https://doi.org/10.1039/C8DT03734E, https://doi.org/10.1021/jacs.5c19738",Baosen Zhang,2026-02-10 13:32:50,Distribution Ratio,0.7299999997975273,-,Temperature,25.0,C,- -,,,Comments,updated ORNL,,,,
16286,N-(2-5-dimethylphenyl)-6-[6-[(2-5-dimethylphenyl)-ethylcarbamoyl]-2-pyridinyl]-N-ethylpyridine-2-carboxamide,0.05 M,HNO3,3 M,nitrobenzene,Pr,III ,0.1 mM,,,,,CCN(C(=O)c1cccc(-c2cccc(C(=O)N(CC)c3cc(C)ccc3C)n2)n1)c1cc(C)ccc1C,-,"HNO3, N-(2-5-dimethylphenyl)-6-[6-[(2-5-dimethylphenyl)-ethylcarbamoyl]-2-pyridinyl]-N-ethylpyridine-2-carboxamide, Pr, nitrobenzene",,nitrobenzene,,"https://doi.org/10.1039/C8DT03734E, https://doi.org/10.1021/jacs.5c19738",Baosen Zhang,2026-02-10 13:32:50,Distribution Ratio,1.199999999868408,-,Temperature,25.0,C,- -,,,Comments,updated ORNL,,,,
16287,N-(2-4-dimethylphenyl)-6-[6-[(2-4-dimethylphenyl)-ethylcarbamoyl]-2-pyridinyl]-N-ethylpyridine-2-carboxamide,0.05 M,HNO3,3 M,nitrobenzene,Sm,III ,0.1 mM,,,,,CCN(C(=O)c1cccc(-c2cccc(C(=O)N(CC)c3ccc(C)cc3C)n2)n1)c1ccc(C)cc1C,-,"HNO3, N-(2-4-dimethylphenyl)-6-[6-[(2-4-dimethylphenyl)-ethylcarbamoyl]-2-pyridinyl]-N-ethylpyridine-2-carboxamide, Sm, nitrobenzene",,nitrobenzene,,"https://doi.org/10.1039/C8DT03734E, https://doi.org/10.1021/jacs.5c19738",Baosen Zhang,2026-02-10 13:32:50,Distribution Ratio,1.799999999571832,-,Temperature,25.0,C,- -,,,Comments,updated ORNL,,,,
16288,N-(2-4-dimethylphenyl)-6-[6-[(2-4-dimethylphenyl)-ethylcarbamoyl]-2-pyridinyl]-N-ethylpyridine-2-carboxamide,0.05 M,HNO3,3 M,nitrobenzene,Er,III ,0.1 mM,,,,,CCN(C(=O)c1cccc(-c2cccc(C(=O)N(CC)c3ccc(C)cc3C)n2)n1)c1ccc(C)cc1C,-,"HNO3, N-(2-4-dimethylphenyl)-6-[6-[(2-4-dimethylphenyl)-ethylcarbamoyl]-2-pyridinyl]-N-ethylpyridine-2-carboxamide, Er, nitrobenzene",,nitrobenzene,,"https://doi.org/10.1039/C8DT03734E, https://doi.org/10.1021/jacs.5c19738",Baosen Zhang,2026-02-10 13:32:50,Distribution Ratio,1.199999999868408,-,Temperature,25.0,C,- -,,,Comments,updated ORNL,,,,
16289,N-(2-4-dimethylphenyl)-6-[6-[(2-4-dimethylphenyl)-ethylcarbamoyl]-2-pyridinyl]-N-ethylpyridine-2-carboxamide,0.05 M,HNO3,3 M,nitrobenzene,Yb,III ,0.1 mM,,,,,CCN(C(=O)c1cccc(-c2cccc(C(=O)N(CC)c3ccc(C)cc3C)n2)n1)c1ccc(C)cc1C,-,"HNO3, N-(2-4-dimethylphenyl)-6-[6-[(2-4-dimethylphenyl)-ethylcarbamoyl]-2-pyridinyl]-N-ethylpyridine-2-carboxamide, Yb, nitrobenzene",,nitrobenzene,,"https://doi.org/10.1039/C8DT03734E, https://doi.org/10.1021/jacs.5c19738",Baosen Zhang,2026-02-10 13:32:50,Distribution Ratio,1.699999998519287,-,Temperature,25.0,C,- -,,,Comments,updated ORNL,,,,
16290,N-(3-5-dimethylphenyl)-6-[6-[(3-5-dimethylphenyl)-ethylcarbamoyl]-2-pyridinyl]-N-ethylpyridine-2-carboxamide,0.05 M,HNO3,3 M,nitrobenzene,Nd,III ,0.1 mM,,,,,CCN(C(=O)c1cccc(-c2cccc(C(=O)N(CC)c3cc(C)cc(C)c3)n2)n1)c1cc(C)cc(C)c1,-,"HNO3, N-(3-5-dimethylphenyl)-6-[6-[(3-5-dimethylphenyl)-ethylcarbamoyl]-2-pyridinyl]-N-ethylpyridine-2-carboxamide, Nd, nitrobenzene",,nitrobenzene,,"https://doi.org/10.1039/C8DT03734E, https://doi.org/10.1021/jacs.5c19738",Baosen Zhang,2026-02-10 13:32:50,Distribution Ratio,2.90000000067472,-,Temperature,25.0,C,- -,,,Comments,updated ORNL,,,,
16291,N-(3-5-dimethylphenyl)-6-[6-[(3-5-dimethylphenyl)-ethylcarbamoyl]-2-pyridinyl]-N-ethylpyridine-2-carboxamide,0.05 M,HNO3,3 M,nitrobenzene,Lu,III ,0.1 mM,,,,,CCN(C(=O)c1cccc(-c2cccc(C(=O)N(CC)c3cc(C)cc(C)c3)n2)n1)c1cc(C)cc(C)c1,-,"HNO3, N-(3-5-dimethylphenyl)-6-[6-[(3-5-dimethylphenyl)-ethylcarbamoyl]-2-pyridinyl]-N-ethylpyridine-2-carboxamide, Lu, nitrobenzene",,nitrobenzene,,"https://doi.org/10.1039/C8DT03734E, https://doi.org/10.1021/jacs.5c19738",Baosen Zhang,2026-02-10 13:32:50,Distribution Ratio,1.499999999807684,-,Temperature,25.0,C,- -,,,Comments,updated ORNL,,,,
16292,N-(2-5-dimethylphenyl)-6-[6-[(2-5-dimethylphenyl)-ethylcarbamoyl]-2-pyridinyl]-N-ethylpyridine-2-carboxamide,0.05 M,HNO3,3 M,nitrobenzene,Eu,III ,0.1 mM,,,,,CCN(C(=O)c1cccc(-c2cccc(C(=O)N(CC)c3cc(C)ccc3C)n2)n1)c1cc(C)ccc1C,-,"HNO3, N-(2-5-dimethylphenyl)-6-[6-[(2-5-dimethylphenyl)-ethylcarbamoyl]-2-pyridinyl]-N-ethylpyridine-2-carboxamide, Eu, nitrobenzene",,nitrobenzene,,"https://doi.org/10.1039/C8DT03734E, https://doi.org/10.1021/jacs.5c19738",Baosen Zhang,2026-02-10 13:32:50,Distribution Ratio,1.0,-,Temperature,25.0,C,- -,,,Comments,updated ORNL,,,,
16293,N-(3-5-dimethylphenyl)-6-[6-[(3-5-dimethylphenyl)-ethylcarbamoyl]-2-pyridinyl]-N-ethylpyridine-2-carboxamide,0.05 M,HNO3,3 M,nitrobenzene,Tm,III ,0.1 mM,,,,,CCN(C(=O)c1cccc(-c2cccc(C(=O)N(CC)c3cc(C)cc(C)c3)n2)n1)c1cc(C)cc(C)c1,-,"HNO3, N-(3-5-dimethylphenyl)-6-[6-[(3-5-dimethylphenyl)-ethylcarbamoyl]-2-pyridinyl]-N-ethylpyridine-2-carboxamide, Tm, nitrobenzene",,nitrobenzene,,"https://doi.org/10.1039/C8DT03734E, https://doi.org/10.1021/jacs.5c19738",Baosen Zhang,2026-02-10 13:32:51,Distribution Ratio,1.400000001037238,-,Temperature,25.0,C,- -,,,Comments,updated ORNL,,,,
16294,N-(2-4-dimethylphenyl)-6-[6-[(2-4-dimethylphenyl)-ethylcarbamoyl]-2-pyridinyl]-N-ethylpyridine-2-carboxamide,0.05 M,HNO3,3 M,nitrobenzene,La,III ,0.1 mM,,,,,CCN(C(=O)c1cccc(-c2cccc(C(=O)N(CC)c3ccc(C)cc3C)n2)n1)c1ccc(C)cc1C,-,"HNO3, N-(2-4-dimethylphenyl)-6-[6-[(2-4-dimethylphenyl)-ethylcarbamoyl]-2-pyridinyl]-N-ethylpyridine-2-carboxamide, La, nitrobenzene",,nitrobenzene,,"https://doi.org/10.1039/C8DT03734E, https://doi.org/10.1021/jacs.5c19738",Baosen Zhang,2026-02-10 13:32:51,Distribution Ratio,0.5999999994699767,-,Temperature,25.0,C,- -,,,Comments,updated ORNL,,,,
16295,N-(2-4-dimethylphenyl)-6-[6-[(2-4-dimethylphenyl)-ethylcarbamoyl]-2-pyridinyl]-N-ethylpyridine-2-carboxamide,0.05 M,HNO3,3 M,nitrobenzene,Ce,III ,0.1 mM,,,,,CCN(C(=O)c1cccc(-c2cccc(C(=O)N(CC)c3ccc(C)cc3C)n2)n1)c1ccc(C)cc1C,-,"HNO3, N-(2-4-dimethylphenyl)-6-[6-[(2-4-dimethylphenyl)-ethylcarbamoyl]-2-pyridinyl]-N-ethylpyridine-2-carboxamide, Ce, nitrobenzene",,nitrobenzene,,"https://doi.org/10.1039/C8DT03734E, https://doi.org/10.1021/jacs.5c19738",Baosen Zhang,2026-02-10 13:32:51,Distribution Ratio,0.8000000000148405,-,Temperature,25.0,C,- -,,,Comments,updated ORNL,,,,
16296,N-(2-4-dimethylphenyl)-6-[6-[(2-4-dimethylphenyl)-ethylcarbamoyl]-2-pyridinyl]-N-ethylpyridine-2-carboxamide,0.05 M,HNO3,3 M,nitrobenzene,Pr,III ,0.1 mM,,,,,CCN(C(=O)c1cccc(-c2cccc(C(=O)N(CC)c3ccc(C)cc3C)n2)n1)c1ccc(C)cc1C,-,"HNO3, N-(2-4-dimethylphenyl)-6-[6-[(2-4-dimethylphenyl)-ethylcarbamoyl]-2-pyridinyl]-N-ethylpyridine-2-carboxamide, Pr, nitrobenzene",,nitrobenzene,,"https://doi.org/10.1039/C8DT03734E, https://doi.org/10.1021/jacs.5c19738",Baosen Zhang,2026-02-10 13:32:51,Distribution Ratio,1.199999999868408,-,Temperature,25.0,C,- -,,,Comments,updated ORNL,,,,
16297,N-(2-4-dimethylphenyl)-6-[6-[(2-4-dimethylphenyl)-ethylcarbamoyl]-2-pyridinyl]-N-ethylpyridine-2-carboxamide,0.05 M,HNO3,3 M,nitrobenzene,Eu,III ,0.1 mM,,,,,CCN(C(=O)c1cccc(-c2cccc(C(=O)N(CC)c3ccc(C)cc3C)n2)n1)c1ccc(C)cc1C,-,"HNO3, N-(2-4-dimethylphenyl)-6-[6-[(2-4-dimethylphenyl)-ethylcarbamoyl]-2-pyridinyl]-N-ethylpyridine-2-carboxamide, Eu, nitrobenzene",,nitrobenzene,,"https://doi.org/10.1039/C8DT03734E, https://doi.org/10.1021/jacs.5c19738",Baosen Zhang,2026-02-10 13:32:51,Distribution Ratio,1.400000001037238,-,Temperature,25.0,C,- -,,,Comments,updated ORNL,,,,
16298,N-(2-4-dimethylphenyl)-6-[6-[(2-4-dimethylphenyl)-ethylcarbamoyl]-2-pyridinyl]-N-ethylpyridine-2-carboxamide,0.05 M,HNO3,3 M,nitrobenzene,Gd,III ,0.1 mM,,,,,CCN(C(=O)c1cccc(-c2cccc(C(=O)N(CC)c3ccc(C)cc3C)n2)n1)c1ccc(C)cc1C,-,"HNO3, N-(2-4-dimethylphenyl)-6-[6-[(2-4-dimethylphenyl)-ethylcarbamoyl]-2-pyridinyl]-N-ethylpyridine-2-carboxamide, Gd, nitrobenzene",,nitrobenzene,,"https://doi.org/10.1039/C8DT03734E, https://doi.org/10.1021/jacs.5c19738",Baosen Zhang,2026-02-10 13:32:51,Distribution Ratio,1.0,-,Temperature,25.0,C,- -,,,Comments,updated ORNL,,,,
16299,N-(2-4-dimethylphenyl)-6-[6-[(2-4-dimethylphenyl)-ethylcarbamoyl]-2-pyridinyl]-N-ethylpyridine-2-carboxamide,0.05 M,HNO3,3 M,nitrobenzene,Tb,III ,0.1 mM,,,,,CCN(C(=O)c1cccc(-c2cccc(C(=O)N(CC)c3ccc(C)cc3C)n2)n1)c1ccc(C)cc1C,-,"HNO3, N-(2-4-dimethylphenyl)-6-[6-[(2-4-dimethylphenyl)-ethylcarbamoyl]-2-pyridinyl]-N-ethylpyridine-2-carboxamide, Tb, nitrobenzene",,nitrobenzene,,"https://doi.org/10.1039/C8DT03734E, https://doi.org/10.1021/jacs.5c19738",Baosen Zhang,2026-02-10 13:32:51,Distribution Ratio,1.199999999868408,-,Temperature,25.0,C,- -,,,Comments,updated ORNL,,,,
16300,N-(2-4-dimethylphenyl)-6-[6-[(2-4-dimethylphenyl)-ethylcarbamoyl]-2-pyridinyl]-N-ethylpyridine-2-carboxamide,0.05 M,HNO3,3 M,nitrobenzene,Dy,III ,0.1 mM,,,,,CCN(C(=O)c1cccc(-c2cccc(C(=O)N(CC)c3ccc(C)cc3C)n2)n1)c1ccc(C)cc1C,-,"HNO3, N-(2-4-dimethylphenyl)-6-[6-[(2-4-dimethylphenyl)-ethylcarbamoyl]-2-pyridinyl]-N-ethylpyridine-2-carboxamide, Dy, nitrobenzene",,nitrobenzene,,"https://doi.org/10.1039/C8DT03734E, https://doi.org/10.1021/jacs.5c19738",Baosen Zhang,2026-02-10 13:32:51,Distribution Ratio,1.0,-,Temperature,25.0,C,- -,,,Comments,updated ORNL,,,,
16301,N-(2-4-dimethylphenyl)-6-[6-[(2-4-dimethylphenyl)-ethylcarbamoyl]-2-pyridinyl]-N-ethylpyridine-2-carboxamide,0.05 M,HNO3,3 M,nitrobenzene,Ho,III ,0.1 mM,,,,,CCN(C(=O)c1cccc(-c2cccc(C(=O)N(CC)c3ccc(C)cc3C)n2)n1)c1ccc(C)cc1C,-,"HNO3, N-(2-4-dimethylphenyl)-6-[6-[(2-4-dimethylphenyl)-ethylcarbamoyl]-2-pyridinyl]-N-ethylpyridine-2-carboxamide, Ho, nitrobenzene",,nitrobenzene,,"https://doi.org/10.1039/C8DT03734E, https://doi.org/10.1021/jacs.5c19738",Baosen Zhang,2026-02-10 13:32:51,Distribution Ratio,1.099999999599241,-,Temperature,25.0,C,- -,,,Comments,updated ORNL,,,,
16302,N-(2-4-dimethylphenyl)-6-[6-[(2-4-dimethylphenyl)-ethylcarbamoyl]-2-pyridinyl]-N-ethylpyridine-2-carboxamide,0.05 M,HNO3,3 M,nitrobenzene,Tm,III ,0.1 mM,,,,,CCN(C(=O)c1cccc(-c2cccc(C(=O)N(CC)c3ccc(C)cc3C)n2)n1)c1ccc(C)cc1C,-,"HNO3, N-(2-4-dimethylphenyl)-6-[6-[(2-4-dimethylphenyl)-ethylcarbamoyl]-2-pyridinyl]-N-ethylpyridine-2-carboxamide, Tm, nitrobenzene",,nitrobenzene,,"https://doi.org/10.1039/C8DT03734E, https://doi.org/10.1021/jacs.5c19738",Baosen Zhang,2026-02-10 13:32:51,Distribution Ratio,1.099999999599241,-,Temperature,25.0,C,- -,,,Comments,updated ORNL,,,,
16303,N-(2-5-dimethylphenyl)-6-[6-[(2-5-dimethylphenyl)-ethylcarbamoyl]-2-pyridinyl]-N-ethylpyridine-2-carboxamide,0.05 M,HNO3,3 M,nitrobenzene,Lu,III ,0.1 mM,,,,,CCN(C(=O)c1cccc(-c2cccc(C(=O)N(CC)c3cc(C)ccc3C)n2)n1)c1cc(C)ccc1C,-,"HNO3, N-(2-5-dimethylphenyl)-6-[6-[(2-5-dimethylphenyl)-ethylcarbamoyl]-2-pyridinyl]-N-ethylpyridine-2-carboxamide, Lu, nitrobenzene",,nitrobenzene,,"https://doi.org/10.1039/C8DT03734E, https://doi.org/10.1021/jacs.5c19738",Baosen Zhang,2026-02-10 13:32:51,Distribution Ratio,3.699999999429232,-,Temperature,25.0,C,- -,,,Comments,updated ORNL,,,,
16304,N-(2-4-dimethylphenyl)-6-[6-[(2-4-dimethylphenyl)-ethylcarbamoyl]-2-pyridinyl]-N-ethylpyridine-2-carboxamide,0.05 M,HNO3,3 M,nitrobenzene,Lu,III ,0.1 mM,,,,,CCN(C(=O)c1cccc(-c2cccc(C(=O)N(CC)c3ccc(C)cc3C)n2)n1)c1ccc(C)cc1C,-,"HNO3, N-(2-4-dimethylphenyl)-6-[6-[(2-4-dimethylphenyl)-ethylcarbamoyl]-2-pyridinyl]-N-ethylpyridine-2-carboxamide, Lu, nitrobenzene",,nitrobenzene,,"https://doi.org/10.1039/C8DT03734E, https://doi.org/10.1021/jacs.5c19738",Baosen Zhang,2026-02-10 13:32:51,Distribution Ratio,1.699999998519287,-,Temperature,25.0,C,- -,,,Comments,updated ORNL,,,,
16305,N-(3-5-dimethylphenyl)-6-[6-[(3-5-dimethylphenyl)-ethylcarbamoyl]-2-pyridinyl]-N-ethylpyridine-2-carboxamide,0.05 M,HNO3,3 M,nitrobenzene,Ce,III ,0.1 mM,,,,,CCN(C(=O)c1cccc(-c2cccc(C(=O)N(CC)c3cc(C)cc(C)c3)n2)n1)c1cc(C)cc(C)c1,-,"HNO3, N-(3-5-dimethylphenyl)-6-[6-[(3-5-dimethylphenyl)-ethylcarbamoyl]-2-pyridinyl]-N-ethylpyridine-2-carboxamide, Ce, nitrobenzene",,nitrobenzene,,"https://doi.org/10.1039/C8DT03734E, https://doi.org/10.1021/jacs.5c19738",Baosen Zhang,2026-02-10 13:32:51,Distribution Ratio,2.100000001286614,-,Temperature,25.0,C,- -,,,Comments,updated ORNL,,,,
16306,N-(3-5-dimethylphenyl)-6-[6-[(3-5-dimethylphenyl)-ethylcarbamoyl]-2-pyridinyl]-N-ethylpyridine-2-carboxamide,0.05 M,HNO3,3 M,nitrobenzene,Pr,III ,0.1 mM,,,,,CCN(C(=O)c1cccc(-c2cccc(C(=O)N(CC)c3cc(C)cc(C)c3)n2)n1)c1cc(C)cc(C)c1,-,"HNO3, N-(3-5-dimethylphenyl)-6-[6-[(3-5-dimethylphenyl)-ethylcarbamoyl]-2-pyridinyl]-N-ethylpyridine-2-carboxamide, Pr, nitrobenzene",,nitrobenzene,,"https://doi.org/10.1039/C8DT03734E, https://doi.org/10.1021/jacs.5c19738",Baosen Zhang,2026-02-10 13:32:52,Distribution Ratio,2.500000001887903,-,Temperature,25.0,C,- -,,,Comments,updated ORNL,,,,
16307,N-(3-5-dimethylphenyl)-6-[6-[(3-5-dimethylphenyl)-ethylcarbamoyl]-2-pyridinyl]-N-ethylpyridine-2-carboxamide,0.05 M,HNO3,3 M,nitrobenzene,Sm,III ,0.1 mM,,,,,CCN(C(=O)c1cccc(-c2cccc(C(=O)N(CC)c3cc(C)cc(C)c3)n2)n1)c1cc(C)cc(C)c1,-,"HNO3, N-(3-5-dimethylphenyl)-6-[6-[(3-5-dimethylphenyl)-ethylcarbamoyl]-2-pyridinyl]-N-ethylpyridine-2-carboxamide, Sm, nitrobenzene",,nitrobenzene,,"https://doi.org/10.1039/C8DT03734E, https://doi.org/10.1021/jacs.5c19738",Baosen Zhang,2026-02-10 13:32:52,Distribution Ratio,2.699999999011579,-,Temperature,25.0,C,- -,,,Comments,updated ORNL,,,,
16308,N-(3-5-dimethylphenyl)-6-[6-[(3-5-dimethylphenyl)-ethylcarbamoyl]-2-pyridinyl]-N-ethylpyridine-2-carboxamide,0.05 M,HNO3,3 M,nitrobenzene,Eu,III ,0.1 mM,,,,,CCN(C(=O)c1cccc(-c2cccc(C(=O)N(CC)c3cc(C)cc(C)c3)n2)n1)c1cc(C)cc(C)c1,-,"HNO3, N-(3-5-dimethylphenyl)-6-[6-[(3-5-dimethylphenyl)-ethylcarbamoyl]-2-pyridinyl]-N-ethylpyridine-2-carboxamide, Eu, nitrobenzene",,nitrobenzene,,"https://doi.org/10.1039/C8DT03734E, https://doi.org/10.1021/jacs.5c19738",Baosen Zhang,2026-02-10 13:32:52,Distribution Ratio,2.600000000174705,-,Temperature,25.0,C,- -,,,Comments,updated ORNL,,,,
16309,N-(3-5-dimethylphenyl)-6-[6-[(3-5-dimethylphenyl)-ethylcarbamoyl]-2-pyridinyl]-N-ethylpyridine-2-carboxamide,0.05 M,HNO3,3 M,nitrobenzene,Gd,III ,0.1 mM,,,,,CCN(C(=O)c1cccc(-c2cccc(C(=O)N(CC)c3cc(C)cc(C)c3)n2)n1)c1cc(C)cc(C)c1,-,"HNO3, N-(3-5-dimethylphenyl)-6-[6-[(3-5-dimethylphenyl)-ethylcarbamoyl]-2-pyridinyl]-N-ethylpyridine-2-carboxamide, Gd, nitrobenzene",,nitrobenzene,,"https://doi.org/10.1039/C8DT03734E, https://doi.org/10.1021/jacs.5c19738",Baosen Zhang,2026-02-10 13:32:52,Distribution Ratio,1.900000000206369,-,Temperature,25.0,C,- -,,,Comments,updated ORNL,,,,
16310,N-(3-5-dimethylphenyl)-6-[6-[(3-5-dimethylphenyl)-ethylcarbamoyl]-2-pyridinyl]-N-ethylpyridine-2-carboxamide,0.05 M,HNO3,3 M,nitrobenzene,Tb,III ,0.1 mM,,,,,CCN(C(=O)c1cccc(-c2cccc(C(=O)N(CC)c3cc(C)cc(C)c3)n2)n1)c1cc(C)cc(C)c1,-,"HNO3, N-(3-5-dimethylphenyl)-6-[6-[(3-5-dimethylphenyl)-ethylcarbamoyl]-2-pyridinyl]-N-ethylpyridine-2-carboxamide, Tb, nitrobenzene",,nitrobenzene,,"https://doi.org/10.1039/C8DT03734E, https://doi.org/10.1021/jacs.5c19738",Baosen Zhang,2026-02-10 13:32:52,Distribution Ratio,1.900000000206369,-,Temperature,25.0,C,- -,,,Comments,updated ORNL,,,,
16311,N-(3-5-dimethylphenyl)-6-[6-[(3-5-dimethylphenyl)-ethylcarbamoyl]-2-pyridinyl]-N-ethylpyridine-2-carboxamide,0.05 M,HNO3,3 M,nitrobenzene,Dy,III ,0.1 mM,,,,,CCN(C(=O)c1cccc(-c2cccc(C(=O)N(CC)c3cc(C)cc(C)c3)n2)n1)c1cc(C)cc(C)c1,-,"HNO3, N-(3-5-dimethylphenyl)-6-[6-[(3-5-dimethylphenyl)-ethylcarbamoyl]-2-pyridinyl]-N-ethylpyridine-2-carboxamide, Dy, nitrobenzene",,nitrobenzene,,"https://doi.org/10.1039/C8DT03734E, https://doi.org/10.1021/jacs.5c19738",Baosen Zhang,2026-02-10 13:32:52,Distribution Ratio,1.699999998519287,-,Temperature,25.0,C,- -,,,Comments,updated ORNL,,,,
16312,N-(3-5-dimethylphenyl)-6-[6-[(3-5-dimethylphenyl)-ethylcarbamoyl]-2-pyridinyl]-N-ethylpyridine-2-carboxamide,0.05 M,HNO3,3 M,nitrobenzene,Ho,III ,0.1 mM,,,,,CCN(C(=O)c1cccc(-c2cccc(C(=O)N(CC)c3cc(C)cc(C)c3)n2)n1)c1cc(C)cc(C)c1,-,"HNO3, N-(3-5-dimethylphenyl)-6-[6-[(3-5-dimethylphenyl)-ethylcarbamoyl]-2-pyridinyl]-N-ethylpyridine-2-carboxamide, Ho, nitrobenzene",,nitrobenzene,,"https://doi.org/10.1039/C8DT03734E, https://doi.org/10.1021/jacs.5c19738",Baosen Zhang,2026-02-10 13:32:52,Distribution Ratio,1.799999999571832,-,Temperature,25.0,C,- -,,,Comments,updated ORNL,,,,
16313,N-(3-5-dimethylphenyl)-6-[6-[(3-5-dimethylphenyl)-ethylcarbamoyl]-2-pyridinyl]-N-ethylpyridine-2-carboxamide,0.05 M,HNO3,3 M,nitrobenzene,Yb,III ,0.1 mM,,,,,CCN(C(=O)c1cccc(-c2cccc(C(=O)N(CC)c3cc(C)cc(C)c3)n2)n1)c1cc(C)cc(C)c1,-,"HNO3, N-(3-5-dimethylphenyl)-6-[6-[(3-5-dimethylphenyl)-ethylcarbamoyl]-2-pyridinyl]-N-ethylpyridine-2-carboxamide, Yb, nitrobenzene",,nitrobenzene,,"https://doi.org/10.1039/C8DT03734E, https://doi.org/10.1021/jacs.5c19738",Baosen Zhang,2026-02-10 13:32:52,Distribution Ratio,1.400000001037238,-,Temperature,25.0,C,- -,,,Comments,updated ORNL,,,,
16314,N-(3-5-dimethylphenyl)-6-[6-[(3-5-dimethylphenyl)-ethylcarbamoyl]-2-pyridinyl]-N-ethylpyridine-2-carboxamide,0.05 M,HNO3,3 M,nitrobenzene,La,III ,0.1 mM,,,,,CCN(C(=O)c1cccc(-c2cccc(C(=O)N(CC)c3cc(C)cc(C)c3)n2)n1)c1cc(C)cc(C)c1,-,"HNO3, N-(3-5-dimethylphenyl)-6-[6-[(3-5-dimethylphenyl)-ethylcarbamoyl]-2-pyridinyl]-N-ethylpyridine-2-carboxamide, La, nitrobenzene",,nitrobenzene,,"https://doi.org/10.1039/C8DT03734E, https://doi.org/10.1021/jacs.5c19738",Baosen Zhang,2026-02-10 13:32:52,Distribution Ratio,1.900000000206369,-,Temperature,25.0,C,- -,,,Comments,updated ORNL,,,,
16315,N-(2-5-dimethylphenyl)-6-[6-[(2-5-dimethylphenyl)-ethylcarbamoyl]-2-pyridinyl]-N-ethylpyridine-2-carboxamide,0.05 M,HNO3,3 M,nitrobenzene,Yb,III ,0.1 mM,,,,,CCN(C(=O)c1cccc(-c2cccc(C(=O)N(CC)c3cc(C)ccc3C)n2)n1)c1cc(C)ccc1C,-,"HNO3, N-(2-5-dimethylphenyl)-6-[6-[(2-5-dimethylphenyl)-ethylcarbamoyl]-2-pyridinyl]-N-ethylpyridine-2-carboxamide, Yb, nitrobenzene",,nitrobenzene,,"https://doi.org/10.1039/C8DT03734E, https://doi.org/10.1021/jacs.5c19738",Baosen Zhang,2026-02-10 13:32:52,Distribution Ratio,2.299999999906829,-,Temperature,25.0,C,- -,,,Comments,updated ORNL,,,,
16316,N-(2-4-dimethylphenyl)-6-[6-[(2-4-dimethylphenyl)-ethylcarbamoyl]-2-pyridinyl]-N-ethylpyridine-2-carboxamide,0.05 M,HNO3,3 M,nitrobenzene,Nd,III ,0.1 mM,,,,,CCN(C(=O)c1cccc(-c2cccc(C(=O)N(CC)c3ccc(C)cc3C)n2)n1)c1ccc(C)cc1C,-,"HNO3, N-(2-4-dimethylphenyl)-6-[6-[(2-4-dimethylphenyl)-ethylcarbamoyl]-2-pyridinyl]-N-ethylpyridine-2-carboxamide, Nd, nitrobenzene",,nitrobenzene,,"https://doi.org/10.1039/C8DT03734E, https://doi.org/10.1021/jacs.5c19738",Baosen Zhang,2026-02-10 13:32:52,Distribution Ratio,1.400000001037238,-,Temperature,25.0,C,- -,,,Comments,updated ORNL,,,,
16317,N-(2-5-dimethylphenyl)-6-[6-[(2-5-dimethylphenyl)-ethylcarbamoyl]-2-pyridinyl]-N-ethylpyridine-2-carboxamide,0.05 M,HNO3,3 M,nitrobenzene,Er,III ,0.1 mM,,,,,CCN(C(=O)c1cccc(-c2cccc(C(=O)N(CC)c3cc(C)ccc3C)n2)n1)c1cc(C)ccc1C,-,"HNO3, N-(2-5-dimethylphenyl)-6-[6-[(2-5-dimethylphenyl)-ethylcarbamoyl]-2-pyridinyl]-N-ethylpyridine-2-carboxamide, Er, nitrobenzene",,nitrobenzene,,"https://doi.org/10.1039/C8DT03734E, https://doi.org/10.1021/jacs.5c19738",Baosen Zhang,2026-02-10 13:32:52,Distribution Ratio,1.799999999571832,-,Temperature,25.0,C,- -,,,Comments,updated ORNL,,,,
16318,N-ethyl-6-[6-[ethyl(phenyl)carbamoyl]-2-pyridinyl]-N-phenylpyridine-2-carboxamide,0.05 M,HNO3,3 M,nitrobenzene,La,III ,0.1 mM,,,,,CCN(C(=O)c1cccc(-c2cccc(C(=O)N(CC)c3ccccc3)n2)n1)c1ccccc1,-,"HNO3, N-ethyl-6-[6-[ethyl(phenyl)carbamoyl]-2-pyridinyl]-N-phenylpyridine-2-carboxamide, La, nitrobenzene",,nitrobenzene,,"https://doi.org/10.1039/C8DT03734E, https://doi.org/10.1021/jacs.5c19738",Baosen Zhang,2026-02-10 13:32:52,Distribution Ratio,1.0,-,Temperature,25.0,C,- -,,,Comments,updated ORNL,,,,
16319,N-ethyl-6-[6-[ethyl(phenyl)carbamoyl]-2-pyridinyl]-N-phenylpyridine-2-carboxamide,0.05 M,HNO3,3 M,nitrobenzene,Ce,III ,0.1 mM,,,,,CCN(C(=O)c1cccc(-c2cccc(C(=O)N(CC)c3ccccc3)n2)n1)c1ccccc1,-,"HNO3, N-ethyl-6-[6-[ethyl(phenyl)carbamoyl]-2-pyridinyl]-N-phenylpyridine-2-carboxamide, Ce, nitrobenzene",,nitrobenzene,,"https://doi.org/10.1039/C8DT03734E, https://doi.org/10.1021/jacs.5c19738",Baosen Zhang,2026-02-10 13:32:52,Distribution Ratio,0.7599999995086251,-,Temperature,25.0,C,- -,,,Comments,updated ORNL,,,,
16320,N-ethyl-6-[6-[ethyl(phenyl)carbamoyl]-2-pyridinyl]-N-phenylpyridine-2-carboxamide,0.05 M,HNO3,3 M,nitrobenzene,Nd,III ,0.1 mM,,,,,CCN(C(=O)c1cccc(-c2cccc(C(=O)N(CC)c3ccccc3)n2)n1)c1ccccc1,-,"HNO3, N-ethyl-6-[6-[ethyl(phenyl)carbamoyl]-2-pyridinyl]-N-phenylpyridine-2-carboxamide, Nd, nitrobenzene",,nitrobenzene,,"https://doi.org/10.1039/C8DT03734E, https://doi.org/10.1021/jacs.5c19738",Baosen Zhang,2026-02-10 13:32:53,Distribution Ratio,0.7800000005559022,-,Temperature,25.0,C,- -,,,Comments,updated ORNL,,,,
16321,N-ethyl-6-[6-[ethyl(phenyl)carbamoyl]-2-pyridinyl]-N-phenylpyridine-2-carboxamide,0.05 M,HNO3,3 M,nitrobenzene,Sm,III ,0.1 mM,,,,,CCN(C(=O)c1cccc(-c2cccc(C(=O)N(CC)c3ccccc3)n2)n1)c1ccccc1,-,"HNO3, N-ethyl-6-[6-[ethyl(phenyl)carbamoyl]-2-pyridinyl]-N-phenylpyridine-2-carboxamide, Sm, nitrobenzene",,nitrobenzene,,"https://doi.org/10.1039/C8DT03734E, https://doi.org/10.1021/jacs.5c19738",Baosen Zhang,2026-02-10 13:32:53,Distribution Ratio,0.8000000000148405,-,Temperature,25.0,C,- -,,,Comments,updated ORNL,,,,
16322,N-ethyl-6-[6-[ethyl(phenyl)carbamoyl]-2-pyridinyl]-N-phenylpyridine-2-carboxamide,0.05 M,HNO3,3 M,nitrobenzene,Eu,III ,0.1 mM,,,,,CCN(C(=O)c1cccc(-c2cccc(C(=O)N(CC)c3ccccc3)n2)n1)c1ccccc1,-,"HNO3, N-ethyl-6-[6-[ethyl(phenyl)carbamoyl]-2-pyridinyl]-N-phenylpyridine-2-carboxamide, Eu, nitrobenzene",,nitrobenzene,,"https://doi.org/10.1039/C8DT03734E, https://doi.org/10.1021/jacs.5c19738",Baosen Zhang,2026-02-10 13:32:53,Distribution Ratio,0.6199999992886914,-,Temperature,25.0,C,- -,,,Comments,updated ORNL,,,,
16323,N-(2-5-dimethylphenyl)-6-[6-[(2-5-dimethylphenyl)-ethylcarbamoyl]-2-pyridinyl]-N-ethylpyridine-2-carboxamide,0.05 M,HNO3,3 M,nitrobenzene,Tm,III ,0.1 mM,,,,,CCN(C(=O)c1cccc(-c2cccc(C(=O)N(CC)c3cc(C)ccc3C)n2)n1)c1cc(C)ccc1C,-,"HNO3, N-(2-5-dimethylphenyl)-6-[6-[(2-5-dimethylphenyl)-ethylcarbamoyl]-2-pyridinyl]-N-ethylpyridine-2-carboxamide, Tm, nitrobenzene",,nitrobenzene,,"https://doi.org/10.1039/C8DT03734E, https://doi.org/10.1021/jacs.5c19738",Baosen Zhang,2026-02-10 13:32:53,Distribution Ratio,2.100000001286614,-,Temperature,25.0,C,- -,,,Comments,updated ORNL,,,,
16324,N-ethyl-6-[6-[ethyl(phenyl)carbamoyl]-2-pyridinyl]-N-phenylpyridine-2-carboxamide,0.05 M,HNO3,3 M,nitrobenzene,Tb,III ,0.1 mM,,,,,CCN(C(=O)c1cccc(-c2cccc(C(=O)N(CC)c3ccccc3)n2)n1)c1ccccc1,-,"HNO3, N-ethyl-6-[6-[ethyl(phenyl)carbamoyl]-2-pyridinyl]-N-phenylpyridine-2-carboxamide, Tb, nitrobenzene",,nitrobenzene,,"https://doi.org/10.1039/C8DT03734E, https://doi.org/10.1021/jacs.5c19738",Baosen Zhang,2026-02-10 13:32:53,Distribution Ratio,0.3999999996979355,-,Temperature,25.0,C,- -,,,Comments,updated ORNL,,,,
16325,N-ethyl-6-[6-[ethyl(phenyl)carbamoyl]-2-pyridinyl]-N-phenylpyridine-2-carboxamide,0.05 M,HNO3,3 M,nitrobenzene,Dy,III ,0.1 mM,,,,,CCN(C(=O)c1cccc(-c2cccc(C(=O)N(CC)c3ccccc3)n2)n1)c1ccccc1,-,"HNO3, N-ethyl-6-[6-[ethyl(phenyl)carbamoyl]-2-pyridinyl]-N-phenylpyridine-2-carboxamide, Dy, nitrobenzene",,nitrobenzene,,"https://doi.org/10.1039/C8DT03734E, https://doi.org/10.1021/jacs.5c19738",Baosen Zhang,2026-02-10 13:32:53,Distribution Ratio,0.3800000003352843,-,Temperature,25.0,C,- -,,,Comments,updated ORNL,,,,
16326,N-ethyl-6-[6-[ethyl(phenyl)carbamoyl]-2-pyridinyl]-N-phenylpyridine-2-carboxamide,0.05 M,HNO3,3 M,nitrobenzene,Ho,III ,0.1 mM,,,,,CCN(C(=O)c1cccc(-c2cccc(C(=O)N(CC)c3ccccc3)n2)n1)c1ccccc1,-,"HNO3, N-ethyl-6-[6-[ethyl(phenyl)carbamoyl]-2-pyridinyl]-N-phenylpyridine-2-carboxamide, Ho, nitrobenzene",,nitrobenzene,,"https://doi.org/10.1039/C8DT03734E, https://doi.org/10.1021/jacs.5c19738",Baosen Zhang,2026-02-10 13:32:53,Distribution Ratio,0.3199999997642846,-,Temperature,25.0,C,- -,,,Comments,updated ORNL,,,,
16327,N-ethyl-6-[6-[ethyl(phenyl)carbamoyl]-2-pyridinyl]-N-phenylpyridine-2-carboxamide,0.05 M,HNO3,3 M,nitrobenzene,Er,III ,0.1 mM,,,,,CCN(C(=O)c1cccc(-c2cccc(C(=O)N(CC)c3ccccc3)n2)n1)c1ccccc1,-,"HNO3, N-ethyl-6-[6-[ethyl(phenyl)carbamoyl]-2-pyridinyl]-N-phenylpyridine-2-carboxamide, Er, nitrobenzene",,nitrobenzene,,"https://doi.org/10.1039/C8DT03734E, https://doi.org/10.1021/jacs.5c19738",Baosen Zhang,2026-02-10 13:32:53,Distribution Ratio,0.3000000001936504,-,Temperature,25.0,C,- -,,,Comments,updated ORNL,,,,
16328,N-ethyl-6-[6-[ethyl(phenyl)carbamoyl]-2-pyridinyl]-N-phenylpyridine-2-carboxamide,0.05 M,HNO3,3 M,nitrobenzene,Tm,III ,0.1 mM,,,,,CCN(C(=O)c1cccc(-c2cccc(C(=O)N(CC)c3ccccc3)n2)n1)c1ccccc1,-,"HNO3, N-ethyl-6-[6-[ethyl(phenyl)carbamoyl]-2-pyridinyl]-N-phenylpyridine-2-carboxamide, Tm, nitrobenzene",,nitrobenzene,,"https://doi.org/10.1039/C8DT03734E, https://doi.org/10.1021/jacs.5c19738",Baosen Zhang,2026-02-10 13:32:53,Distribution Ratio,0.2400000001593724,-,Temperature,25.0,C,- -,,,Comments,updated ORNL,,,,
16329,N-ethyl-6-[6-[ethyl(phenyl)carbamoyl]-2-pyridinyl]-N-phenylpyridine-2-carboxamide,0.05 M,HNO3,3 M,nitrobenzene,Gd,III ,0.1 mM,,,,,CCN(C(=O)c1cccc(-c2cccc(C(=O)N(CC)c3ccccc3)n2)n1)c1ccccc1,-,"HNO3, N-ethyl-6-[6-[ethyl(phenyl)carbamoyl]-2-pyridinyl]-N-phenylpyridine-2-carboxamide, Gd, nitrobenzene",,nitrobenzene,,"https://doi.org/10.1039/C8DT03734E, https://doi.org/10.1021/jacs.5c19738",Baosen Zhang,2026-02-10 13:32:53,Distribution Ratio,0.3499999997177112,-,Temperature,25.0,C,- -,,,Comments,updated ORNL,,,,
16330,N-ethyl-6-[6-[ethyl(phenyl)carbamoyl]-2-pyridinyl]-N-phenylpyridine-2-carboxamide,0.05 M,HNO3,3 M,nitrobenzene,Lu,III ,0.1 mM,,,,,CCN(C(=O)c1cccc(-c2cccc(C(=O)N(CC)c3ccccc3)n2)n1)c1ccccc1,-,"HNO3, N-ethyl-6-[6-[ethyl(phenyl)carbamoyl]-2-pyridinyl]-N-phenylpyridine-2-carboxamide, Lu, nitrobenzene",,nitrobenzene,,"https://doi.org/10.1039/C8DT03734E, https://doi.org/10.1021/jacs.5c19738",Baosen Zhang,2026-02-10 13:32:53,Distribution Ratio,0.2000000001547424,-,Temperature,25.0,C,- -,,,Comments,updated ORNL,,,,
16331,N-(2-5-dimethylphenyl)-6-[6-[(2-5-dimethylphenyl)-ethylcarbamoyl]-2-pyridinyl]-N-ethylpyridine-2-carboxamide,0.05 M,HNO3,3 M,nitrobenzene,Ho,III ,0.1 mM,,,,,CCN(C(=O)c1cccc(-c2cccc(C(=O)N(CC)c3cc(C)ccc3C)n2)n1)c1cc(C)ccc1C,-,"HNO3, N-(2-5-dimethylphenyl)-6-[6-[(2-5-dimethylphenyl)-ethylcarbamoyl]-2-pyridinyl]-N-ethylpyridine-2-carboxamide, Ho, nitrobenzene",,nitrobenzene,,"https://doi.org/10.1039/C8DT03734E, https://doi.org/10.1021/jacs.5c19738",Baosen Zhang,2026-02-10 13:32:53,Distribution Ratio,1.499999999807684,-,Temperature,25.0,C,- -,,,Comments,updated ORNL,,,,
16332,N-(2-5-dimethylphenyl)-6-[6-[(2-5-dimethylphenyl)-ethylcarbamoyl]-2-pyridinyl]-N-ethylpyridine-2-carboxamide,0.05 M,HNO3,3 M,nitrobenzene,Dy,III ,0.1 mM,,,,,CCN(C(=O)c1cccc(-c2cccc(C(=O)N(CC)c3cc(C)ccc3C)n2)n1)c1cc(C)ccc1C,-,"HNO3, N-(2-5-dimethylphenyl)-6-[6-[(2-5-dimethylphenyl)-ethylcarbamoyl]-2-pyridinyl]-N-ethylpyridine-2-carboxamide, Dy, nitrobenzene",,nitrobenzene,,"https://doi.org/10.1039/C8DT03734E, https://doi.org/10.1021/jacs.5c19738",Baosen Zhang,2026-02-10 13:32:53,Distribution Ratio,1.099999999599241,-,Temperature,25.0,C,- -,,,Comments,updated ORNL,,,,
16333,N-(2-5-dimethylphenyl)-6-[6-[(2-5-dimethylphenyl)-ethylcarbamoyl]-2-pyridinyl]-N-ethylpyridine-2-carboxamide,0.05 M,HNO3,3 M,nitrobenzene,Tb,III ,0.1 mM,,,,,CCN(C(=O)c1cccc(-c2cccc(C(=O)N(CC)c3cc(C)ccc3C)n2)n1)c1cc(C)ccc1C,-,"HNO3, N-(2-5-dimethylphenyl)-6-[6-[(2-5-dimethylphenyl)-ethylcarbamoyl]-2-pyridinyl]-N-ethylpyridine-2-carboxamide, Tb, nitrobenzene",,nitrobenzene,,"https://doi.org/10.1039/C8DT03734E, https://doi.org/10.1021/jacs.5c19738",Baosen Zhang,2026-02-10 13:32:53,Distribution Ratio,1.099999999599241,-,Temperature,25.0,C,- -,,,Comments,updated ORNL,,,,
16334,N-ethyl-6-[6-[ethyl(phenyl)carbamoyl]-2-pyridinyl]-N-phenylpyridine-2-carboxamide,0.05 M,HNO3,3 M,nitrobenzene,Yb,III ,0.1 mM,,,,,CCN(C(=O)c1cccc(-c2cccc(C(=O)N(CC)c3ccccc3)n2)n1)c1ccccc1,-,"HNO3, N-ethyl-6-[6-[ethyl(phenyl)carbamoyl]-2-pyridinyl]-N-phenylpyridine-2-carboxamide, Yb, nitrobenzene",,nitrobenzene,,"https://doi.org/10.1039/C8DT03734E, https://doi.org/10.1021/jacs.5c19738",Baosen Zhang,2026-02-10 13:32:53,Distribution Ratio,0.2200000000900647,-,Temperature,25.0,C,- -,,,Comments,updated ORNL,,,,
16335,N-(2-5-dimethylphenyl)-6-[6-[(2-5-dimethylphenyl)-ethylcarbamoyl]-2-pyridinyl]-N-ethylpyridine-2-carboxamide,0.05 M,HNO3,3 M,nitrobenzene,Gd,III ,0.1 mM,,,,,CCN(C(=O)c1cccc(-c2cccc(C(=O)N(CC)c3cc(C)ccc3C)n2)n1)c1cc(C)ccc1C,-,"HNO3, N-(2-5-dimethylphenyl)-6-[6-[(2-5-dimethylphenyl)-ethylcarbamoyl]-2-pyridinyl]-N-ethylpyridine-2-carboxamide, Gd, nitrobenzene",,nitrobenzene,,"https://doi.org/10.1039/C8DT03734E, https://doi.org/10.1021/jacs.5c19738",Baosen Zhang,2026-02-10 13:32:54,Distribution Ratio,0.8999999990895754,-,Temperature,25.0,C,- -,,,Comments,updated ORNL,,,,
16336,N-(3-5-dimethylphenyl)-6-[6-[(3-5-dimethylphenyl)-ethylcarbamoyl]-2-pyridinyl]-N-ethylpyridine-2-carboxamide,0.05 M,HNO3,3 M,nitrobenzene,Er,III ,0.1 mM,,,,,CCN(C(=O)c1cccc(-c2cccc(C(=O)N(CC)c3cc(C)cc(C)c3)n2)n1)c1cc(C)cc(C)c1,-,"HNO3, N-(3-5-dimethylphenyl)-6-[6-[(3-5-dimethylphenyl)-ethylcarbamoyl]-2-pyridinyl]-N-ethylpyridine-2-carboxamide, Er, nitrobenzene",,nitrobenzene,,"https://doi.org/10.1039/C8DT03734E, https://doi.org/10.1021/jacs.5c19738",Baosen Zhang,2026-02-10 13:32:54,Distribution Ratio,1.60000000126762,-,Temperature,25.0,C,- -,,,Comments,updated ORNL,,,,
16337,N-(2-5-dimethylphenyl)-6-[6-[(2-5-dimethylphenyl)-ethylcarbamoyl]-2-pyridinyl]-N-ethylpyridine-2-carboxamide,0.05 M,HNO3,3 M,nitrobenzene,Sm,III ,0.1 mM,,,,,CCN(C(=O)c1cccc(-c2cccc(C(=O)N(CC)c3cc(C)ccc3C)n2)n1)c1cc(C)ccc1C,-,"HNO3, N-(2-5-dimethylphenyl)-6-[6-[(2-5-dimethylphenyl)-ethylcarbamoyl]-2-pyridinyl]-N-ethylpyridine-2-carboxamide, Sm, nitrobenzene",,nitrobenzene,,"https://doi.org/10.1039/C8DT03734E, https://doi.org/10.1021/jacs.5c19738",Baosen Zhang,2026-02-10 13:32:54,Distribution Ratio,1.400000001037238,-,Temperature,25.0,C,- -,,,Comments,updated ORNL,,,,
16338,N-(2-5-dimethylphenyl)-6-[6-[(2-5-dimethylphenyl)-ethylcarbamoyl]-2-pyridinyl]-N-ethylpyridine-2-carboxamide,0.05 M,HNO3,3 M,nitrobenzene,Nd,III ,0.1 mM,,,,,CCN(C(=O)c1cccc(-c2cccc(C(=O)N(CC)c3cc(C)ccc3C)n2)n1)c1cc(C)ccc1C,-,"HNO3, N-(2-5-dimethylphenyl)-6-[6-[(2-5-dimethylphenyl)-ethylcarbamoyl]-2-pyridinyl]-N-ethylpyridine-2-carboxamide, Nd, nitrobenzene",,nitrobenzene,,"https://doi.org/10.1039/C8DT03734E, https://doi.org/10.1021/jacs.5c19738",Baosen Zhang,2026-02-10 13:32:54,Distribution Ratio,1.60000000126762,-,Temperature,25.0,C,- -,,,Comments,updated ORNL,,,,
16339,N-(2-5-dimethylphenyl)-6-[6-[(2-5-dimethylphenyl)-ethylcarbamoyl]-2-pyridinyl]-N-ethylpyridine-2-carboxamide,0.05 M,HNO3,3 M,nitrobenzene,Ce,III ,0.1 mM,,,,,CCN(C(=O)c1cccc(-c2cccc(C(=O)N(CC)c3cc(C)ccc3C)n2)n1)c1cc(C)ccc1C,-,"HNO3, N-(2-5-dimethylphenyl)-6-[6-[(2-5-dimethylphenyl)-ethylcarbamoyl]-2-pyridinyl]-N-ethylpyridine-2-carboxamide, Ce, nitrobenzene",,nitrobenzene,,"https://doi.org/10.1039/C8DT03734E, https://doi.org/10.1021/jacs.5c19738",Baosen Zhang,2026-02-10 13:32:54,Distribution Ratio,0.8000000000148405,-,Temperature,25.0,C,- -,,,Comments,updated ORNL,,,,
16340,N-(2-5-dimethylphenyl)-6-[6-[(2-5-dimethylphenyl)-ethylcarbamoyl]-2-pyridinyl]-N-ethylpyridine-2-carboxamide,0.05 M,HNO3,3 M,nitrobenzene,La,III ,0.1 mM,,,,,CCN(C(=O)c1cccc(-c2cccc(C(=O)N(CC)c3cc(C)ccc3C)n2)n1)c1cc(C)ccc1C,-,"HNO3, N-(2-5-dimethylphenyl)-6-[6-[(2-5-dimethylphenyl)-ethylcarbamoyl]-2-pyridinyl]-N-ethylpyridine-2-carboxamide, La, nitrobenzene",,nitrobenzene,,"https://doi.org/10.1039/C8DT03734E, https://doi.org/10.1021/jacs.5c19738",Baosen Zhang,2026-02-10 13:32:54,Distribution Ratio,0.5999999994699767,-,Temperature,25.0,C,- -,,,Comments,updated ORNL,,,,
16382,N-N-N-N-tetrabutyl-2-[[2-[3-(dibutylamino)-2-(dibutylcarbamoyl)-3-oxopropyl]phenyl]methyl]propanediamide,0.18 M,HNO3,1 M,nitrobenzene,La,III ,1.4 mM,,,,,CCCCN(CCCC)C(=O)C(Cc1ccccc1CC(C(=O)N(CCCC)CCCC)C(=O)N(CCCC)CCCC)C(=O)N(CCCC)CCCC,-,"HNO3, N-N-N-N-tetrabutyl-2-[[2-[3-(dibutylamino)-2-(dibutylcarbamoyl)-3-oxopropyl]phenyl]methyl]propanediamide, La, nitrobenzene",,nitrobenzene,,"https://doi.org/10.1016/j.hydromet.2016.05.007, https://doi.org/10.1021/jacs.5c19738",Baosen Zhang,2026-02-10 13:32:57,Distribution Ratio,49.9999999613144,-,Temperature,25.0,C,- -,,,Comments,updated ORNL,,,,
16383,N-N-N-N-tetrabutyl-2-[[2-[3-(dibutylamino)-2-(dibutylcarbamoyl)-3-oxopropyl]phenyl]methyl]propanediamide,0.18 M,HNO3,1 M,nitrobenzene,Nd,III ,1.4 mM,,,,,CCCCN(CCCC)C(=O)C(Cc1ccccc1CC(C(=O)N(CCCC)CCCC)C(=O)N(CCCC)CCCC)C(=O)N(CCCC)CCCC,-,"HNO3, N-N-N-N-tetrabutyl-2-[[2-[3-(dibutylamino)-2-(dibutylcarbamoyl)-3-oxopropyl]phenyl]methyl]propanediamide, Nd, nitrobenzene",,nitrobenzene,,"https://doi.org/10.1016/j.hydromet.2016.05.007, https://doi.org/10.1021/jacs.5c19738",Baosen Zhang,2026-02-10 13:32:57,Distribution Ratio,58.00000005836969,-,Temperature,25.0,C,- -,,,Comments,updated ORNL,,,,
16384,N-N-N-N-tetrabutyl-2-[[2-[3-(dibutylamino)-2-(dibutylcarbamoyl)-3-oxopropyl]phenyl]methyl]propanediamide,0.18 M,HNO3,1 M,nitrobenzene,Eu,III ,1.4 mM,,,,,CCCCN(CCCC)C(=O)C(Cc1ccccc1CC(C(=O)N(CCCC)CCCC)C(=O)N(CCCC)CCCC)C(=O)N(CCCC)CCCC,-,"HNO3, N-N-N-N-tetrabutyl-2-[[2-[3-(dibutylamino)-2-(dibutylcarbamoyl)-3-oxopropyl]phenyl]methyl]propanediamide, Eu, nitrobenzene",,nitrobenzene,,"https://doi.org/10.1016/j.hydromet.2016.05.007, https://doi.org/10.1021/jacs.5c19738",Baosen Zhang,2026-02-10 13:32:57,Distribution Ratio,48.9999999967829,-,Temperature,25.0,C,- -,,,Comments,updated ORNL,,,,
16385,N-N-N-N-tetrabutyl-2-[[2-[3-(dibutylamino)-2-(dibutylcarbamoyl)-3-oxopropyl]phenyl]methyl]propanediamide,0.18 M,HNO3,1 M,nitrobenzene,Dy,III ,1.4 mM,,,,,CCCCN(CCCC)C(=O)C(Cc1ccccc1CC(C(=O)N(CCCC)CCCC)C(=O)N(CCCC)CCCC)C(=O)N(CCCC)CCCC,-,"HNO3, N-N-N-N-tetrabutyl-2-[[2-[3-(dibutylamino)-2-(dibutylcarbamoyl)-3-oxopropyl]phenyl]methyl]propanediamide, Dy, nitrobenzene",,nitrobenzene,,"https://doi.org/10.1016/j.hydromet.2016.05.007, https://doi.org/10.1021/jacs.5c19738",Baosen Zhang,2026-02-10 13:32:57,Distribution Ratio,47.00000000695676,-,Temperature,25.0,C,- -,,,Comments,updated ORNL,,,,
16495,N-ethyl-6-[6-[ethyl-(4-hexylphenyl)carbamoyl]-2-pyridinyl]-N-(4-hexylphenyl)pyridine-2-carboxamide,0.1 M,HNO3,3 M,meta-nitrobenzotrifluoride,Lu,III ,0.01 mM,,,,,CCCCCCc1ccc(N(CC)C(=O)c2cccc(-c3cccc(C(=O)N(CC)c4ccc(CCCCCC)cc4)n3)n2)cc1,-,"HNO3, N-ethyl-6-[6-[ethyl-(4-hexylphenyl)carbamoyl]-2-pyridinyl]-N-(4-hexylphenyl)pyridine-2-carboxamide, Lu, meta-nitrobenzotrifluoride",,meta-nitrobenzotrifluoride,,"https://doi.org/10.1134/S1066362214060010, https://doi.org/10.1021/jacs.5c19738",Baosen Zhang,2026-02-10 13:33:05,Distribution Ratio,0.160000000126762,-,Temperature,25.0,C,- -,,,Comments,updated ORNL,,,,
16503,N-ethyl-6-[6-[ethyl-(4-hexylphenyl)carbamoyl]-2-pyridinyl]-N-(4-hexylphenyl)pyridine-2-carboxamide,0.1 M,HNO3,3 M,meta-nitrobenzotrifluoride,Yb,III ,0.01 mM,,,,,CCCCCCc1ccc(N(CC)C(=O)c2cccc(-c3cccc(C(=O)N(CC)c4ccc(CCCCCC)cc4)n3)n2)cc1,-,"HNO3, N-ethyl-6-[6-[ethyl-(4-hexylphenyl)carbamoyl]-2-pyridinyl]-N-(4-hexylphenyl)pyridine-2-carboxamide, Yb, meta-nitrobenzotrifluoride",,meta-nitrobenzotrifluoride,,"https://doi.org/10.1134/S1066362214060010, https://doi.org/10.1021/jacs.5c19738",Baosen Zhang,2026-02-10 13:33:05,Distribution Ratio,0.2000000001547424,-,Temperature,25.0,C,- -,,,Comments,updated ORNL,,,,
16504,N-ethyl-6-[6-[ethyl-(4-hexylphenyl)carbamoyl]-2-pyridinyl]-N-(4-hexylphenyl)pyridine-2-carboxamide,0.1 M,HNO3,3 M,meta-nitrobenzotrifluoride,Tm,III ,0.01 mM,,,,,CCCCCCc1ccc(N(CC)C(=O)c2cccc(-c3cccc(C(=O)N(CC)c4ccc(CCCCCC)cc4)n3)n2)cc1,-,"HNO3, N-ethyl-6-[6-[ethyl-(4-hexylphenyl)carbamoyl]-2-pyridinyl]-N-(4-hexylphenyl)pyridine-2-carboxamide, Tm, meta-nitrobenzotrifluoride",,meta-nitrobenzotrifluoride,,"https://doi.org/10.1134/S1066362214060010, https://doi.org/10.1021/jacs.5c19738",Baosen Zhang,2026-02-10 13:33:05,Distribution Ratio,0.2500000001887904,-,Temperature,25.0,C,- -,,,Comments,updated ORNL,,,,
16505,N-ethyl-6-[6-[ethyl-(4-hexylphenyl)carbamoyl]-2-pyridinyl]-N-(4-hexylphenyl)pyridine-2-carboxamide,0.1 M,HNO3,3 M,meta-nitrobenzotrifluoride,Er,III ,0.01 mM,,,,,CCCCCCc1ccc(N(CC)C(=O)c2cccc(-c3cccc(C(=O)N(CC)c4ccc(CCCCCC)cc4)n3)n2)cc1,-,"HNO3, N-ethyl-6-[6-[ethyl-(4-hexylphenyl)carbamoyl]-2-pyridinyl]-N-(4-hexylphenyl)pyridine-2-carboxamide, Er, meta-nitrobenzotrifluoride",,meta-nitrobenzotrifluoride,,"https://doi.org/10.1134/S1066362214060010, https://doi.org/10.1021/jacs.5c19738",Baosen Zhang,2026-02-10 13:33:05,Distribution Ratio,0.3000000001936504,-,Temperature,25.0,C,- -,,,Comments,updated ORNL,,,,
16507,N-ethyl-6-[6-[ethyl-(4-hexylphenyl)carbamoyl]-2-pyridinyl]-N-(4-hexylphenyl)pyridine-2-carboxamide,0.1 M,HNO3,3 M,meta-nitrobenzotrifluoride,Dy,III ,0.01 mM,,,,,CCCCCCc1ccc(N(CC)C(=O)c2cccc(-c3cccc(C(=O)N(CC)c4ccc(CCCCCC)cc4)n3)n2)cc1,-,"HNO3, N-ethyl-6-[6-[ethyl-(4-hexylphenyl)carbamoyl]-2-pyridinyl]-N-(4-hexylphenyl)pyridine-2-carboxamide, Dy, meta-nitrobenzotrifluoride",,meta-nitrobenzotrifluoride,,"https://doi.org/10.1134/S1066362214060010, https://doi.org/10.1021/jacs.5c19738",Baosen Zhang,2026-02-10 13:33:06,Distribution Ratio,0.4500000002327806,-,Temperature,25.0,C,- -,,,Comments,updated ORNL,,,,
16508,N-ethyl-6-[6-[ethyl-(4-hexylphenyl)carbamoyl]-2-pyridinyl]-N-(4-hexylphenyl)pyridine-2-carboxamide,0.1 M,HNO3,3 M,meta-nitrobenzotrifluoride,Ho,III ,0.01 mM,,,,,CCCCCCc1ccc(N(CC)C(=O)c2cccc(-c3cccc(C(=O)N(CC)c4ccc(CCCCCC)cc4)n3)n2)cc1,-,"HNO3, N-ethyl-6-[6-[ethyl-(4-hexylphenyl)carbamoyl]-2-pyridinyl]-N-(4-hexylphenyl)pyridine-2-carboxamide, Ho, meta-nitrobenzotrifluoride",,meta-nitrobenzotrifluoride,,"https://doi.org/10.1134/S1066362214060010, https://doi.org/10.1021/jacs.5c19738",Baosen Zhang,2026-02-10 13:33:06,Distribution Ratio,0.3999999996979355,-,Temperature,25.0,C,- -,,,Comments,updated ORNL,,,,
16510,N-ethyl-6-[6-[ethyl-(4-hexylphenyl)carbamoyl]-2-pyridinyl]-N-(4-hexylphenyl)pyridine-2-carboxamide,0.1 M,HNO3,3 M,meta-nitrobenzotrifluoride,La,III ,0.01 mM,,,,,CCCCCCc1ccc(N(CC)C(=O)c2cccc(-c3cccc(C(=O)N(CC)c4ccc(CCCCCC)cc4)n3)n2)cc1,-,"HNO3, N-ethyl-6-[6-[ethyl-(4-hexylphenyl)carbamoyl]-2-pyridinyl]-N-(4-hexylphenyl)pyridine-2-carboxamide, La, meta-nitrobenzotrifluoride",,meta-nitrobenzotrifluoride,,"https://doi.org/10.1134/S1066362214060010, https://doi.org/10.1021/jacs.5c19738",Baosen Zhang,2026-02-10 13:33:06,Distribution Ratio,1.0,-,Temperature,25.0,C,- -,,,Comments,updated ORNL,,,,
16511,N-ethyl-6-[6-[ethyl-(4-hexylphenyl)carbamoyl]-2-pyridinyl]-N-(4-hexylphenyl)pyridine-2-carboxamide,0.1 M,HNO3,3 M,meta-nitrobenzotrifluoride,Ce,III ,0.01 mM,,,,,CCCCCCc1ccc(N(CC)C(=O)c2cccc(-c3cccc(C(=O)N(CC)c4ccc(CCCCCC)cc4)n3)n2)cc1,-,"HNO3, N-ethyl-6-[6-[ethyl-(4-hexylphenyl)carbamoyl]-2-pyridinyl]-N-(4-hexylphenyl)pyridine-2-carboxamide, Ce, meta-nitrobenzotrifluoride",,meta-nitrobenzotrifluoride,,"https://doi.org/10.1134/S1066362214060010, https://doi.org/10.1021/jacs.5c19738",Baosen Zhang,2026-02-10 13:33:06,Distribution Ratio,0.8000000000148405,-,Temperature,25.0,C,- -,,,Comments,updated ORNL,,,,
16512,N-ethyl-6-[6-[ethyl-(4-hexylphenyl)carbamoyl]-2-pyridinyl]-N-(4-hexylphenyl)pyridine-2-carboxamide,0.1 M,HNO3,3 M,meta-nitrobenzotrifluoride,Pr,III ,0.01 mM,,,,,CCCCCCc1ccc(N(CC)C(=O)c2cccc(-c3cccc(C(=O)N(CC)c4ccc(CCCCCC)cc4)n3)n2)cc1,-,"HNO3, N-ethyl-6-[6-[ethyl-(4-hexylphenyl)carbamoyl]-2-pyridinyl]-N-(4-hexylphenyl)pyridine-2-carboxamide, Pr, meta-nitrobenzotrifluoride",,meta-nitrobenzotrifluoride,,"https://doi.org/10.1134/S1066362214060010, https://doi.org/10.1021/jacs.5c19738",Baosen Zhang,2026-02-10 13:33:06,Distribution Ratio,0.5999999994699767,-,Temperature,25.0,C,- -,,,Comments,updated ORNL,,,,
16514,N-ethyl-6-[6-[ethyl-(4-hexylphenyl)carbamoyl]-2-pyridinyl]-N-(4-hexylphenyl)pyridine-2-carboxamide,0.1 M,HNO3,3 M,meta-nitrobenzotrifluoride,Sm,III ,0.01 mM,,,,,CCCCCCc1ccc(N(CC)C(=O)c2cccc(-c3cccc(C(=O)N(CC)c4ccc(CCCCCC)cc4)n3)n2)cc1,-,"HNO3, N-ethyl-6-[6-[ethyl-(4-hexylphenyl)carbamoyl]-2-pyridinyl]-N-(4-hexylphenyl)pyridine-2-carboxamide, Sm, meta-nitrobenzotrifluoride",,meta-nitrobenzotrifluoride,,"https://doi.org/10.1134/S1066362214060010, https://doi.org/10.1021/jacs.5c19738",Baosen Zhang,2026-02-10 13:33:06,Distribution Ratio,0.8000000000148405,-,Temperature,25.0,C,- -,,,Comments,updated ORNL,,,,
16515,N-ethyl-6-[6-[ethyl-(4-hexylphenyl)carbamoyl]-2-pyridinyl]-N-(4-hexylphenyl)pyridine-2-carboxamide,0.1 M,HNO3,3 M,meta-nitrobenzotrifluoride,Eu,III ,0.01 mM,,,,,CCCCCCc1ccc(N(CC)C(=O)c2cccc(-c3cccc(C(=O)N(CC)c4ccc(CCCCCC)cc4)n3)n2)cc1,-,"HNO3, N-ethyl-6-[6-[ethyl-(4-hexylphenyl)carbamoyl]-2-pyridinyl]-N-(4-hexylphenyl)pyridine-2-carboxamide, Eu, meta-nitrobenzotrifluoride",,meta-nitrobenzotrifluoride,,"https://doi.org/10.1134/S1066362214060010, https://doi.org/10.1021/jacs.5c19738",Baosen Zhang,2026-02-10 13:33:06,Distribution Ratio,0.5999999994699767,-,Temperature,25.0,C,- -,,,Comments,updated ORNL,,,,
16516,N-ethyl-6-[6-[ethyl-(4-hexylphenyl)carbamoyl]-2-pyridinyl]-N-(4-hexylphenyl)pyridine-2-carboxamide,0.1 M,HNO3,3 M,meta-nitrobenzotrifluoride,Gd,III ,0.01 mM,,,,,CCCCCCc1ccc(N(CC)C(=O)c2cccc(-c3cccc(C(=O)N(CC)c4ccc(CCCCCC)cc4)n3)n2)cc1,-,"HNO3, N-ethyl-6-[6-[ethyl-(4-hexylphenyl)carbamoyl]-2-pyridinyl]-N-(4-hexylphenyl)pyridine-2-carboxamide, Gd, meta-nitrobenzotrifluoride",,meta-nitrobenzotrifluoride,,"https://doi.org/10.1134/S1066362214060010, https://doi.org/10.1021/jacs.5c19738",Baosen Zhang,2026-02-10 13:33:06,Distribution Ratio,0.3999999996979355,-,Temperature,25.0,C,- -,,,Comments,updated ORNL,,,,
16517,N-ethyl-6-[6-[ethyl-(4-hexylphenyl)carbamoyl]-2-pyridinyl]-N-(4-hexylphenyl)pyridine-2-carboxamide,0.1 M,HNO3,3 M,meta-nitrobenzotrifluoride,Tb,III ,0.01 mM,,,,,CCCCCCc1ccc(N(CC)C(=O)c2cccc(-c3cccc(C(=O)N(CC)c4ccc(CCCCCC)cc4)n3)n2)cc1,-,"HNO3, N-ethyl-6-[6-[ethyl-(4-hexylphenyl)carbamoyl]-2-pyridinyl]-N-(4-hexylphenyl)pyridine-2-carboxamide, Tb, meta-nitrobenzotrifluoride",,meta-nitrobenzotrifluoride,,"https://doi.org/10.1134/S1066362214060010, https://doi.org/10.1021/jacs.5c19738",Baosen Zhang,2026-02-10 13:33:06,Distribution Ratio,0.499999999613144,-,Temperature,25.0,C,- -,,,Comments,updated ORNL,,,,
16518,N-ethyl-6-[6-[ethyl-(4-hexylphenyl)carbamoyl]-2-pyridinyl]-N-(4-hexylphenyl)pyridine-2-carboxamide,0.1 M,HNO3,3 M,meta-nitrobenzotrifluoride,Nd,III ,0.01 mM,,,,,CCCCCCc1ccc(N(CC)C(=O)c2cccc(-c3cccc(C(=O)N(CC)c4ccc(CCCCCC)cc4)n3)n2)cc1,-,"HNO3, N-ethyl-6-[6-[ethyl-(4-hexylphenyl)carbamoyl]-2-pyridinyl]-N-(4-hexylphenyl)pyridine-2-carboxamide, Nd, meta-nitrobenzotrifluoride",,meta-nitrobenzotrifluoride,,"https://doi.org/10.1134/S1066362214060010, https://doi.org/10.1021/jacs.5c19738",Baosen Zhang,2026-02-10 13:33:06,Distribution Ratio,0.8000000000148405,-,Temperature,25.0,C,- -,,,Comments,updated ORNL,,,,
16728,2-(dibutylcarbamoyl)benzoic acid,0.01 M,HNO3,0.1 M,CCl4,Eu,III , ,,,,,CCCCN(CCCC)C(=O)c1ccccc1C(=O)O,-,"HNO3, 2-(dibutylcarbamoyl)benzoic acid, Eu, CCl4",,CCl4,,"https://doi.org/10.1080/01496395.2016.1165252, https://doi.org/10.1021/jacs.5c19738",Baosen Zhang,2026-02-10 13:33:21,Distribution Ratio,1000.0,-,Temperature,25.0,C,- -,,,Comments,updated ORNL,,,,
16729,2-(dibutylcarbamoyl)benzoic acid,0.01 M,HNO3,0.1 M,CCl4,La,III , ,,,,,CCCCN(CCCC)C(=O)c1ccccc1C(=O)O,-,"HNO3, 2-(dibutylcarbamoyl)benzoic acid, La, CCl4",,CCl4,,"https://doi.org/10.1080/01496395.2016.1165252, https://doi.org/10.1021/jacs.5c19738",Baosen Zhang,2026-02-10 13:33:21,Distribution Ratio,0.1,-,Temperature,25.0,C,- -,,,Comments,updated ORNL,,,,
16730,2-(dibutylcarbamoyl)benzoic acid,0.01 M,HNO3,0.1 M,CCl4,Er,III , ,,,,,CCCCN(CCCC)C(=O)c1ccccc1C(=O)O,-,"HNO3, 2-(dibutylcarbamoyl)benzoic acid, Er, CCl4",,CCl4,,"https://doi.org/10.1080/01496395.2016.1165252, https://doi.org/10.1021/jacs.5c19738",Baosen Zhang,2026-02-10 13:33:21,Distribution Ratio,3.199999997642846,-,Temperature,25.0,C,- -,,,Comments,updated ORNL,,,,
