source_build_id,proposed_build_id,geometry_key,metal_symbol,inner_sphere_anion,SMILES_FOR_ARCHITECTOR,original_COORDLIST,proposed_COORDLIST,original_DENTATE,proposed_DENTATE,original_coreCN,proposed_coreCN,original_n_ligs,proposed_n_ligs,original_n_fill,proposed_n_fill,donor_strategy,ligand_family,run_group,suggested_ligType,migration_scope,current_rescue_route,manual_review_required
8891c25d4c67,3b2820db6fc4,58|CCCCCCCCN(CCCCCCCC)C(=O)CN(CC(=O)N(CCCCCCCC)CCCCCCCC)CC(=O)N(CCCCCCCC)CCCCCCCC|nitrate,Ce,nitrate,CCCCCCCCN(CCCCCCCC)C(=O)CN(CC(=O)N(CCCCCCCC)CCCCCCCC)CC(=O)N(CCCCCCCC)CCCCCCCC,"[18, 20, 23, 43]","[18, 20, 23, 43]",4,4,9,9,2,1,1,5,compact_amide_core,compact_amide_core_4dent,template_amide_core,tetra_trigonal_pyramidal,current_still_failed,template_replan,False
4ca0b6f30178,60e55854a033,66|CCCCCCCCN(CCCCCCCC)C(=O)CN(CC(=O)N(CCCCCCCC)CCCCCCCC)CC(=O)N(CCCCCCCC)CCCCCCCC|nitrate,Dy,nitrate,CCCCCCCCN(CCCCCCCC)C(=O)CN(CC(=O)N(CCCCCCCC)CCCCCCCC)CC(=O)N(CCCCCCCC)CCCCCCCC,"[18, 20, 23, 43]","[18, 20, 23, 43]",4,4,8,8,2,1,0,4,compact_amide_core,compact_amide_core_4dent,template_amide_core,tetra_trigonal_pyramidal,current_still_failed,template_replan,False
32c5ca2ccd68,7b5f3280fd78,68|CCCCCCCCN(CCCCCCCC)C(=O)CN(CC(=O)N(CCCCCCCC)CCCCCCCC)CC(=O)N(CCCCCCCC)CCCCCCCC|nitrate,Er,nitrate,CCCCCCCCN(CCCCCCCC)C(=O)CN(CC(=O)N(CCCCCCCC)CCCCCCCC)CC(=O)N(CCCCCCCC)CCCCCCCC,"[18, 20, 23, 43]","[18, 20, 23, 43]",4,4,8,8,2,1,0,4,compact_amide_core,compact_amide_core_4dent,template_amide_core,tetra_trigonal_pyramidal,deferred_nonfailed_audit,,False
f3f070427c1f,655f731d48c2,63|CCCCCCCCN(CCCCCCCC)C(=O)CN(CC(=O)N(CCCCCCCC)CCCCCCCC)CC(=O)N(CCCCCCCC)CCCCCCCC|nitrate,Eu,nitrate,CCCCCCCCN(CCCCCCCC)C(=O)CN(CC(=O)N(CCCCCCCC)CCCCCCCC)CC(=O)N(CCCCCCCC)CCCCCCCC,"[18, 20, 23, 43]","[18, 20, 23, 43]",4,4,9,9,2,1,1,5,compact_amide_core,compact_amide_core_4dent,template_amide_core,tetra_trigonal_pyramidal,deferred_nonfailed_audit,,False
bd11f8c14383,bdf1b6fb0ab0,64|CCCCCCCCN(CCCCCCCC)C(=O)CN(CC(=O)N(CCCCCCCC)CCCCCCCC)CC(=O)N(CCCCCCCC)CCCCCCCC|nitrate,Gd,nitrate,CCCCCCCCN(CCCCCCCC)C(=O)CN(CC(=O)N(CCCCCCCC)CCCCCCCC)CC(=O)N(CCCCCCCC)CCCCCCCC,"[18, 20, 23, 43]","[18, 20, 23, 43]",4,4,9,9,2,1,1,5,compact_amide_core,compact_amide_core_4dent,template_amide_core,tetra_trigonal_pyramidal,deferred_nonfailed_audit,,False
b72884625baf,e82ded10c1af,67|CCCCCCCCN(CCCCCCCC)C(=O)CN(CC(=O)N(CCCCCCCC)CCCCCCCC)CC(=O)N(CCCCCCCC)CCCCCCCC|nitrate,Ho,nitrate,CCCCCCCCN(CCCCCCCC)C(=O)CN(CC(=O)N(CCCCCCCC)CCCCCCCC)CC(=O)N(CCCCCCCC)CCCCCCCC,"[18, 20, 23, 43]","[18, 20, 23, 43]",4,4,8,8,2,1,0,4,compact_amide_core,compact_amide_core_4dent,template_amide_core,tetra_trigonal_pyramidal,deferred_nonfailed_audit,,False
033b4c93146d,816d86767bf5,57|CCCCCCCCN(CCCCCCCC)C(=O)CN(CC(=O)N(CCCCCCCC)CCCCCCCC)CC(=O)N(CCCCCCCC)CCCCCCCC|nitrate,La,nitrate,CCCCCCCCN(CCCCCCCC)C(=O)CN(CC(=O)N(CCCCCCCC)CCCCCCCC)CC(=O)N(CCCCCCCC)CCCCCCCC,"[18, 20, 23, 43]","[18, 20, 23, 43]",4,4,9,9,2,1,1,5,compact_amide_core,compact_amide_core_4dent,template_amide_core,tetra_trigonal_pyramidal,deferred_nonfailed_audit,,False
a5b6774306ad,e0263b696299,71|CCCCCCCCN(CCCCCCCC)C(=O)CN(CC(=O)N(CCCCCCCC)CCCCCCCC)CC(=O)N(CCCCCCCC)CCCCCCCC|nitrate,Lu,nitrate,CCCCCCCCN(CCCCCCCC)C(=O)CN(CC(=O)N(CCCCCCCC)CCCCCCCC)CC(=O)N(CCCCCCCC)CCCCCCCC,"[18, 20, 23, 43]","[18, 20, 23, 43]",4,4,8,8,2,1,0,4,compact_amide_core,compact_amide_core_4dent,template_amide_core,tetra_trigonal_pyramidal,deferred_nonfailed_audit,,False
e0bff762c05d,2539b8504012,60|CCCCCCCCN(CCCCCCCC)C(=O)CN(CC(=O)N(CCCCCCCC)CCCCCCCC)CC(=O)N(CCCCCCCC)CCCCCCCC|nitrate,Nd,nitrate,CCCCCCCCN(CCCCCCCC)C(=O)CN(CC(=O)N(CCCCCCCC)CCCCCCCC)CC(=O)N(CCCCCCCC)CCCCCCCC,"[18, 20, 23, 43]","[18, 20, 23, 43]",4,4,9,9,2,1,1,5,compact_amide_core,compact_amide_core_4dent,template_amide_core,tetra_trigonal_pyramidal,deferred_nonfailed_audit,,False
0a5ee26d567d,f375a9b36bc7,59|CCCCCCCCN(CCCCCCCC)C(=O)CN(CC(=O)N(CCCCCCCC)CCCCCCCC)CC(=O)N(CCCCCCCC)CCCCCCCC|nitrate,Pr,nitrate,CCCCCCCCN(CCCCCCCC)C(=O)CN(CC(=O)N(CCCCCCCC)CCCCCCCC)CC(=O)N(CCCCCCCC)CCCCCCCC,"[18, 20, 23, 43]","[18, 20, 23, 43]",4,4,9,9,2,1,1,5,compact_amide_core,compact_amide_core_4dent,template_amide_core,tetra_trigonal_pyramidal,deferred_nonfailed_audit,,False
bef90f96562a,939e0e047928,62|CCCCCCCCN(CCCCCCCC)C(=O)CN(CC(=O)N(CCCCCCCC)CCCCCCCC)CC(=O)N(CCCCCCCC)CCCCCCCC|nitrate,Sm,nitrate,CCCCCCCCN(CCCCCCCC)C(=O)CN(CC(=O)N(CCCCCCCC)CCCCCCCC)CC(=O)N(CCCCCCCC)CCCCCCCC,"[18, 20, 23, 43]","[18, 20, 23, 43]",4,4,9,9,2,1,1,5,compact_amide_core,compact_amide_core_4dent,template_amide_core,tetra_trigonal_pyramidal,deferred_nonfailed_audit,,False
e54b7e0eebc9,5fc596d3f7be,65|CCCCCCCCN(CCCCCCCC)C(=O)CN(CC(=O)N(CCCCCCCC)CCCCCCCC)CC(=O)N(CCCCCCCC)CCCCCCCC|nitrate,Tb,nitrate,CCCCCCCCN(CCCCCCCC)C(=O)CN(CC(=O)N(CCCCCCCC)CCCCCCCC)CC(=O)N(CCCCCCCC)CCCCCCCC,"[18, 20, 23, 43]","[18, 20, 23, 43]",4,4,8,8,2,1,0,4,compact_amide_core,compact_amide_core_4dent,template_amide_core,tetra_trigonal_pyramidal,deferred_nonfailed_audit,,False
7dc84a0bd047,8d508ed967f2,69|CCCCCCCCN(CCCCCCCC)C(=O)CN(CC(=O)N(CCCCCCCC)CCCCCCCC)CC(=O)N(CCCCCCCC)CCCCCCCC|nitrate,Tm,nitrate,CCCCCCCCN(CCCCCCCC)C(=O)CN(CC(=O)N(CCCCCCCC)CCCCCCCC)CC(=O)N(CCCCCCCC)CCCCCCCC,"[18, 20, 23, 43]","[18, 20, 23, 43]",4,4,8,8,2,1,0,4,compact_amide_core,compact_amide_core_4dent,template_amide_core,tetra_trigonal_pyramidal,deferred_nonfailed_audit,,False
3927fc1f583b,491f48c27404,70|CCCCCCCCN(CCCCCCCC)C(=O)CN(CC(=O)N(CCCCCCCC)CCCCCCCC)CC(=O)N(CCCCCCCC)CCCCCCCC|nitrate,Yb,nitrate,CCCCCCCCN(CCCCCCCC)C(=O)CN(CC(=O)N(CCCCCCCC)CCCCCCCC)CC(=O)N(CCCCCCCC)CCCCCCCC,"[18, 20, 23, 43]","[18, 20, 23, 43]",4,4,8,8,2,1,0,4,compact_amide_core,compact_amide_core_4dent,template_amide_core,tetra_trigonal_pyramidal,deferred_nonfailed_audit,,False
a23b9ed3c843,25b4faa16684,63|CCCCCCCCN(CCCCCCCC)C(=O)CN(CC(=O)N(CCCCCCCC)CCCCCCCC)CC(=O)N(CCCCCCCC)CCCCCCCC|water,Eu,water,CCCCCCCCN(CCCCCCCC)C(=O)CN(CC(=O)N(CCCCCCCC)CCCCCCCC)CC(=O)N(CCCCCCCC)CCCCCCCC,"[18, 20, 23, 43]","[18, 20, 23, 43]",4,4,9,9,2,1,1,5,compact_amide_core,compact_amide_core_4dent,template_amide_core,tetra_trigonal_pyramidal,deferred_nonfailed_audit,,False
45970656f998,d6de8416b63b,63|CCCCCCCCN(CCCCCCCC)C(=S)c1ccc(C(=S)N(CCCCCCCC)CCCCCCCC)s1|nitrate,Eu,nitrate,CCCCCCCCN(CCCCCCCC)C(=S)c1ccc(C(=S)N(CCCCCCCC)CCCCCCCC)s1,"[8, 18, 24, 25, 42]","[18, 24, 42]",5,3,9,9,1,3,4,0,graph_pocket,filtered_donor_pocket_3dent,template_other,tri_mer_bent,deferred_nonfailed_audit,,False
a3b3468ffd90,5909f230ce0f,63|CCCCCCCCN(CCCCCCCC)C(=O)c1ccc2ccc3ccc(C(=O)N(CCCCCCCC)CCCCCCCC)nc3c2n1|water,Eu,water,CCCCCCCCN(CCCCCCCC)C(=O)c1ccc2ccc3ccc(C(=O)N(CCCCCCCC)CCCCCCCC)nc3c2n1,"[18, 30, 48, 51]","[18, 30, 48, 51]",4,4,9,9,2,1,1,5,graph_pocket,filtered_donor_pocket_4dent,template_other,tetra_planar_bent,deferred_nonfailed_audit,,False
797cf8bfb668,6cb907f910e3,63|CCCCCCCCN(CCCCCCCC)C(=O)c1ccc2ccc3ccc(C(=O)N(CCCCCCCC)CCCCCCCC)nc3c2n1|nitrate,Eu,nitrate,CCCCCCCCN(CCCCCCCC)C(=O)c1ccc2ccc3ccc(C(=O)N(CCCCCCCC)CCCCCCCC)nc3c2n1,"[18, 30, 48, 51]","[18, 30, 48, 51]",4,4,9,9,2,1,1,5,graph_pocket,filtered_donor_pocket_4dent,template_other,tetra_planar_bent,deferred_nonfailed_audit,,False
68c904700053,3ead850b1035,63|CCCCCCCCN(CCCCCCCC)C(=S)c1ccc2ccc3ccc(C(=S)N(CCCCCCCC)CCCCCCCC)nc3c2n1|water,Eu,water,CCCCCCCCN(CCCCCCCC)C(=S)c1ccc2ccc3ccc(C(=S)N(CCCCCCCC)CCCCCCCC)nc3c2n1,"[8, 18, 30, 31, 48, 51]","[18, 30, 48, 51]",6,4,9,9,1,1,3,5,graph_pocket,filtered_donor_pocket_4dent,template_other,tetra_planar_bent,current_still_failed,template_replan,False
501e57106fbd,810d12deae71,63|CCCCCCCCN(CCCCCCCC)C(=S)c1ccc2ccc3ccc(C(=S)N(CCCCCCCC)CCCCCCCC)nc3c2n1|nitrate,Eu,nitrate,CCCCCCCCN(CCCCCCCC)C(=S)c1ccc2ccc3ccc(C(=S)N(CCCCCCCC)CCCCCCCC)nc3c2n1,"[8, 18, 30, 31, 48, 51]","[18, 30, 48, 51]",6,4,9,9,1,1,3,5,graph_pocket,filtered_donor_pocket_4dent,template_other,tetra_planar_bent,current_still_failed,template_replan,False
b2e4636b1074,e2193c73b555,67|CCCCCCCCN(CCCCCCCC)C(=O)c1ccc2ccc3ccc(C(=O)N(CCCCCCCC)CCCCCCCC)nc3c2n1|nitrate,Ho,nitrate,CCCCCCCCN(CCCCCCCC)C(=O)c1ccc2ccc3ccc(C(=O)N(CCCCCCCC)CCCCCCCC)nc3c2n1,"[18, 30, 48, 51]","[18, 30, 48, 51]",4,4,8,8,2,1,0,4,graph_pocket,filtered_donor_pocket_4dent,template_other,tetra_planar_bent,deferred_nonfailed_audit,,False
76e2ec6f2f0b,d8c674700df0,66|CCCCCCCCN(CCCCCCCC)C(=O)c1ccc2ccc3ccc(C(=O)N(CCCCCCCC)CCCCCCCC)nc3c2n1|nitrate,Dy,nitrate,CCCCCCCCN(CCCCCCCC)C(=O)c1ccc2ccc3ccc(C(=O)N(CCCCCCCC)CCCCCCCC)nc3c2n1,"[18, 30, 48, 51]","[18, 30, 48, 51]",4,4,8,8,2,1,0,4,graph_pocket,filtered_donor_pocket_4dent,template_other,tetra_planar_bent,deferred_nonfailed_audit,,False
6fcf4b2f3837,199f066f9502,65|CCCCCCCCN(CCCCCCCC)C(=O)c1ccc2ccc3ccc(C(=O)N(CCCCCCCC)CCCCCCCC)nc3c2n1|nitrate,Tb,nitrate,CCCCCCCCN(CCCCCCCC)C(=O)c1ccc2ccc3ccc(C(=O)N(CCCCCCCC)CCCCCCCC)nc3c2n1,"[18, 30, 48, 51]","[18, 30, 48, 51]",4,4,8,8,2,1,0,4,graph_pocket,filtered_donor_pocket_4dent,template_other,tetra_planar_bent,deferred_nonfailed_audit,,False
53b0f14d2de0,52c98d14b615,59|CCCCCCCCN(CCCCCCCC)C(=O)c1ccc2ccc3ccc(C(=O)N(CCCCCCCC)CCCCCCCC)nc3c2n1|nitrate,Pr,nitrate,CCCCCCCCN(CCCCCCCC)C(=O)c1ccc2ccc3ccc(C(=O)N(CCCCCCCC)CCCCCCCC)nc3c2n1,"[18, 30, 48, 51]","[18, 30, 48, 51]",4,4,9,9,2,1,1,5,graph_pocket,filtered_donor_pocket_4dent,template_other,tetra_planar_bent,deferred_nonfailed_audit,,False
cae25950ae7e,34f9b77b467c,57|CCCCCCCCN(CCCCCCCC)C(=O)c1ccc2ccc3ccc(C(=O)N(CCCCCCCC)CCCCCCCC)nc3c2n1|nitrate,La,nitrate,CCCCCCCCN(CCCCCCCC)C(=O)c1ccc2ccc3ccc(C(=O)N(CCCCCCCC)CCCCCCCC)nc3c2n1,"[18, 30, 48, 51]","[18, 30, 48, 51]",4,4,9,9,2,1,1,5,graph_pocket,filtered_donor_pocket_4dent,template_other,tetra_planar_bent,deferred_nonfailed_audit,,False
f5f08a9e7494,6813410d518a,68|CCCCCCCCN(CCCCCCCC)C(=O)c1ccc2ccc3ccc(C(=O)N(CCCCCCCC)CCCCCCCC)nc3c2n1|nitrate,Er,nitrate,CCCCCCCCN(CCCCCCCC)C(=O)c1ccc2ccc3ccc(C(=O)N(CCCCCCCC)CCCCCCCC)nc3c2n1,"[18, 30, 48, 51]","[18, 30, 48, 51]",4,4,8,8,2,1,0,4,graph_pocket,filtered_donor_pocket_4dent,template_other,tetra_planar_bent,deferred_nonfailed_audit,,False
a793bef2526f,a97016bd49e8,70|CCCCCCCCN(CCCCCCCC)C(=O)c1ccc2ccc3ccc(C(=O)N(CCCCCCCC)CCCCCCCC)nc3c2n1|nitrate,Yb,nitrate,CCCCCCCCN(CCCCCCCC)C(=O)c1ccc2ccc3ccc(C(=O)N(CCCCCCCC)CCCCCCCC)nc3c2n1,"[18, 30, 48, 51]","[18, 30, 48, 51]",4,4,8,8,2,1,0,4,graph_pocket,filtered_donor_pocket_4dent,template_other,tetra_planar_bent,deferred_nonfailed_audit,,False
d8f03e96fe54,462699230238,65|CCCCCCCCN(CCCCCCCC)C(=O)c1ccc2ccc3ccc(C(=O)N(CCCCCCCC)CCCCCCCC)nc3c2n1|water,Tb,water,CCCCCCCCN(CCCCCCCC)C(=O)c1ccc2ccc3ccc(C(=O)N(CCCCCCCC)CCCCCCCC)nc3c2n1,"[18, 30, 48, 51]","[18, 30, 48, 51]",4,4,8,8,2,1,0,4,graph_pocket,filtered_donor_pocket_4dent,template_other,tetra_planar_bent,deferred_nonfailed_audit,,False
59820f9615bf,561d2168432d,57|CCCCCCCCN(CCCCCCCC)C(=O)c1ccc2ccc3ccc(C(=O)N(CCCCCCCC)CCCCCCCC)nc3c2n1|water,La,water,CCCCCCCCN(CCCCCCCC)C(=O)c1ccc2ccc3ccc(C(=O)N(CCCCCCCC)CCCCCCCC)nc3c2n1,"[18, 30, 48, 51]","[18, 30, 48, 51]",4,4,9,9,2,1,1,5,graph_pocket,filtered_donor_pocket_4dent,template_other,tetra_planar_bent,deferred_nonfailed_audit,,False
9517759666e7,07f8d5c50e5c,64|CCCCCCCCN(CCCCCCCC)C(=O)c1ccc2ccc3ccc(C(=O)N(CCCCCCCC)CCCCCCCC)nc3c2n1|water,Gd,water,CCCCCCCCN(CCCCCCCC)C(=O)c1ccc2ccc3ccc(C(=O)N(CCCCCCCC)CCCCCCCC)nc3c2n1,"[18, 30, 48, 51]","[18, 30, 48, 51]",4,4,9,9,2,1,1,5,graph_pocket,filtered_donor_pocket_4dent,template_other,tetra_planar_bent,deferred_nonfailed_audit,,False
f8f16b27f64d,00c96365c680,58|CCCCCCCCN(CCCCCCCC)C(=O)c1ccc2ccc3ccc(C(=O)N(CCCCCCCC)CCCCCCCC)nc3c2n1|nitrate,Ce,nitrate,CCCCCCCCN(CCCCCCCC)C(=O)c1ccc2ccc3ccc(C(=O)N(CCCCCCCC)CCCCCCCC)nc3c2n1,"[18, 30, 48, 51]","[18, 30, 48, 51]",4,4,9,9,2,1,1,5,graph_pocket,filtered_donor_pocket_4dent,template_other,tetra_planar_bent,deferred_nonfailed_audit,,False
f195cf428463,66b9498ab060,71|CCCCCCCCN(CCCCCCCC)C(=O)c1ccc2ccc3ccc(C(=O)N(CCCCCCCC)CCCCCCCC)nc3c2n1|water,Lu,water,CCCCCCCCN(CCCCCCCC)C(=O)c1ccc2ccc3ccc(C(=O)N(CCCCCCCC)CCCCCCCC)nc3c2n1,"[18, 30, 48, 51]","[18, 30, 48, 51]",4,4,8,8,2,1,0,4,graph_pocket,filtered_donor_pocket_4dent,template_other,tetra_planar_bent,deferred_nonfailed_audit,,False
10b161466831,a8acf2b3f8a0,70|CCCCCCCCN(CCCCCCCC)C(=O)c1ccc2ccc3ccc(C(=O)N(CCCCCCCC)CCCCCCCC)nc3c2n1|water,Yb,water,CCCCCCCCN(CCCCCCCC)C(=O)c1ccc2ccc3ccc(C(=O)N(CCCCCCCC)CCCCCCCC)nc3c2n1,"[18, 30, 48, 51]","[18, 30, 48, 51]",4,4,8,8,2,1,0,4,graph_pocket,filtered_donor_pocket_4dent,template_other,tetra_planar_bent,deferred_nonfailed_audit,,False
3cd5bc4527c0,31292343a8fe,69|CCCCCCCCN(CCCCCCCC)C(=O)c1ccc2ccc3ccc(C(=O)N(CCCCCCCC)CCCCCCCC)nc3c2n1|water,Tm,water,CCCCCCCCN(CCCCCCCC)C(=O)c1ccc2ccc3ccc(C(=O)N(CCCCCCCC)CCCCCCCC)nc3c2n1,"[18, 30, 48, 51]","[18, 30, 48, 51]",4,4,8,8,2,1,0,4,graph_pocket,filtered_donor_pocket_4dent,template_other,tetra_planar_bent,deferred_nonfailed_audit,,False
0a2e9bb2e54c,0ff041389487,71|CCCCCCCCN(CCCCCCCC)C(=O)c1ccc2ccc3ccc(C(=O)N(CCCCCCCC)CCCCCCCC)nc3c2n1|nitrate,Lu,nitrate,CCCCCCCCN(CCCCCCCC)C(=O)c1ccc2ccc3ccc(C(=O)N(CCCCCCCC)CCCCCCCC)nc3c2n1,"[18, 30, 48, 51]","[18, 30, 48, 51]",4,4,8,8,2,1,0,4,graph_pocket,filtered_donor_pocket_4dent,template_other,tetra_planar_bent,deferred_nonfailed_audit,,False
3b23537feca7,60913c82d7c0,68|CCCCCCCCN(CCCCCCCC)C(=O)c1ccc2ccc3ccc(C(=O)N(CCCCCCCC)CCCCCCCC)nc3c2n1|water,Er,water,CCCCCCCCN(CCCCCCCC)C(=O)c1ccc2ccc3ccc(C(=O)N(CCCCCCCC)CCCCCCCC)nc3c2n1,"[18, 30, 48, 51]","[18, 30, 48, 51]",4,4,8,8,2,1,0,4,graph_pocket,filtered_donor_pocket_4dent,template_other,tetra_planar_bent,deferred_nonfailed_audit,,False
49191ed2a440,4929042da2b4,66|CCCCCCCCN(CCCCCCCC)C(=O)c1ccc2ccc3ccc(C(=O)N(CCCCCCCC)CCCCCCCC)nc3c2n1|water,Dy,water,CCCCCCCCN(CCCCCCCC)C(=O)c1ccc2ccc3ccc(C(=O)N(CCCCCCCC)CCCCCCCC)nc3c2n1,"[18, 30, 48, 51]","[18, 30, 48, 51]",4,4,8,8,2,1,0,4,graph_pocket,filtered_donor_pocket_4dent,template_other,tetra_planar_bent,deferred_nonfailed_audit,,False
490f1add9e55,172eb20341ab,62|CCCCCCCCN(CCCCCCCC)C(=O)c1ccc2ccc3ccc(C(=O)N(CCCCCCCC)CCCCCCCC)nc3c2n1|water,Sm,water,CCCCCCCCN(CCCCCCCC)C(=O)c1ccc2ccc3ccc(C(=O)N(CCCCCCCC)CCCCCCCC)nc3c2n1,"[18, 30, 48, 51]","[18, 30, 48, 51]",4,4,9,9,2,1,1,5,graph_pocket,filtered_donor_pocket_4dent,template_other,tetra_planar_bent,deferred_nonfailed_audit,,False
2a85606c4a7e,3a4e0cff54d2,60|CCCCCCCCN(CCCCCCCC)C(=O)c1ccc2ccc3ccc(C(=O)N(CCCCCCCC)CCCCCCCC)nc3c2n1|water,Nd,water,CCCCCCCCN(CCCCCCCC)C(=O)c1ccc2ccc3ccc(C(=O)N(CCCCCCCC)CCCCCCCC)nc3c2n1,"[18, 30, 48, 51]","[18, 30, 48, 51]",4,4,9,9,2,1,1,5,graph_pocket,filtered_donor_pocket_4dent,template_other,tetra_planar_bent,deferred_nonfailed_audit,,False
c30d549b27cf,824d835c63ca,59|CCCCCCCCN(CCCCCCCC)C(=O)c1ccc2ccc3ccc(C(=O)N(CCCCCCCC)CCCCCCCC)nc3c2n1|water,Pr,water,CCCCCCCCN(CCCCCCCC)C(=O)c1ccc2ccc3ccc(C(=O)N(CCCCCCCC)CCCCCCCC)nc3c2n1,"[18, 30, 48, 51]","[18, 30, 48, 51]",4,4,9,9,2,1,1,5,graph_pocket,filtered_donor_pocket_4dent,template_other,tetra_planar_bent,current_still_failed,template_replan,False
2cd2f8a48ec8,776adb7480c1,58|CCCCCCCCN(CCCCCCCC)C(=O)c1ccc2ccc3ccc(C(=O)N(CCCCCCCC)CCCCCCCC)nc3c2n1|water,Ce,water,CCCCCCCCN(CCCCCCCC)C(=O)c1ccc2ccc3ccc(C(=O)N(CCCCCCCC)CCCCCCCC)nc3c2n1,"[18, 30, 48, 51]","[18, 30, 48, 51]",4,4,9,9,2,1,1,5,graph_pocket,filtered_donor_pocket_4dent,template_other,tetra_planar_bent,deferred_nonfailed_audit,,False
e1552636ab3d,80a45d71059c,67|CCCCCCCCN(CCCCCCCC)C(=O)c1ccc2ccc3ccc(C(=O)N(CCCCCCCC)CCCCCCCC)nc3c2n1|water,Ho,water,CCCCCCCCN(CCCCCCCC)C(=O)c1ccc2ccc3ccc(C(=O)N(CCCCCCCC)CCCCCCCC)nc3c2n1,"[18, 30, 48, 51]","[18, 30, 48, 51]",4,4,8,8,2,1,0,4,graph_pocket,filtered_donor_pocket_4dent,template_other,tetra_planar_bent,deferred_nonfailed_audit,,False
72cbb52679c0,09a6e5d589b9,66|CCCCCCCCN(C)C(=O)C(CCOCCCCCC)C(=O)N(C)CCCCCCCC|nitrate,Dy,nitrate,CCCCCCCCN(C)C(=O)C(CCOCCCCCC)C(=O)N(C)CCCCCCCC,"[11, 15, 23]","[11, 23]",3,2,8,8,2,4,2,0,compact_amide_core,compact_amide_core_2dent,template_amide_core,bi_cis_chelating,deferred_nonfailed_audit,,False
35fb62fe84b7,207b2749d0e1,60|CCCCCCCCN(C)C(=O)C(CCOCCCCCC)C(=O)N(C)CCCCCCCC|nitrate,Nd,nitrate,CCCCCCCCN(C)C(=O)C(CCOCCCCCC)C(=O)N(C)CCCCCCCC,"[11, 15, 23]","[11, 23]",3,2,9,9,3,4,0,1,compact_amide_core,compact_amide_core_2dent,template_amide_core,bi_cis_chelating,deferred_nonfailed_audit,,False
f8e1f196a8a6,de9b384cfaad,57|CCCCCCCCN(C)C(=O)C(CCOCCCCCC)C(=O)N(C)CCCCCCCC|nitrate,La,nitrate,CCCCCCCCN(C)C(=O)C(CCOCCCCCC)C(=O)N(C)CCCCCCCC,"[11, 15, 23]","[11, 23]",3,2,9,9,3,4,0,1,compact_amide_core,compact_amide_core_2dent,template_amide_core,bi_cis_chelating,deferred_nonfailed_audit,,False
432d228e95b0,d1a7095da3a0,58|CCCCCCCCN(C)C(=O)C(CCOCCCCCC)C(=O)N(C)CCCCCCCC|nitrate,Ce,nitrate,CCCCCCCCN(C)C(=O)C(CCOCCCCCC)C(=O)N(C)CCCCCCCC,"[11, 15, 23]","[11, 23]",3,2,9,9,3,4,0,1,compact_amide_core,compact_amide_core_2dent,template_amide_core,bi_cis_chelating,deferred_nonfailed_audit,,False
a9a7588bfc02,e479404a080b,59|CCCCCCCCN(C)C(=O)C(CCOCCCCCC)C(=O)N(C)CCCCCCCC|nitrate,Pr,nitrate,CCCCCCCCN(C)C(=O)C(CCOCCCCCC)C(=O)N(C)CCCCCCCC,"[11, 15, 23]","[11, 23]",3,2,9,9,3,4,0,1,compact_amide_core,compact_amide_core_2dent,template_amide_core,bi_cis_chelating,current_still_failed,template_replan,False
0b18d18633b1,607ce902df0b,62|CCCCCCCCN(C)C(=O)C(CCOCCCCCC)C(=O)N(C)CCCCCCCC|nitrate,Sm,nitrate,CCCCCCCCN(C)C(=O)C(CCOCCCCCC)C(=O)N(C)CCCCCCCC,"[11, 15, 23]","[11, 23]",3,2,9,9,3,4,0,1,compact_amide_core,compact_amide_core_2dent,template_amide_core,bi_cis_chelating,deferred_nonfailed_audit,,False
fb46283268e8,03b447c331ab,63|CCCCCCCCN(C)C(=O)C(CCOCCCCCC)C(=O)N(C)CCCCCCCC|nitrate,Eu,nitrate,CCCCCCCCN(C)C(=O)C(CCOCCCCCC)C(=O)N(C)CCCCCCCC,"[11, 15, 23]","[11, 23]",3,2,9,9,3,4,0,1,compact_amide_core,compact_amide_core_2dent,template_amide_core,bi_cis_chelating,current_still_failed,template_replan,False
ab223aba5c2d,a1f839dd4e56,64|CCCCCCCCN(C)C(=O)C(CCOCCCCCC)C(=O)N(C)CCCCCCCC|nitrate,Gd,nitrate,CCCCCCCCN(C)C(=O)C(CCOCCCCCC)C(=O)N(C)CCCCCCCC,"[11, 15, 23]","[11, 23]",3,2,9,9,3,4,0,1,compact_amide_core,compact_amide_core_2dent,template_amide_core,bi_cis_chelating,deferred_nonfailed_audit,,False
2cc775446b54,1d994a514c7a,65|CCCCCCCCN(C)C(=O)C(CCOCCCCCC)C(=O)N(C)CCCCCCCC|nitrate,Tb,nitrate,CCCCCCCCN(C)C(=O)C(CCOCCCCCC)C(=O)N(C)CCCCCCCC,"[11, 15, 23]","[11, 23]",3,2,8,8,2,4,2,0,compact_amide_core,compact_amide_core_2dent,template_amide_core,bi_cis_chelating,deferred_nonfailed_audit,,False
de567519c7d9,0e86b7c593a9,67|CCCCCCCCN(C)C(=O)C(CCOCCCCCC)C(=O)N(C)CCCCCCCC|nitrate,Ho,nitrate,CCCCCCCCN(C)C(=O)C(CCOCCCCCC)C(=O)N(C)CCCCCCCC,"[11, 15, 23]","[11, 23]",3,2,8,8,2,4,2,0,compact_amide_core,compact_amide_core_2dent,template_amide_core,bi_cis_chelating,deferred_nonfailed_audit,,False
f8d2de87160c,72927b4e4ccd,68|CCCCCCCCN(C)C(=O)C(CCOCCCCCC)C(=O)N(C)CCCCCCCC|nitrate,Er,nitrate,CCCCCCCCN(C)C(=O)C(CCOCCCCCC)C(=O)N(C)CCCCCCCC,"[11, 15, 23]","[11, 23]",3,2,8,8,2,4,2,0,compact_amide_core,compact_amide_core_2dent,template_amide_core,bi_cis_chelating,deferred_nonfailed_audit,,False
b41c48dbd129,c9cdc4730490,69|CCCCCCCCN(C)C(=O)C(CCOCCCCCC)C(=O)N(C)CCCCCCCC|nitrate,Tm,nitrate,CCCCCCCCN(C)C(=O)C(CCOCCCCCC)C(=O)N(C)CCCCCCCC,"[11, 15, 23]","[11, 23]",3,2,8,8,2,4,2,0,compact_amide_core,compact_amide_core_2dent,template_amide_core,bi_cis_chelating,deferred_nonfailed_audit,,False
9f58c2bc4257,8508588017d9,70|CCCCCCCCN(C)C(=O)C(CCOCCCCCC)C(=O)N(C)CCCCCCCC|nitrate,Yb,nitrate,CCCCCCCCN(C)C(=O)C(CCOCCCCCC)C(=O)N(C)CCCCCCCC,"[11, 15, 23]","[11, 23]",3,2,8,8,2,4,2,0,compact_amide_core,compact_amide_core_2dent,template_amide_core,bi_cis_chelating,deferred_nonfailed_audit,,False
30403ce9c40d,9d543b607318,71|CCCCCCCCN(C)C(=O)C(CCOCCCCCC)C(=O)N(C)CCCCCCCC|nitrate,Lu,nitrate,CCCCCCCCN(C)C(=O)C(CCOCCCCCC)C(=O)N(C)CCCCCCCC,"[11, 15, 23]","[11, 23]",3,2,8,8,2,4,2,0,compact_amide_core,compact_amide_core_2dent,template_amide_core,bi_cis_chelating,deferred_nonfailed_audit,,False
932ef4e2c665,2b190032c56e,66|O=C(O)CN(CCO)CCN(CC(=O)O)CC(=O)O|nitrate,Dy,nitrate,O=C(O)CN(CCO)CCN(CC(=O)O)CC(=O)O,"[0, 2, 4, 7, 10, 13, 14, 17]","[0, 4, 7, 10, 13, 17]",8,6,8,8,1,1,0,2,graph_pocket,aminopolycarboxylate_6dent,template_aminopolycarboxylate,hexa_octahedral,current_still_failed,template_replan,False
08ad5b34d70c,f89953d575cc,60|O=C(O)CN(CCO)CCN(CC(=O)O)CC(=O)O|nitrate,Nd,nitrate,O=C(O)CN(CCO)CCN(CC(=O)O)CC(=O)O,"[0, 2, 4, 7, 10, 13, 14, 17]","[0, 4, 7, 10, 13, 17]",8,6,9,9,1,1,1,3,graph_pocket,aminopolycarboxylate_6dent,template_aminopolycarboxylate,hexa_octahedral,current_still_failed,template_replan,False
98f86a1f1a95,a393be50ce40,64|O=C(O)CN(CC(=O)O)C1CCCCC1N(CC(=O)O)CC(=O)O|nitrate,Gd,nitrate,O=C(O)CN(CC(=O)O)C1CCCCC1N(CC(=O)O)CC(=O)O,"[0, 2, 4, 7, 8, 15, 18, 19]","[0, 4, 7, 15, 18, 22]",8,6,9,9,1,1,1,3,graph_pocket,aminopolycarboxylate_6dent,template_aminopolycarboxylate,hexa_octahedral,current_still_failed,template_replan,False
5eb61b1dbb69,6f7d1f3ea076,66|O=C(O)CN(CC(=O)O)C1CCCCC1N(CC(=O)O)CC(=O)O|nitrate,Dy,nitrate,O=C(O)CN(CC(=O)O)C1CCCCC1N(CC(=O)O)CC(=O)O,"[0, 2, 4, 7, 8, 15, 18, 19]","[0, 4, 7, 15, 18, 22]",8,6,8,8,1,1,0,2,graph_pocket,aminopolycarboxylate_6dent,template_aminopolycarboxylate,hexa_octahedral,deferred_nonfailed_audit,,False
95358dc8e1c2,644790613fc3,63|O=C(O)CN(CC(=O)O)C1CCCCC1N(CC(=O)O)CC(=O)O|nitrate,Eu,nitrate,O=C(O)CN(CC(=O)O)C1CCCCC1N(CC(=O)O)CC(=O)O,"[0, 2, 4, 7, 8, 15, 18, 19]","[0, 4, 7, 15, 18, 22]",8,6,9,9,1,1,1,3,graph_pocket,aminopolycarboxylate_6dent,template_aminopolycarboxylate,hexa_octahedral,current_still_failed,template_replan,False
f495ab846c8b,06b1333ad6ba,62|O=C(O)CN(CC(=O)O)C1CCCCC1N(CC(=O)O)CC(=O)O|nitrate,Sm,nitrate,O=C(O)CN(CC(=O)O)C1CCCCC1N(CC(=O)O)CC(=O)O,"[0, 2, 4, 7, 8, 15, 18, 19]","[0, 4, 7, 15, 18, 22]",8,6,9,9,1,1,1,3,graph_pocket,aminopolycarboxylate_6dent,template_aminopolycarboxylate,hexa_octahedral,current_still_failed,template_replan,False
ac16f7a06741,18ebc2904075,60|O=C(O)CN(CC(=O)O)C1CCCCC1N(CC(=O)O)CC(=O)O|nitrate,Nd,nitrate,O=C(O)CN(CC(=O)O)C1CCCCC1N(CC(=O)O)CC(=O)O,"[0, 2, 4, 7, 8, 15, 18, 19]","[0, 4, 7, 15, 18, 22]",8,6,9,9,1,1,1,3,graph_pocket,aminopolycarboxylate_6dent,template_aminopolycarboxylate,hexa_octahedral,current_still_failed,template_replan,False
6774552a35e9,1dffbb101d5b,58|O=C(O)CN(CC(=O)O)C1CCCCC1N(CC(=O)O)CC(=O)O|nitrate,Ce,nitrate,O=C(O)CN(CC(=O)O)C1CCCCC1N(CC(=O)O)CC(=O)O,"[0, 2, 4, 7, 8, 15, 18, 19]","[0, 4, 7, 15, 18, 22]",8,6,9,9,1,1,1,3,graph_pocket,aminopolycarboxylate_6dent,template_aminopolycarboxylate,hexa_octahedral,current_still_failed,template_replan,False
448f0760f6e6,7a5f301c3304,57|O=C(O)CN(CC(=O)O)C1CCCCC1N(CC(=O)O)CC(=O)O|nitrate,La,nitrate,O=C(O)CN(CC(=O)O)C1CCCCC1N(CC(=O)O)CC(=O)O,"[0, 2, 4, 7, 8, 15, 18, 19]","[0, 4, 7, 15, 18, 22]",8,6,9,9,1,1,1,3,graph_pocket,aminopolycarboxylate_6dent,template_aminopolycarboxylate,hexa_octahedral,current_still_failed,template_replan,False
1bd312352a39,e776bfd65d62,59|O=C(O)CN(CC(=O)O)C1CCCCC1N(CC(=O)O)CC(=O)O|nitrate,Pr,nitrate,O=C(O)CN(CC(=O)O)C1CCCCC1N(CC(=O)O)CC(=O)O,"[0, 2, 4, 7, 8, 15, 18, 19]","[0, 4, 7, 15, 18, 22]",8,6,9,9,1,1,1,3,graph_pocket,aminopolycarboxylate_6dent,template_aminopolycarboxylate,hexa_octahedral,current_still_failed,template_replan,False
28e521f57d3b,c83f2b866c76,63|O=C(O)CN(CCO)CCN(CC(=O)O)CC(=O)O|nitrate,Eu,nitrate,O=C(O)CN(CCO)CCN(CC(=O)O)CC(=O)O,"[0, 2, 4, 7, 10, 13, 14, 17]","[0, 4, 7, 10, 13, 17]",8,6,9,9,1,1,1,3,graph_pocket,aminopolycarboxylate_6dent,template_aminopolycarboxylate,hexa_octahedral,current_still_failed,template_replan,False
b236b6f60311,e6b9328de18f,62|O=C(O)CN(CCO)CCN(CC(=O)O)CC(=O)O|nitrate,Sm,nitrate,O=C(O)CN(CCO)CCN(CC(=O)O)CC(=O)O,"[0, 2, 4, 7, 10, 13, 14, 17]","[0, 4, 7, 10, 13, 17]",8,6,9,9,1,1,1,3,graph_pocket,aminopolycarboxylate_6dent,template_aminopolycarboxylate,hexa_octahedral,deferred_nonfailed_audit,,False
ee16c94c1ba9,08e984832865,59|O=C(O)CN(CCO)CCN(CC(=O)O)CC(=O)O|nitrate,Pr,nitrate,O=C(O)CN(CCO)CCN(CC(=O)O)CC(=O)O,"[0, 2, 4, 7, 10, 13, 14, 17]","[0, 4, 7, 10, 13, 17]",8,6,9,9,1,1,1,3,graph_pocket,aminopolycarboxylate_6dent,template_aminopolycarboxylate,hexa_octahedral,current_still_failed,template_replan,False
1deb3f946bab,7f67dd10b8c9,58|O=C(O)CN(CCO)CCN(CC(=O)O)CC(=O)O|nitrate,Ce,nitrate,O=C(O)CN(CCO)CCN(CC(=O)O)CC(=O)O,"[0, 2, 4, 7, 10, 13, 14, 17]","[0, 4, 7, 10, 13, 17]",8,6,9,9,1,1,1,3,graph_pocket,aminopolycarboxylate_6dent,template_aminopolycarboxylate,hexa_octahedral,current_still_failed,template_replan,False
d4d6b8c18118,6a3dfa68892d,57|O=C(O)CN(CCO)CCN(CC(=O)O)CC(=O)O|nitrate,La,nitrate,O=C(O)CN(CCO)CCN(CC(=O)O)CC(=O)O,"[0, 2, 4, 7, 10, 13, 14, 17]","[0, 4, 7, 10, 13, 17]",8,6,9,9,1,1,1,3,graph_pocket,aminopolycarboxylate_6dent,template_aminopolycarboxylate,hexa_octahedral,current_still_failed,template_replan,False
797b56c554e7,16266565b918,64|O=C(O)CN(CCO)CCN(CC(=O)O)CC(=O)O|nitrate,Gd,nitrate,O=C(O)CN(CCO)CCN(CC(=O)O)CC(=O)O,"[0, 2, 4, 7, 10, 13, 14, 17]","[0, 4, 7, 10, 13, 17]",8,6,9,9,1,1,1,3,graph_pocket,aminopolycarboxylate_6dent,template_aminopolycarboxylate,hexa_octahedral,current_still_failed,template_replan,False
30f5b0a8fc33,559f8b496798,57|CCCCCCOCCC(C(=O)N(C)CCCC)C(=O)N(C)CCCC|nitrate,La,nitrate,CCCCCCOCCC(C(=O)N(C)CCCC)C(=O)N(C)CCCC,"[6, 11, 19]","[11, 19]",3,2,9,9,3,4,0,1,compact_amide_core,compact_amide_core_2dent,template_amide_core,bi_cis_chelating,deferred_nonfailed_audit,,False
92f7d2015574,2b5cc51cc18b,63|CCCCCCOCCC(C(=O)N(C)CCCC)C(=O)N(C)CCCC|nitrate,Eu,nitrate,CCCCCCOCCC(C(=O)N(C)CCCC)C(=O)N(C)CCCC,"[6, 11, 19]","[11, 19]",3,2,9,9,3,4,0,1,compact_amide_core,compact_amide_core_2dent,template_amide_core,bi_cis_chelating,deferred_nonfailed_audit,,False
c544ee8a251c,0a89389757c0,60|CCCCCCOCCC(C(=O)N(C)CCCC)C(=O)N(C)CCCC|nitrate,Nd,nitrate,CCCCCCOCCC(C(=O)N(C)CCCC)C(=O)N(C)CCCC,"[6, 11, 19]","[11, 19]",3,2,9,9,3,4,0,1,compact_amide_core,compact_amide_core_2dent,template_amide_core,bi_cis_chelating,deferred_nonfailed_audit,,False
a79e7ea6e06f,3613f9313097,68|CC1(C)CCC(C)(C)c2nc(-c3cccc(-c4cccc(-c5nnc6c(n5)C(C)(C)CCC6(C)C)n4)n3)nnc21|nitrate,Er,nitrate,CC1(C)CCC(C)(C)c2nc(-c3cccc(-c4cccc(-c5nnc6c(n5)C(C)(C)CCC6(C)C)n4)n3)nnc21,"[9, 22, 23, 26, 35, 36, 37, 38]","[22, 35, 36, 37]",8,4,8,8,1,1,0,4,polypyridyl_triazine,BTBP_BTPhen_like_N4,template_pincer,tetra_planar_bent,current_still_failed,template_replan,False
b9dbd9b023ab,c5b62f89dd75,65|CC1(C)CCC(C)(C)c2nc(-c3cccc(-c4cccc(-c5nnc6c(n5)C(C)(C)CCC6(C)C)n4)n3)nnc21|nitrate,Tb,nitrate,CC1(C)CCC(C)(C)c2nc(-c3cccc(-c4cccc(-c5nnc6c(n5)C(C)(C)CCC6(C)C)n4)n3)nnc21,"[9, 22, 23, 26, 35, 36, 37, 38]","[22, 35, 36, 37]",8,4,8,8,1,1,0,4,polypyridyl_triazine,BTBP_BTPhen_like_N4,template_pincer,tetra_planar_bent,current_still_failed,template_replan,False
adecfa6ff040,58a409ad735b,71|CC1(C)CCC(C)(C)c2nc(-c3cccc(-c4cccc(-c5nnc6c(n5)C(C)(C)CCC6(C)C)n4)n3)nnc21|nitrate,Lu,nitrate,CC1(C)CCC(C)(C)c2nc(-c3cccc(-c4cccc(-c5nnc6c(n5)C(C)(C)CCC6(C)C)n4)n3)nnc21,"[9, 22, 23, 26, 35, 36, 37, 38]","[22, 35, 36, 37]",8,4,8,8,1,1,0,4,polypyridyl_triazine,BTBP_BTPhen_like_N4,template_pincer,tetra_planar_bent,current_still_failed,template_replan,False
06eed66cb810,6d3e44b6c9fb,70|CC1(C)CCC(C)(C)c2nc(-c3cccc(-c4cccc(-c5nnc6c(n5)C(C)(C)CCC6(C)C)n4)n3)nnc21|nitrate,Yb,nitrate,CC1(C)CCC(C)(C)c2nc(-c3cccc(-c4cccc(-c5nnc6c(n5)C(C)(C)CCC6(C)C)n4)n3)nnc21,"[9, 22, 23, 26, 35, 36, 37, 38]","[22, 35, 36, 37]",8,4,8,8,1,1,0,4,polypyridyl_triazine,BTBP_BTPhen_like_N4,template_pincer,tetra_planar_bent,current_still_failed,template_replan,False
47584ae7b3f1,954cea314d96,69|CC1(C)CCC(C)(C)c2nc(-c3cccc(-c4cccc(-c5nnc6c(n5)C(C)(C)CCC6(C)C)n4)n3)nnc21|nitrate,Tm,nitrate,CC1(C)CCC(C)(C)c2nc(-c3cccc(-c4cccc(-c5nnc6c(n5)C(C)(C)CCC6(C)C)n4)n3)nnc21,"[9, 22, 23, 26, 35, 36, 37, 38]","[22, 35, 36, 37]",8,4,8,8,1,1,0,4,polypyridyl_triazine,BTBP_BTPhen_like_N4,template_pincer,tetra_planar_bent,current_still_failed,template_replan,False
4cb46c21efa5,171464402dab,67|CC1(C)CCC(C)(C)c2nc(-c3cccc(-c4cccc(-c5nnc6c(n5)C(C)(C)CCC6(C)C)n4)n3)nnc21|nitrate,Ho,nitrate,CC1(C)CCC(C)(C)c2nc(-c3cccc(-c4cccc(-c5nnc6c(n5)C(C)(C)CCC6(C)C)n4)n3)nnc21,"[9, 22, 23, 26, 35, 36, 37, 38]","[22, 35, 36, 37]",8,4,8,8,1,1,0,4,polypyridyl_triazine,BTBP_BTPhen_like_N4,template_pincer,tetra_planar_bent,current_still_failed,template_replan,False
4de900a55128,d440dfd680b4,58|CC1(C)CCC(C)(C)c2nc(-c3cccc(-c4cccc(-c5nnc6c(n5)C(C)(C)CCC6(C)C)n4)n3)nnc21|nitrate,Ce,nitrate,CC1(C)CCC(C)(C)c2nc(-c3cccc(-c4cccc(-c5nnc6c(n5)C(C)(C)CCC6(C)C)n4)n3)nnc21,"[9, 22, 23, 26, 35, 36, 37, 38]","[22, 35, 36, 37]",8,4,9,9,1,1,1,5,polypyridyl_triazine,BTBP_BTPhen_like_N4,template_pincer,tetra_planar_bent,current_still_failed,template_replan,False
95a1bbb26c49,12617cf87837,64|CC1(C)CCC(C)(C)c2nc(-c3cccc(-c4cccc(-c5nnc6c(n5)C(C)(C)CCC6(C)C)n4)n3)nnc21|nitrate,Gd,nitrate,CC1(C)CCC(C)(C)c2nc(-c3cccc(-c4cccc(-c5nnc6c(n5)C(C)(C)CCC6(C)C)n4)n3)nnc21,"[9, 22, 23, 26, 35, 36, 37, 38]","[22, 35, 36, 37]",8,4,9,9,1,1,1,5,polypyridyl_triazine,BTBP_BTPhen_like_N4,template_pincer,tetra_planar_bent,current_still_failed,template_replan,False
1fec5a3a3c29,59647d1e3834,63|CC1(C)CCC(C)(C)c2nc(-c3cccc(-c4cccc(-c5nnc6c(n5)C(C)(C)CCC6(C)C)n4)n3)nnc21|nitrate,Eu,nitrate,CC1(C)CCC(C)(C)c2nc(-c3cccc(-c4cccc(-c5nnc6c(n5)C(C)(C)CCC6(C)C)n4)n3)nnc21,"[9, 22, 23, 26, 35, 36, 37, 38]","[22, 35, 36, 37]",8,4,9,9,1,1,1,5,polypyridyl_triazine,BTBP_BTPhen_like_N4,template_pincer,tetra_planar_bent,current_still_failed,template_replan,False
f2ea53fb007e,3c4fdbb73108,62|CC1(C)CCC(C)(C)c2nc(-c3cccc(-c4cccc(-c5nnc6c(n5)C(C)(C)CCC6(C)C)n4)n3)nnc21|nitrate,Sm,nitrate,CC1(C)CCC(C)(C)c2nc(-c3cccc(-c4cccc(-c5nnc6c(n5)C(C)(C)CCC6(C)C)n4)n3)nnc21,"[9, 22, 23, 26, 35, 36, 37, 38]","[22, 35, 36, 37]",8,4,9,9,1,1,1,5,polypyridyl_triazine,BTBP_BTPhen_like_N4,template_pincer,tetra_planar_bent,current_still_failed,template_replan,False
806c58d6243c,3d655ed61f71,60|CC1(C)CCC(C)(C)c2nc(-c3cccc(-c4cccc(-c5nnc6c(n5)C(C)(C)CCC6(C)C)n4)n3)nnc21|nitrate,Nd,nitrate,CC1(C)CCC(C)(C)c2nc(-c3cccc(-c4cccc(-c5nnc6c(n5)C(C)(C)CCC6(C)C)n4)n3)nnc21,"[9, 22, 23, 26, 35, 36, 37, 38]","[22, 35, 36, 37]",8,4,9,9,1,1,1,5,polypyridyl_triazine,BTBP_BTPhen_like_N4,template_pincer,tetra_planar_bent,current_still_failed,template_replan,False
36570cc1ffa3,b0f810f696d4,59|CC1(C)CCC(C)(C)c2nc(-c3cccc(-c4cccc(-c5nnc6c(n5)C(C)(C)CCC6(C)C)n4)n3)nnc21|nitrate,Pr,nitrate,CC1(C)CCC(C)(C)c2nc(-c3cccc(-c4cccc(-c5nnc6c(n5)C(C)(C)CCC6(C)C)n4)n3)nnc21,"[9, 22, 23, 26, 35, 36, 37, 38]","[22, 35, 36, 37]",8,4,9,9,1,1,1,5,polypyridyl_triazine,BTBP_BTPhen_like_N4,template_pincer,tetra_planar_bent,current_still_failed,template_replan,False
7fca7db38c62,39706cc981cc,66|CC1(C)CCC(C)(C)c2nc(-c3cccc(-c4cccc(-c5nnc6c(n5)C(C)(C)CCC6(C)C)n4)n3)nnc21|nitrate,Dy,nitrate,CC1(C)CCC(C)(C)c2nc(-c3cccc(-c4cccc(-c5nnc6c(n5)C(C)(C)CCC6(C)C)n4)n3)nnc21,"[9, 22, 23, 26, 35, 36, 37, 38]","[22, 35, 36, 37]",8,4,8,8,1,1,0,4,polypyridyl_triazine,BTBP_BTPhen_like_N4,template_pincer,tetra_planar_bent,current_still_failed,template_replan,False
fa1405552d8e,bf70a6327be6,57|CC1(C)CCC(C)(C)c2nc(-c3cccc(-c4cccc(-c5nnc6c(n5)C(C)(C)CCC6(C)C)n4)n3)nnc21|nitrate,La,nitrate,CC1(C)CCC(C)(C)c2nc(-c3cccc(-c4cccc(-c5nnc6c(n5)C(C)(C)CCC6(C)C)n4)n3)nnc21,"[9, 22, 23, 26, 35, 36, 37, 38]","[22, 35, 36, 37]",8,4,9,9,1,1,1,5,polypyridyl_triazine,BTBP_BTPhen_like_N4,template_pincer,tetra_planar_bent,current_still_failed,template_replan,False
085249651ebf,45cb72a1e866,63|CCCCN(CCCC)C(=O)c1ccccc1C(=O)O|nitrate,Eu,nitrate,CCCCN(CCCC)C(=O)c1ccccc1C(=O)O,"[10, 18, 19]","[10, 18]",3,2,9,9,3,4,0,1,graph_pocket,filtered_donor_pocket_2dent,template_other,bi_cis_chelating,deferred_nonfailed_audit,,False
c14689bc7575,17c9d8a62b8e,57|CCCCN(CCCC)C(=O)c1ccccc1C(=O)O|nitrate,La,nitrate,CCCCN(CCCC)C(=O)c1ccccc1C(=O)O,"[10, 18, 19]","[10, 18]",3,2,9,9,3,4,0,1,graph_pocket,filtered_donor_pocket_2dent,template_other,bi_cis_chelating,deferred_nonfailed_audit,,False
1d2f8dd1ad95,4ec9e3992813,68|CCCCN(CCCC)C(=O)c1ccccc1C(=O)O|nitrate,Er,nitrate,CCCCN(CCCC)C(=O)c1ccccc1C(=O)O,"[10, 18, 19]","[10, 18]",3,2,8,8,2,4,2,0,graph_pocket,filtered_donor_pocket_2dent,template_other,bi_cis_chelating,deferred_nonfailed_audit,,False
7cee7f336f10,bfb8463109f9,63|CCOP(=O)(OCC)c1ccc2ccc3ccc(P(=O)(OCC)OCC)nc3c2n1|nitrate,Eu,nitrate,CCOP(=O)(OCC)c1ccc2ccc3ccc(P(=O)(OCC)OCC)nc3c2n1,"[2, 4, 5, 19, 20, 23, 26, 29]","[4, 19, 26, 29]",8,4,9,9,1,2,1,1,graph_pocket,phosphoryl_thiophosphoryl_4dent,template_other,tetra_planar_bent,current_still_failed,template_replan,False
b50df1b297d6,b2e4f295637d,63|CCCCC(CC)CN(CC(CC)CCCC)C(=O)CN(CC(=O)N(CC(CC)CCCC)CC(CC)CCCC)CC(=O)N(CC(CC)CCCC)CC(CC)CCCC|water,Eu,water,CCCCC(CC)CN(CC(CC)CCCC)C(=O)CN(CC(=O)N(CC(CC)CCCC)CC(CC)CCCC)CC(=O)N(CC(CC)CCCC)CC(CC)CCCC,"[18, 20, 23, 43]","[18, 20, 23, 43]",4,4,9,9,2,1,1,5,compact_amide_core,compact_amide_core_4dent,template_amide_core,tetra_trigonal_pyramidal,deferred_nonfailed_audit,,False
bf9e03e12455,9d1721b269b7,63|CCCCC(CC)CN(CC(CC)CCCC)C(=O)CN(CC(=O)N(CC(CC)CCCC)CC(CC)CCCC)CC(=O)N(CC(CC)CCCC)CC(CC)CCCC|nitrate,Eu,nitrate,CCCCC(CC)CN(CC(CC)CCCC)C(=O)CN(CC(=O)N(CC(CC)CCCC)CC(CC)CCCC)CC(=O)N(CC(CC)CCCC)CC(CC)CCCC,"[18, 20, 23, 43]","[18, 20, 23, 43]",4,4,9,9,2,1,1,5,compact_amide_core,compact_amide_core_4dent,template_amide_core,tetra_trigonal_pyramidal,deferred_nonfailed_audit,,False
b3acce98c3f1,6a82f39e8bc2,57|CCCCCCCCCCCCN(CCCCCCCCCCCC)C(=O)COCCOCC(=O)N(CCCCCCCCCCCC)CCCCCCCCCCCC|nitrate,La,nitrate,CCCCCCCCCCCCN(CCCCCCCCCCCC)C(=O)COCCOCC(=O)N(CCCCCCCCCCCC)CCCCCCCCCCCC,"[26, 28, 31, 34]","[26, 28, 31, 34]",4,4,9,9,2,1,1,5,graph_pocket,large_rigid_filtered_4dent,template_large_rigid,tetra_planar_bent,deferred_nonfailed_audit,,False
4c832a9d11b3,edba9765e81b,58|CCCCCCCCCCCCN(CCCCCCCCCCCC)C(=O)COCCOCC(=O)N(CCCCCCCCCCCC)CCCCCCCCCCCC|nitrate,Ce,nitrate,CCCCCCCCCCCCN(CCCCCCCCCCCC)C(=O)COCCOCC(=O)N(CCCCCCCCCCCC)CCCCCCCCCCCC,"[26, 28, 31, 34]","[26, 28, 31, 34]",4,4,9,9,2,1,1,5,graph_pocket,large_rigid_filtered_4dent,template_large_rigid,tetra_planar_bent,deferred_nonfailed_audit,,False
383aee8c8ad5,b8af58f41374,59|CCCCCCCCCCCCN(CCCCCCCCCCCC)C(=O)COCCOCC(=O)N(CCCCCCCCCCCC)CCCCCCCCCCCC|nitrate,Pr,nitrate,CCCCCCCCCCCCN(CCCCCCCCCCCC)C(=O)COCCOCC(=O)N(CCCCCCCCCCCC)CCCCCCCCCCCC,"[26, 28, 31, 34]","[26, 28, 31, 34]",4,4,9,9,2,1,1,5,graph_pocket,large_rigid_filtered_4dent,template_large_rigid,tetra_planar_bent,deferred_nonfailed_audit,,False
fbf793f2aa3f,573e17d76d43,60|CCCCCCCCCCCCN(CCCCCCCCCCCC)C(=O)COCCOCC(=O)N(CCCCCCCCCCCC)CCCCCCCCCCCC|nitrate,Nd,nitrate,CCCCCCCCCCCCN(CCCCCCCCCCCC)C(=O)COCCOCC(=O)N(CCCCCCCCCCCC)CCCCCCCCCCCC,"[26, 28, 31, 34]","[26, 28, 31, 34]",4,4,9,9,2,1,1,5,graph_pocket,large_rigid_filtered_4dent,template_large_rigid,tetra_planar_bent,deferred_nonfailed_audit,,False
583ace8b123c,ca2ae316a965,62|CCCCCCCCCCCCN(CCCCCCCCCCCC)C(=O)COCCOCC(=O)N(CCCCCCCCCCCC)CCCCCCCCCCCC|nitrate,Sm,nitrate,CCCCCCCCCCCCN(CCCCCCCCCCCC)C(=O)COCCOCC(=O)N(CCCCCCCCCCCC)CCCCCCCCCCCC,"[26, 28, 31, 34]","[26, 28, 31, 34]",4,4,9,9,2,1,1,5,graph_pocket,large_rigid_filtered_4dent,template_large_rigid,tetra_planar_bent,deferred_nonfailed_audit,,False
6857f8009f97,54522cc78c31,63|CCCCCCCCCCCCN(CCCCCCCCCCCC)C(=O)COCCOCC(=O)N(CCCCCCCCCCCC)CCCCCCCCCCCC|nitrate,Eu,nitrate,CCCCCCCCCCCCN(CCCCCCCCCCCC)C(=O)COCCOCC(=O)N(CCCCCCCCCCCC)CCCCCCCCCCCC,"[26, 28, 31, 34]","[26, 28, 31, 34]",4,4,9,9,2,1,1,5,graph_pocket,large_rigid_filtered_4dent,template_large_rigid,tetra_planar_bent,deferred_nonfailed_audit,,False
89b02e41f264,e883e567681f,64|CCCCCCCCCCCCN(CCCCCCCCCCCC)C(=O)COCCOCC(=O)N(CCCCCCCCCCCC)CCCCCCCCCCCC|nitrate,Gd,nitrate,CCCCCCCCCCCCN(CCCCCCCCCCCC)C(=O)COCCOCC(=O)N(CCCCCCCCCCCC)CCCCCCCCCCCC,"[26, 28, 31, 34]","[26, 28, 31, 34]",4,4,9,9,2,1,1,5,graph_pocket,large_rigid_filtered_4dent,template_large_rigid,tetra_planar_bent,deferred_nonfailed_audit,,False
88156a705de7,f4a10aa9dae2,65|CCCCCCCCCCCCN(CCCCCCCCCCCC)C(=O)COCCOCC(=O)N(CCCCCCCCCCCC)CCCCCCCCCCCC|nitrate,Tb,nitrate,CCCCCCCCCCCCN(CCCCCCCCCCCC)C(=O)COCCOCC(=O)N(CCCCCCCCCCCC)CCCCCCCCCCCC,"[26, 28, 31, 34]","[26, 28, 31, 34]",4,4,8,8,2,1,0,4,graph_pocket,large_rigid_filtered_4dent,template_large_rigid,tetra_planar_bent,deferred_nonfailed_audit,,False
f500c12758c4,ac824a475df5,66|CCCCCCCCCCCCN(CCCCCCCCCCCC)C(=O)COCCOCC(=O)N(CCCCCCCCCCCC)CCCCCCCCCCCC|nitrate,Dy,nitrate,CCCCCCCCCCCCN(CCCCCCCCCCCC)C(=O)COCCOCC(=O)N(CCCCCCCCCCCC)CCCCCCCCCCCC,"[26, 28, 31, 34]","[26, 28, 31, 34]",4,4,8,8,2,1,0,4,graph_pocket,large_rigid_filtered_4dent,template_large_rigid,tetra_planar_bent,deferred_nonfailed_audit,,False
e564b3438f58,721325a0bca9,67|CCCCCCCCCCCCN(CCCCCCCCCCCC)C(=O)COCCOCC(=O)N(CCCCCCCCCCCC)CCCCCCCCCCCC|nitrate,Ho,nitrate,CCCCCCCCCCCCN(CCCCCCCCCCCC)C(=O)COCCOCC(=O)N(CCCCCCCCCCCC)CCCCCCCCCCCC,"[26, 28, 31, 34]","[26, 28, 31, 34]",4,4,8,8,2,1,0,4,graph_pocket,large_rigid_filtered_4dent,template_large_rigid,tetra_planar_bent,deferred_nonfailed_audit,,False
03fee2e60a8c,299c38aa83bd,68|CCCCCCCCCCCCN(CCCCCCCCCCCC)C(=O)COCCOCC(=O)N(CCCCCCCCCCCC)CCCCCCCCCCCC|nitrate,Er,nitrate,CCCCCCCCCCCCN(CCCCCCCCCCCC)C(=O)COCCOCC(=O)N(CCCCCCCCCCCC)CCCCCCCCCCCC,"[26, 28, 31, 34]","[26, 28, 31, 34]",4,4,8,8,2,1,0,4,graph_pocket,large_rigid_filtered_4dent,template_large_rigid,tetra_planar_bent,deferred_nonfailed_audit,,False
4b32aee3750c,9377f9c5e432,69|CCCCCCCCCCCCN(CCCCCCCCCCCC)C(=O)COCCOCC(=O)N(CCCCCCCCCCCC)CCCCCCCCCCCC|nitrate,Tm,nitrate,CCCCCCCCCCCCN(CCCCCCCCCCCC)C(=O)COCCOCC(=O)N(CCCCCCCCCCCC)CCCCCCCCCCCC,"[26, 28, 31, 34]","[26, 28, 31, 34]",4,4,8,8,2,1,0,4,graph_pocket,large_rigid_filtered_4dent,template_large_rigid,tetra_planar_bent,deferred_nonfailed_audit,,False
274a07367e74,19e316d9e8d0,70|CCCCCCCCCCCCN(CCCCCCCCCCCC)C(=O)COCCOCC(=O)N(CCCCCCCCCCCC)CCCCCCCCCCCC|nitrate,Yb,nitrate,CCCCCCCCCCCCN(CCCCCCCCCCCC)C(=O)COCCOCC(=O)N(CCCCCCCCCCCC)CCCCCCCCCCCC,"[26, 28, 31, 34]","[26, 28, 31, 34]",4,4,8,8,2,1,0,4,graph_pocket,large_rigid_filtered_4dent,template_large_rigid,tetra_planar_bent,deferred_nonfailed_audit,,False
24b21e3ba58f,86c96d8c72bc,71|CCCCCCCCCCCCN(CCCCCCCCCCCC)C(=O)COCCOCC(=O)N(CCCCCCCCCCCC)CCCCCCCCCCCC|nitrate,Lu,nitrate,CCCCCCCCCCCCN(CCCCCCCCCCCC)C(=O)COCCOCC(=O)N(CCCCCCCCCCCC)CCCCCCCCCCCC,"[26, 28, 31, 34]","[26, 28, 31, 34]",4,4,8,8,2,1,0,4,graph_pocket,large_rigid_filtered_4dent,template_large_rigid,tetra_planar_bent,deferred_nonfailed_audit,,False
b183716e4fc0,acc758b5f415,57|CCCCCCCCCCCCN(CCCCCCCCCCCC)C(=O)COCCOCC(=O)N(CCCCCCCCCCCC)CCCCCCCCCCCC|water,La,water,CCCCCCCCCCCCN(CCCCCCCCCCCC)C(=O)COCCOCC(=O)N(CCCCCCCCCCCC)CCCCCCCCCCCC,"[26, 28, 31, 34]","[26, 28, 31, 34]",4,4,9,9,2,1,1,5,graph_pocket,large_rigid_filtered_4dent,template_large_rigid,tetra_planar_bent,deferred_nonfailed_audit,,False
e1e2f450e02a,1e1f30afa555,58|CCCCCCCCCCCCN(CCCCCCCCCCCC)C(=O)COCCOCC(=O)N(CCCCCCCCCCCC)CCCCCCCCCCCC|water,Ce,water,CCCCCCCCCCCCN(CCCCCCCCCCCC)C(=O)COCCOCC(=O)N(CCCCCCCCCCCC)CCCCCCCCCCCC,"[26, 28, 31, 34]","[26, 28, 31, 34]",4,4,9,9,2,1,1,5,graph_pocket,large_rigid_filtered_4dent,template_large_rigid,tetra_planar_bent,deferred_nonfailed_audit,,False
854acace1b9b,7654ef784f0b,59|CCCCCCCCCCCCN(CCCCCCCCCCCC)C(=O)COCCOCC(=O)N(CCCCCCCCCCCC)CCCCCCCCCCCC|water,Pr,water,CCCCCCCCCCCCN(CCCCCCCCCCCC)C(=O)COCCOCC(=O)N(CCCCCCCCCCCC)CCCCCCCCCCCC,"[26, 28, 31, 34]","[26, 28, 31, 34]",4,4,9,9,2,1,1,5,graph_pocket,large_rigid_filtered_4dent,template_large_rigid,tetra_planar_bent,deferred_nonfailed_audit,,False
64eab4384a5e,880bcc070ebf,60|CCCCCCCCCCCCN(CCCCCCCCCCCC)C(=O)COCCOCC(=O)N(CCCCCCCCCCCC)CCCCCCCCCCCC|water,Nd,water,CCCCCCCCCCCCN(CCCCCCCCCCCC)C(=O)COCCOCC(=O)N(CCCCCCCCCCCC)CCCCCCCCCCCC,"[26, 28, 31, 34]","[26, 28, 31, 34]",4,4,9,9,2,1,1,5,graph_pocket,large_rigid_filtered_4dent,template_large_rigid,tetra_planar_bent,current_still_failed,template_replan,False
849d9b5c14f1,453f8e870935,62|CCCCCCCCCCCCN(CCCCCCCCCCCC)C(=O)COCCOCC(=O)N(CCCCCCCCCCCC)CCCCCCCCCCCC|water,Sm,water,CCCCCCCCCCCCN(CCCCCCCCCCCC)C(=O)COCCOCC(=O)N(CCCCCCCCCCCC)CCCCCCCCCCCC,"[26, 28, 31, 34]","[26, 28, 31, 34]",4,4,9,9,2,1,1,5,graph_pocket,large_rigid_filtered_4dent,template_large_rigid,tetra_planar_bent,deferred_nonfailed_audit,,False
bd3b6d612c1f,cd9c38af4298,63|CCCCCCCCCCCCN(CCCCCCCCCCCC)C(=O)COCCOCC(=O)N(CCCCCCCCCCCC)CCCCCCCCCCCC|water,Eu,water,CCCCCCCCCCCCN(CCCCCCCCCCCC)C(=O)COCCOCC(=O)N(CCCCCCCCCCCC)CCCCCCCCCCCC,"[26, 28, 31, 34]","[26, 28, 31, 34]",4,4,9,9,2,1,1,5,graph_pocket,large_rigid_filtered_4dent,template_large_rigid,tetra_planar_bent,deferred_nonfailed_audit,,False
b8f750590859,bd8991b59366,64|CCCCCCCCCCCCN(CCCCCCCCCCCC)C(=O)COCCOCC(=O)N(CCCCCCCCCCCC)CCCCCCCCCCCC|water,Gd,water,CCCCCCCCCCCCN(CCCCCCCCCCCC)C(=O)COCCOCC(=O)N(CCCCCCCCCCCC)CCCCCCCCCCCC,"[26, 28, 31, 34]","[26, 28, 31, 34]",4,4,9,9,2,1,1,5,graph_pocket,large_rigid_filtered_4dent,template_large_rigid,tetra_planar_bent,deferred_nonfailed_audit,,False
71135eb07a7d,920730e2fefa,65|CCCCCCCCCCCCN(CCCCCCCCCCCC)C(=O)COCCOCC(=O)N(CCCCCCCCCCCC)CCCCCCCCCCCC|water,Tb,water,CCCCCCCCCCCCN(CCCCCCCCCCCC)C(=O)COCCOCC(=O)N(CCCCCCCCCCCC)CCCCCCCCCCCC,"[26, 28, 31, 34]","[26, 28, 31, 34]",4,4,8,8,2,1,0,4,graph_pocket,large_rigid_filtered_4dent,template_large_rigid,tetra_planar_bent,deferred_nonfailed_audit,,False
f91982a596b6,8ef74afdee29,66|CCCCCCCCCCCCN(CCCCCCCCCCCC)C(=O)COCCOCC(=O)N(CCCCCCCCCCCC)CCCCCCCCCCCC|water,Dy,water,CCCCCCCCCCCCN(CCCCCCCCCCCC)C(=O)COCCOCC(=O)N(CCCCCCCCCCCC)CCCCCCCCCCCC,"[26, 28, 31, 34]","[26, 28, 31, 34]",4,4,8,8,2,1,0,4,graph_pocket,large_rigid_filtered_4dent,template_large_rigid,tetra_planar_bent,deferred_nonfailed_audit,,False
7b117768e0c1,5b0952c6a421,67|CCCCCCCCCCCCN(CCCCCCCCCCCC)C(=O)COCCOCC(=O)N(CCCCCCCCCCCC)CCCCCCCCCCCC|water,Ho,water,CCCCCCCCCCCCN(CCCCCCCCCCCC)C(=O)COCCOCC(=O)N(CCCCCCCCCCCC)CCCCCCCCCCCC,"[26, 28, 31, 34]","[26, 28, 31, 34]",4,4,8,8,2,1,0,4,graph_pocket,large_rigid_filtered_4dent,template_large_rigid,tetra_planar_bent,deferred_nonfailed_audit,,False
9549b9713c8b,5ab8e853520f,68|CCCCCCCCCCCCN(CCCCCCCCCCCC)C(=O)COCCOCC(=O)N(CCCCCCCCCCCC)CCCCCCCCCCCC|water,Er,water,CCCCCCCCCCCCN(CCCCCCCCCCCC)C(=O)COCCOCC(=O)N(CCCCCCCCCCCC)CCCCCCCCCCCC,"[26, 28, 31, 34]","[26, 28, 31, 34]",4,4,8,8,2,1,0,4,graph_pocket,large_rigid_filtered_4dent,template_large_rigid,tetra_planar_bent,deferred_nonfailed_audit,,False
288f94dc47a0,623bdd6283b3,69|CCCCCCCCCCCCN(CCCCCCCCCCCC)C(=O)COCCOCC(=O)N(CCCCCCCCCCCC)CCCCCCCCCCCC|water,Tm,water,CCCCCCCCCCCCN(CCCCCCCCCCCC)C(=O)COCCOCC(=O)N(CCCCCCCCCCCC)CCCCCCCCCCCC,"[26, 28, 31, 34]","[26, 28, 31, 34]",4,4,8,8,2,1,0,4,graph_pocket,large_rigid_filtered_4dent,template_large_rigid,tetra_planar_bent,deferred_nonfailed_audit,,False
ccd7dd4dc900,120ec8555b4a,70|CCCCCCCCCCCCN(CCCCCCCCCCCC)C(=O)COCCOCC(=O)N(CCCCCCCCCCCC)CCCCCCCCCCCC|water,Yb,water,CCCCCCCCCCCCN(CCCCCCCCCCCC)C(=O)COCCOCC(=O)N(CCCCCCCCCCCC)CCCCCCCCCCCC,"[26, 28, 31, 34]","[26, 28, 31, 34]",4,4,8,8,2,1,0,4,graph_pocket,large_rigid_filtered_4dent,template_large_rigid,tetra_planar_bent,deferred_nonfailed_audit,,False
cce95ad37f1c,2a2daa1b5a32,71|CCCCCCCCCCCCN(CCCCCCCCCCCC)C(=O)COCCOCC(=O)N(CCCCCCCCCCCC)CCCCCCCCCCCC|water,Lu,water,CCCCCCCCCCCCN(CCCCCCCCCCCC)C(=O)COCCOCC(=O)N(CCCCCCCCCCCC)CCCCCCCCCCCC,"[26, 28, 31, 34]","[26, 28, 31, 34]",4,4,8,8,2,1,0,4,graph_pocket,large_rigid_filtered_4dent,template_large_rigid,tetra_planar_bent,deferred_nonfailed_audit,,False
8ba2ae0e67b2,c471d9bdf233,63|CC12CCC(c3nnc(-c4cccc(-c5cccc(-c6nnc7c(n6)C6(C)CCC7C6(C)C)n5)n4)nc31)C2(C)C|nitrate,Eu,nitrate,CC12CCC(c3nnc(-c4cccc(-c5cccc(-c6nnc7c(n6)C6(C)CCC7C6(C)C)n5)n4)nc31)C2(C)C,"[6, 7, 20, 21, 24, 33, 34, 35]","[7, 20, 33, 34]",8,4,9,9,1,1,1,5,polypyridyl_triazine,BTBP_BTPhen_like_N4,template_pincer,tetra_planar_bent,current_still_failed,template_replan,False
2b57b13ee8a3,c96bcaa109a6,63|CC12CCC(c3nnc(-c4cccc(-c5nnc6c(n5)C5(C)CCC6C5(C)C)n4)nc31)C2(C)C|nitrate,Eu,nitrate,CC12CCC(c3nnc(-c4cccc(-c5nnc6c(n5)C5(C)CCC6C5(C)C)n4)nc31)C2(C)C,"[6, 7, 15, 16, 19, 28, 29]","[7, 15, 28]",7,3,9,9,1,3,2,0,polypyridyl_triazine,BTP_like_N3,template_pincer,tri_mer_bent,deferred_nonfailed_audit,,False
459f887bb756,e56f5098c185,63|CCCCCc1nnc(-c2cccc(-c3cccc(-c4nnc(CCCCC)c(CCCCC)n4)n3)n2)nc1CCCCC|water,Eu,water,CCCCCc1nnc(-c2cccc(-c3cccc(-c4nnc(CCCCC)c(CCCCC)n4)n3)n2)nc1CCCCC,"[6, 7, 20, 21, 34, 35, 36, 37]","[7, 20, 35, 36]",8,4,9,9,1,1,1,5,polypyridyl_triazine,BTBP_BTPhen_like_N4,template_pincer,tetra_planar_bent,current_still_failed,template_replan,False
115400ae3367,8b171a2a0567,57|CCCCCCOP(=O)(O)OCCCCCC|nitrate,La,nitrate,CCCCCCOP(=O)(O)OCCCCCC,"[6, 8, 9, 10]","[8, 9]",4,2,9,9,2,4,1,1,graph_pocket,phosphoryl_thiophosphoryl_2dent,template_other,bi_cis_chelating,deferred_nonfailed_audit,,False
03c12597fa60,da4d199f6e1b,58|CCCCCCOP(=O)(O)OCCCCCC|nitrate,Ce,nitrate,CCCCCCOP(=O)(O)OCCCCCC,"[6, 8, 9, 10]","[8, 9]",4,2,9,9,2,4,1,1,graph_pocket,phosphoryl_thiophosphoryl_2dent,template_other,bi_cis_chelating,deferred_nonfailed_audit,,False
7c2f487582c7,e58ab56d8912,59|CCCCCCOP(=O)(O)OCCCCCC|nitrate,Pr,nitrate,CCCCCCOP(=O)(O)OCCCCCC,"[6, 8, 9, 10]","[8, 9]",4,2,9,9,2,4,1,1,graph_pocket,phosphoryl_thiophosphoryl_2dent,template_other,bi_cis_chelating,deferred_nonfailed_audit,,False
cfff67068369,2fc064a7b554,62|CCCCCCOP(=O)(O)OCCCCCC|nitrate,Sm,nitrate,CCCCCCOP(=O)(O)OCCCCCC,"[6, 8, 9, 10]","[8, 9]",4,2,9,9,2,4,1,1,graph_pocket,phosphoryl_thiophosphoryl_2dent,template_other,bi_cis_chelating,deferred_nonfailed_audit,,False
6b37907bfc14,78da490ba047,63|CCCCCCOP(=O)(O)OCCCCCC|nitrate,Eu,nitrate,CCCCCCOP(=O)(O)OCCCCCC,"[6, 8, 9, 10]","[8, 9]",4,2,9,9,2,4,1,1,graph_pocket,phosphoryl_thiophosphoryl_2dent,template_other,bi_cis_chelating,deferred_nonfailed_audit,,False
0fbcda847eb3,b4c994774c8a,64|CCCCCCOP(=O)(O)OCCCCCC|nitrate,Gd,nitrate,CCCCCCOP(=O)(O)OCCCCCC,"[6, 8, 9, 10]","[8, 9]",4,2,9,9,2,4,1,1,graph_pocket,phosphoryl_thiophosphoryl_2dent,template_other,bi_cis_chelating,deferred_nonfailed_audit,,False
5cfc95c5b8bd,a477b66d3580,65|CCCCCCOP(=O)(O)OCCCCCC|nitrate,Tb,nitrate,CCCCCCOP(=O)(O)OCCCCCC,"[6, 8, 9, 10]","[8, 9]",4,2,8,8,2,4,0,0,graph_pocket,phosphoryl_thiophosphoryl_2dent,template_other,bi_cis_chelating,current_still_failed,template_replan,False
5e4d792ef262,7ec0edcccd32,66|CCCCCCOP(=O)(O)OCCCCCC|nitrate,Dy,nitrate,CCCCCCOP(=O)(O)OCCCCCC,"[6, 8, 9, 10]","[8, 9]",4,2,8,8,2,4,0,0,graph_pocket,phosphoryl_thiophosphoryl_2dent,template_other,bi_cis_chelating,deferred_nonfailed_audit,,False
59fa2fc349b4,505d828558f4,67|CCCCCCOP(=O)(O)OCCCCCC|nitrate,Ho,nitrate,CCCCCCOP(=O)(O)OCCCCCC,"[6, 8, 9, 10]","[8, 9]",4,2,8,8,2,4,0,0,graph_pocket,phosphoryl_thiophosphoryl_2dent,template_other,bi_cis_chelating,current_still_failed,template_replan,False
5c6b31d59222,d0f384ea83d5,60|CCCCCCOP(=O)(O)OCCCCCC|nitrate,Nd,nitrate,CCCCCCOP(=O)(O)OCCCCCC,"[6, 8, 9, 10]","[8, 9]",4,2,9,9,2,4,1,1,graph_pocket,phosphoryl_thiophosphoryl_2dent,template_other,bi_cis_chelating,deferred_nonfailed_audit,,False
c24902aaaf79,17eeb12c2d08,60|CC12CCC(c3nnc(-c4cccc(-c5nnc6c(n5)C5(C)CCC6C5(C)C)n4)nc31)C2(C)C|nitrate,Nd,nitrate,CC12CCC(c3nnc(-c4cccc(-c5nnc6c(n5)C5(C)CCC6C5(C)C)n4)nc31)C2(C)C,"[6, 7, 15, 16, 19, 28, 29]","[7, 15, 28]",7,3,9,9,1,3,2,0,polypyridyl_triazine,BTP_like_N3,template_pincer,tri_mer_bent,current_still_failed,template_replan,False
86e8f93956e0,ca803c71b2b1,57|CC12CCC(c3nnc(-c4cccc(-c5nnc6c(n5)C5(C)CCC6C5(C)C)n4)nc31)C2(C)C|nitrate,La,nitrate,CC12CCC(c3nnc(-c4cccc(-c5nnc6c(n5)C5(C)CCC6C5(C)C)n4)nc31)C2(C)C,"[6, 7, 15, 16, 19, 28, 29]","[7, 15, 28]",7,3,9,9,1,3,2,0,polypyridyl_triazine,BTP_like_N3,template_pincer,tri_mer_bent,current_still_failed,template_replan,False
a2a36cd7a4f4,4f6b97b03ea1,62|CC12CCC(c3nnc(-c4cccc(-c5nnc6c(n5)C5(C)CCC6C5(C)C)n4)nc31)C2(C)C|nitrate,Sm,nitrate,CC12CCC(c3nnc(-c4cccc(-c5nnc6c(n5)C5(C)CCC6C5(C)C)n4)nc31)C2(C)C,"[6, 7, 15, 16, 19, 28, 29]","[7, 15, 28]",7,3,9,9,1,3,2,0,polypyridyl_triazine,BTP_like_N3,template_pincer,tri_mer_bent,current_still_failed,template_replan,False
a000d0fe0bcb,8b4027156d43,59|CC12CCC(c3nnc(-c4cccc(-c5nnc6c(n5)C5(C)CCC6C5(C)C)n4)nc31)C2(C)C|nitrate,Pr,nitrate,CC12CCC(c3nnc(-c4cccc(-c5nnc6c(n5)C5(C)CCC6C5(C)C)n4)nc31)C2(C)C,"[6, 7, 15, 16, 19, 28, 29]","[7, 15, 28]",7,3,9,9,1,3,2,0,polypyridyl_triazine,BTP_like_N3,template_pincer,tri_mer_bent,current_still_failed,template_replan,False
94022ba2aba3,257529852176,65|CC12CCC(c3nnc(-c4cccc(-c5nnc6c(n5)C5(C)CCC6C5(C)C)n4)nc31)C2(C)C|nitrate,Tb,nitrate,CC12CCC(c3nnc(-c4cccc(-c5nnc6c(n5)C5(C)CCC6C5(C)C)n4)nc31)C2(C)C,"[6, 7, 15, 16, 19, 28, 29]","[7, 15, 28]",7,3,8,9,1,3,1,0,polypyridyl_triazine,BTP_like_N3,template_pincer,tri_mer_bent,current_still_failed,template_replan,False
c155a4660cba,e60cac798f29,66|CC12CCC(c3nnc(-c4cccc(-c5nnc6c(n5)C5(C)CCC6C5(C)C)n4)nc31)C2(C)C|nitrate,Dy,nitrate,CC12CCC(c3nnc(-c4cccc(-c5nnc6c(n5)C5(C)CCC6C5(C)C)n4)nc31)C2(C)C,"[6, 7, 15, 16, 19, 28, 29]","[7, 15, 28]",7,3,8,9,1,3,1,0,polypyridyl_triazine,BTP_like_N3,template_pincer,tri_mer_bent,current_still_failed,template_replan,False
1516d237b7fa,ddcd093eef63,64|CC12CCC(c3nnc(-c4cccc(-c5nnc6c(n5)C5(C)CCC6C5(C)C)n4)nc31)C2(C)C|nitrate,Gd,nitrate,CC12CCC(c3nnc(-c4cccc(-c5nnc6c(n5)C5(C)CCC6C5(C)C)n4)nc31)C2(C)C,"[6, 7, 15, 16, 19, 28, 29]","[7, 15, 28]",7,3,9,9,1,3,2,0,polypyridyl_triazine,BTP_like_N3,template_pincer,tri_mer_bent,current_still_failed,template_replan,False
46ce34695899,6fdbdd68aedf,68|CC12CCC(c3nnc(-c4cccc(-c5nnc6c(n5)C5(C)CCC6C5(C)C)n4)nc31)C2(C)C|nitrate,Er,nitrate,CC12CCC(c3nnc(-c4cccc(-c5nnc6c(n5)C5(C)CCC6C5(C)C)n4)nc31)C2(C)C,"[6, 7, 15, 16, 19, 28, 29]","[7, 15, 28]",7,3,8,9,1,3,1,0,polypyridyl_triazine,BTP_like_N3,template_pincer,tri_mer_bent,current_still_failed,template_replan,False
7b3aca9f455b,88b2fe6d4513,69|CC12CCC(c3nnc(-c4cccc(-c5nnc6c(n5)C5(C)CCC6C5(C)C)n4)nc31)C2(C)C|nitrate,Tm,nitrate,CC12CCC(c3nnc(-c4cccc(-c5nnc6c(n5)C5(C)CCC6C5(C)C)n4)nc31)C2(C)C,"[6, 7, 15, 16, 19, 28, 29]","[7, 15, 28]",7,3,8,9,1,3,1,0,polypyridyl_triazine,BTP_like_N3,template_pincer,tri_mer_bent,current_still_failed,template_replan,False
a56492569304,8a9d686f7b7f,70|CC12CCC(c3nnc(-c4cccc(-c5nnc6c(n5)C5(C)CCC6C5(C)C)n4)nc31)C2(C)C|nitrate,Yb,nitrate,CC12CCC(c3nnc(-c4cccc(-c5nnc6c(n5)C5(C)CCC6C5(C)C)n4)nc31)C2(C)C,"[6, 7, 15, 16, 19, 28, 29]","[7, 15, 28]",7,3,8,9,1,3,1,0,polypyridyl_triazine,BTP_like_N3,template_pincer,tri_mer_bent,current_still_failed,template_replan,False
3ba30f5fe8be,f572badf7b00,71|CC12CCC(c3nnc(-c4cccc(-c5nnc6c(n5)C5(C)CCC6C5(C)C)n4)nc31)C2(C)C|nitrate,Lu,nitrate,CC12CCC(c3nnc(-c4cccc(-c5nnc6c(n5)C5(C)CCC6C5(C)C)n4)nc31)C2(C)C,"[6, 7, 15, 16, 19, 28, 29]","[7, 15, 28]",7,3,8,9,1,3,1,0,polypyridyl_triazine,BTP_like_N3,template_pincer,tri_mer_bent,current_still_failed,template_replan,False
436f63f21bbe,a81c6e51917a,58|CC12CCC(c3nnc(-c4cccc(-c5nnc6c(n5)C5(C)CCC6C5(C)C)n4)nc31)C2(C)C|nitrate,Ce,nitrate,CC12CCC(c3nnc(-c4cccc(-c5nnc6c(n5)C5(C)CCC6C5(C)C)n4)nc31)C2(C)C,"[6, 7, 15, 16, 19, 28, 29]","[7, 15, 28]",7,3,9,9,1,3,2,0,polypyridyl_triazine,BTP_like_N3,template_pincer,tri_mer_bent,current_still_failed,template_replan,False
41c879df857c,b0f948efeb96,67|CC12CCC(c3nnc(-c4cccc(-c5nnc6c(n5)C5(C)CCC6C5(C)C)n4)nc31)C2(C)C|nitrate,Ho,nitrate,CC12CCC(c3nnc(-c4cccc(-c5nnc6c(n5)C5(C)CCC6C5(C)C)n4)nc31)C2(C)C,"[6, 7, 15, 16, 19, 28, 29]","[7, 15, 28]",7,3,8,9,1,3,1,0,polypyridyl_triazine,BTP_like_N3,template_pincer,tri_mer_bent,current_still_failed,template_replan,False
571ba3077142,685bf5cf6ae2,58|COCCN(CCOC)C(=O)COCC(=O)N(CCOC)CCOC|water,Ce,water,COCCN(CCOC)C(=O)COCC(=O)N(CCOC)CCOC,"[1, 7, 10, 12, 15, 19, 23]","[10, 12, 15]",7,3,9,9,1,3,2,0,compact_amide_core,compact_amide_core_3dent,template_amide_core,tri_mer_bent,deferred_nonfailed_audit,,False
20fef2b9bc6a,ef5cd8616aea,58|CCCCCCCCCCCCN(C)C(=O)C1CC(OC)CC(C(=O)N(C)CCCCCCCCCCCC)O1|nitrate,Ce,nitrate,CCCCCCCCCCCCN(C)C(=O)C1CC(OC)CC(C(=O)N(C)CCCCCCCCCCCC)O1,"[15, 19, 24, 39]","[15, 24, 39]",4,3,9,9,2,3,1,0,compact_amide_core,compact_amide_core_3dent,template_amide_core,tri_mer_bent,deferred_nonfailed_audit,,False
70e091c4e6a2,225861c739fc,58|CCCCCc1nnc(-c2cccc(-c3cccc(-c4nnc(CCCCC)c(CCCCC)n4)n3)n2)nc1CCCCC|nitrate,Ce,nitrate,CCCCCc1nnc(-c2cccc(-c3cccc(-c4nnc(CCCCC)c(CCCCC)n4)n3)n2)nc1CCCCC,"[6, 7, 20, 21, 34, 35, 36, 37]","[7, 20, 35, 36]",8,4,9,9,1,1,1,5,polypyridyl_triazine,BTBP_BTPhen_like_N4,template_pincer,tetra_planar_bent,current_still_failed,template_replan,False
1e103e29e69e,767120592b2e,58|CCCCCCn1c(-c2ccccc2)c(-c2ccccc2)c2cc3ccc4cc5c(-c6ccccc6)c(-c6ccccc6)n(CCCCCC)c(=O)c5nc4c3nc2c1=O|water,Ce,water,CCCCCCn1c(-c2ccccc2)c(-c2ccccc2)c2cc3ccc4cc5c(-c6ccccc6)c(-c6ccccc6)n(CCCCCC)c(=O)c5nc4c3nc2c1=O,"[6, 43, 51, 53, 56, 59]","[51, 53, 56, 59]",6,4,9,9,1,1,3,5,graph_pocket,large_rigid_filtered_4dent,template_large_rigid,tetra_planar_bent,current_still_failed,template_replan,False
23bc11341179,efb3bcbad38f,58|CCCCCCn1c(-c2ccccc2)c(-c2ccccc2)c2cc3ccc4cc5c(-c6ccccc6)c(-c6ccccc6)n(CCCCCC)c(=O)c5nc4c3nc2c1=O|nitrate,Ce,nitrate,CCCCCCn1c(-c2ccccc2)c(-c2ccccc2)c2cc3ccc4cc5c(-c6ccccc6)c(-c6ccccc6)n(CCCCCC)c(=O)c5nc4c3nc2c1=O,"[6, 43, 51, 53, 56, 59]","[51, 53, 56, 59]",6,4,9,9,1,1,3,5,graph_pocket,large_rigid_filtered_4dent,template_large_rigid,tetra_planar_bent,current_still_failed,template_replan,False
9fa96db16fe2,db492aca339e,58|CCCc1nnc(-c2cccc(-c3nnc(CCC)c(CCC)n3)n2)nc1CCC|nitrate,Ce,nitrate,CCCc1nnc(-c2cccc(-c3nnc(CCC)c(CCC)n3)n2)nc1CCC,"[4, 5, 13, 14, 23, 24, 25]","[5, 13, 24]",7,3,9,9,1,3,2,0,polypyridyl_triazine,BTP_like_N3,template_pincer,tri_mer_bent,current_still_failed,template_replan,False
e31a306be74a,ae45b27dc263,66|COCCN(CCOC)C(=O)COCC(=O)N(CCOC)CCOC|water,Dy,water,COCCN(CCOC)C(=O)COCC(=O)N(CCOC)CCOC,"[1, 7, 10, 12, 15, 19, 23]","[10, 12, 15]",7,3,8,8,1,2,1,2,compact_amide_core,compact_amide_core_3dent,template_amide_core,tri_mer_bent,deferred_nonfailed_audit,,False
ebb31779ee01,4cf99f0458dc,66|CCCCCc1nnc(-c2cccc(-c3cccc(-c4nnc(CCCCC)c(CCCCC)n4)n3)n2)nc1CCCCC|nitrate,Dy,nitrate,CCCCCc1nnc(-c2cccc(-c3cccc(-c4nnc(CCCCC)c(CCCCC)n4)n3)n2)nc1CCCCC,"[6, 7, 20, 21, 34, 35, 36, 37]","[7, 20, 35, 36]",8,4,8,8,1,1,0,4,polypyridyl_triazine,BTBP_BTPhen_like_N4,template_pincer,tetra_planar_bent,current_still_failed,template_replan,False
af2a56f162b8,2a517d56ff41,66|CCCCCCn1c(-c2ccccc2)c(-c2ccccc2)c2cc3ccc4cc5c(-c6ccccc6)c(-c6ccccc6)n(CCCCCC)c(=O)c5nc4c3nc2c1=O|nitrate,Dy,nitrate,CCCCCCn1c(-c2ccccc2)c(-c2ccccc2)c2cc3ccc4cc5c(-c6ccccc6)c(-c6ccccc6)n(CCCCCC)c(=O)c5nc4c3nc2c1=O,"[6, 43, 51, 53, 56, 59]","[51, 53, 56, 59]",6,4,8,8,1,1,2,4,graph_pocket,large_rigid_filtered_4dent,template_large_rigid,tetra_planar_bent,current_still_failed,template_replan,False
a61bb065986b,ae268fc436f5,66|CCCCCCn1c(-c2ccccc2)c(-c2ccccc2)c2cc3ccc4cc5c(-c6ccccc6)c(-c6ccccc6)n(CCCCCC)c(=O)c5nc4c3nc2c1=O|water,Dy,water,CCCCCCn1c(-c2ccccc2)c(-c2ccccc2)c2cc3ccc4cc5c(-c6ccccc6)c(-c6ccccc6)n(CCCCCC)c(=O)c5nc4c3nc2c1=O,"[6, 43, 51, 53, 56, 59]","[51, 53, 56, 59]",6,4,8,8,1,1,2,4,graph_pocket,large_rigid_filtered_4dent,template_large_rigid,tetra_planar_bent,current_still_failed,template_replan,False
fefdc4e8deb0,a8cebae3a691,66|CCCc1nnc(-c2cccc(-c3nnc(CCC)c(CCC)n3)n2)nc1CCC|nitrate,Dy,nitrate,CCCc1nnc(-c2cccc(-c3nnc(CCC)c(CCC)n3)n2)nc1CCC,"[4, 5, 13, 14, 23, 24, 25]","[5, 13, 24]",7,3,8,9,1,3,1,0,polypyridyl_triazine,BTP_like_N3,template_pincer,tri_mer_bent,current_still_failed,template_replan,False
ca3d536acbf6,1525f45368fe,68|COCCN(CCOC)C(=O)COCC(=O)N(CCOC)CCOC|water,Er,water,COCCN(CCOC)C(=O)COCC(=O)N(CCOC)CCOC,"[1, 7, 10, 12, 15, 19, 23]","[10, 12, 15]",7,3,8,8,1,2,1,2,compact_amide_core,compact_amide_core_3dent,template_amide_core,tri_mer_bent,deferred_nonfailed_audit,,False
d5f18b7632f0,811f0c81cf4d,63|CCCCCCCCCCCCN(C)C(=O)C1CC(OC)CC(C(=O)N(C)CCCCCCCCCCCC)O1|nitrate,Eu,nitrate,CCCCCCCCCCCCN(C)C(=O)C1CC(OC)CC(C(=O)N(C)CCCCCCCCCCCC)O1,"[15, 19, 24, 39]","[15, 24, 39]",4,3,9,9,2,3,1,0,compact_amide_core,compact_amide_core_3dent,template_amide_core,tri_mer_bent,deferred_nonfailed_audit,,False
ffd5aab1aceb,84c845c33be9,57|CCCCCCCCCCCCN(C)C(=O)C1CC(OC)CC(C(=O)N(C)CCCCCCCCCCCC)O1|nitrate,La,nitrate,CCCCCCCCCCCCN(C)C(=O)C1CC(OC)CC(C(=O)N(C)CCCCCCCCCCCC)O1,"[15, 19, 24, 39]","[15, 24, 39]",4,3,9,9,2,3,1,0,compact_amide_core,compact_amide_core_3dent,template_amide_core,tri_mer_bent,deferred_nonfailed_audit,,False
fc72cf55f269,b5b6ab4499b9,59|CCCCCCCCCCCCN(C)C(=O)C1CC(OC)CC(C(=O)N(C)CCCCCCCCCCCC)O1|nitrate,Pr,nitrate,CCCCCCCCCCCCN(C)C(=O)C1CC(OC)CC(C(=O)N(C)CCCCCCCCCCCC)O1,"[15, 19, 24, 39]","[15, 24, 39]",4,3,9,9,2,3,1,0,compact_amide_core,compact_amide_core_3dent,template_amide_core,tri_mer_bent,deferred_nonfailed_audit,,False
56d8843335c1,11f7c09170c9,60|CCCCCCCCCCCCN(C)C(=O)C1CC(OC)CC(C(=O)N(C)CCCCCCCCCCCC)O1|nitrate,Nd,nitrate,CCCCCCCCCCCCN(C)C(=O)C1CC(OC)CC(C(=O)N(C)CCCCCCCCCCCC)O1,"[15, 19, 24, 39]","[15, 24, 39]",4,3,9,9,2,3,1,0,compact_amide_core,compact_amide_core_3dent,template_amide_core,tri_mer_bent,deferred_nonfailed_audit,,False
e499ec14e778,7bb2fbe24458,62|CCCCCCCCCCCCN(C)C(=O)C1CC(OC)CC(C(=O)N(C)CCCCCCCCCCCC)O1|nitrate,Sm,nitrate,CCCCCCCCCCCCN(C)C(=O)C1CC(OC)CC(C(=O)N(C)CCCCCCCCCCCC)O1,"[15, 19, 24, 39]","[15, 24, 39]",4,3,9,9,2,3,1,0,compact_amide_core,compact_amide_core_3dent,template_amide_core,tri_mer_bent,deferred_nonfailed_audit,,False
7c4a1221da48,010485cdfbc0,64|CCCCCCCCCCCCN(C)C(=O)C1CC(OC)CC(C(=O)N(C)CCCCCCCCCCCC)O1|nitrate,Gd,nitrate,CCCCCCCCCCCCN(C)C(=O)C1CC(OC)CC(C(=O)N(C)CCCCCCCCCCCC)O1,"[15, 19, 24, 39]","[15, 24, 39]",4,3,9,9,2,3,1,0,compact_amide_core,compact_amide_core_3dent,template_amide_core,tri_mer_bent,deferred_nonfailed_audit,,False
679cd0805bfd,6d7a4d109dc9,63|CCCCCCCCCCCCNC(=O)c1cc(=O)cc(C(=O)NCCCCCCCCCCCC)o1|nitrate,Eu,nitrate,CCCCCCCCCCCCNC(=O)c1cc(=O)cc(C(=O)NCCCCCCCCCCCC)o1,"[14, 18, 22, 36]","[14, 22, 36]",4,3,9,9,2,3,1,0,compact_amide_core,compact_amide_core_3dent,template_amide_core,tri_mer_bent,deferred_nonfailed_audit,,False
1f1106359435,1a0470dc9c6f,63|CC(C)(C)c1ccc(NC(=O)c2cc(=O)cc(C(=O)Nc3ccc(C(C)(C)C)cc3)o2)cc1|nitrate,Eu,nitrate,CC(C)(C)c1ccc(NC(=O)c2cc(=O)cc(C(=O)Nc3ccc(C(C)(C)C)cc3)o2)cc1,"[10, 14, 18, 30]","[10, 18, 30]",4,3,9,9,2,3,1,0,compact_amide_core,compact_amide_core_3dent,template_amide_core,tri_mer_bent,current_still_failed,template_replan,False
f868270ec4a9,34bd2dc9c578,63|c1cc(-n2cccn2)nc(-n2cccn2)c1|nitrate,Eu,nitrate,c1cc(-n2cccn2)nc(-n2cccn2)c1,"[3, 7, 8, 10, 14]","[7, 8, 14]",5,3,9,9,1,3,4,0,graph_pocket,filtered_donor_pocket_3dent,template_other,tri_mer_bent,deferred_nonfailed_audit,,False
6562b23bd4a8,e949e23ca6d1,63|Cc1cc(C)n(-c2cccc(-n3nc(C)cc3C)n2)n1|nitrate,Eu,nitrate,Cc1cc(C)n(-c2cccc(-n3nc(C)cc3C)n2)n1,"[5, 11, 12, 18, 19]","[12, 18, 19]",5,3,9,9,1,3,4,0,graph_pocket,filtered_donor_pocket_3dent,template_other,tri_mer_bent,deferred_nonfailed_audit,,False
dfa51784b875,eb62218d1b12,63|CCCCCCCCOc1cc(C(=O)N(C)c2ccc(C(C)(C)C)cc2)nc(C(=O)N(C)c2ccc(C(C)(C)C)cc2)c1|nitrate,Eu,nitrate,CCCCCCCCOc1cc(C(=O)N(C)c2ccc(C(C)(C)C)cc2)nc(C(=O)N(C)c2ccc(C(C)(C)C)cc2)c1,"[8, 13, 26, 29]","[13, 26, 29]",4,3,9,9,2,3,1,0,compact_amide_core,compact_amide_core_3dent,template_amide_core,tri_mer_bent,current_still_failed,template_replan,False
90fce4a008ab,5a5b7a63f7ca,63|Cc1ccn(-c2cccc(-n3ccc(C)n3)n2)n1|nitrate,Eu,nitrate,Cc1ccn(-c2cccc(-n3ccc(C)n3)n2)n1,"[4, 10, 15, 16, 17]","[15, 16, 17]",5,3,9,9,1,3,4,0,graph_pocket,filtered_donor_pocket_3dent,template_other,tri_mer_bent,deferred_nonfailed_audit,,False
e285ca563db7,1f5cdc455c95,63|CCCCCCCCCCCCOCc1cc(-n2cccn2)nc(-n2cccn2)c1|nitrate,Eu,nitrate,CCCCCCCCCCCCOCc1cc(-n2cccn2)nc(-n2cccn2)c1,"[12, 17, 21, 22, 24, 28]","[12, 21, 22, 28]",6,4,9,9,1,2,3,1,graph_pocket,filtered_donor_pocket_4dent,template_other,tetra_planar_bent,deferred_nonfailed_audit,,False
3893f73b679f,1e38ddd02002,63|CCCCCCCCCCCCOCc1cc(-n2ccc(C)n2)nc(-n2ccc(C)n2)c1|nitrate,Eu,nitrate,CCCCCCCCCCCCOCc1cc(-n2ccc(C)n2)nc(-n2ccc(C)n2)c1,"[12, 17, 22, 23, 25, 30]","[12, 22, 23, 30]",6,4,9,9,1,2,3,1,graph_pocket,filtered_donor_pocket_4dent,template_other,tetra_planar_bent,current_still_failed,template_replan,False
9a05c75e6ef1,bf38f99b6807,63|CC(C)(C)Cc1cc(-c2cccc(-c3cc(CC(C)(C)C)[nH]n3)n2)n[nH]1|nitrate,Eu,nitrate,CC(C)(C)Cc1cc(-c2cccc(-c3cc(CC(C)(C)C)[nH]n3)n2)n[nH]1,"[21, 22, 23, 24, 25]","[22, 23, 24]",5,3,9,9,1,3,4,0,graph_pocket,filtered_donor_pocket_3dent,template_other,tri_mer_bent,deferred_nonfailed_audit,,False
20465e7ee3e2,877a364053d7,57|CCCCCc1nnc(-c2cccc(-c3cccc(-c4nnc(CCCCC)c(CCCCC)n4)n3)n2)nc1CCCCC|nitrate,La,nitrate,CCCCCc1nnc(-c2cccc(-c3cccc(-c4nnc(CCCCC)c(CCCCC)n4)n3)n2)nc1CCCCC,"[6, 7, 20, 21, 34, 35, 36, 37]","[7, 20, 35, 36]",8,4,9,9,1,1,1,5,polypyridyl_triazine,BTBP_BTPhen_like_N4,template_pincer,tetra_planar_bent,current_still_failed,template_replan,False
b23446691216,11c653f8c68c,59|CCCCCc1nnc(-c2cccc(-c3cccc(-c4nnc(CCCCC)c(CCCCC)n4)n3)n2)nc1CCCCC|nitrate,Pr,nitrate,CCCCCc1nnc(-c2cccc(-c3cccc(-c4nnc(CCCCC)c(CCCCC)n4)n3)n2)nc1CCCCC,"[6, 7, 20, 21, 34, 35, 36, 37]","[7, 20, 35, 36]",8,4,9,9,1,1,1,5,polypyridyl_triazine,BTBP_BTPhen_like_N4,template_pincer,tetra_planar_bent,current_still_failed,template_replan,False
cb8e9692129f,524f1979e1e5,60|CCCCCc1nnc(-c2cccc(-c3cccc(-c4nnc(CCCCC)c(CCCCC)n4)n3)n2)nc1CCCCC|nitrate,Nd,nitrate,CCCCCc1nnc(-c2cccc(-c3cccc(-c4nnc(CCCCC)c(CCCCC)n4)n3)n2)nc1CCCCC,"[6, 7, 20, 21, 34, 35, 36, 37]","[7, 20, 35, 36]",8,4,9,9,1,1,1,5,polypyridyl_triazine,BTBP_BTPhen_like_N4,template_pincer,tetra_planar_bent,current_still_failed,template_replan,False
b9cb0fd3aa1f,fd596e20d9c3,62|CCCCCc1nnc(-c2cccc(-c3cccc(-c4nnc(CCCCC)c(CCCCC)n4)n3)n2)nc1CCCCC|nitrate,Sm,nitrate,CCCCCc1nnc(-c2cccc(-c3cccc(-c4nnc(CCCCC)c(CCCCC)n4)n3)n2)nc1CCCCC,"[6, 7, 20, 21, 34, 35, 36, 37]","[7, 20, 35, 36]",8,4,9,9,1,1,1,5,polypyridyl_triazine,BTBP_BTPhen_like_N4,template_pincer,tetra_planar_bent,current_still_failed,template_replan,False
d85063f2c2c1,e0774a1f16ed,63|CCCCCc1nnc(-c2cccc(-c3cccc(-c4nnc(CCCCC)c(CCCCC)n4)n3)n2)nc1CCCCC|nitrate,Eu,nitrate,CCCCCc1nnc(-c2cccc(-c3cccc(-c4nnc(CCCCC)c(CCCCC)n4)n3)n2)nc1CCCCC,"[6, 7, 20, 21, 34, 35, 36, 37]","[7, 20, 35, 36]",8,4,9,9,1,1,1,5,polypyridyl_triazine,BTBP_BTPhen_like_N4,template_pincer,tetra_planar_bent,current_still_failed,template_replan,False
8fc663eda6f3,cb692aadc103,64|CCCCCc1nnc(-c2cccc(-c3cccc(-c4nnc(CCCCC)c(CCCCC)n4)n3)n2)nc1CCCCC|nitrate,Gd,nitrate,CCCCCc1nnc(-c2cccc(-c3cccc(-c4nnc(CCCCC)c(CCCCC)n4)n3)n2)nc1CCCCC,"[6, 7, 20, 21, 34, 35, 36, 37]","[7, 20, 35, 36]",8,4,9,9,1,1,1,5,polypyridyl_triazine,BTBP_BTPhen_like_N4,template_pincer,tetra_planar_bent,current_still_failed,template_replan,False
507be9f6716c,9ac46db09c4b,65|CCCCCc1nnc(-c2cccc(-c3cccc(-c4nnc(CCCCC)c(CCCCC)n4)n3)n2)nc1CCCCC|nitrate,Tb,nitrate,CCCCCc1nnc(-c2cccc(-c3cccc(-c4nnc(CCCCC)c(CCCCC)n4)n3)n2)nc1CCCCC,"[6, 7, 20, 21, 34, 35, 36, 37]","[7, 20, 35, 36]",8,4,8,8,1,1,0,4,polypyridyl_triazine,BTBP_BTPhen_like_N4,template_pincer,tetra_planar_bent,current_still_failed,template_replan,False
250e4cef94d2,21e525fbd19c,67|CCCCCc1nnc(-c2cccc(-c3cccc(-c4nnc(CCCCC)c(CCCCC)n4)n3)n2)nc1CCCCC|nitrate,Ho,nitrate,CCCCCc1nnc(-c2cccc(-c3cccc(-c4nnc(CCCCC)c(CCCCC)n4)n3)n2)nc1CCCCC,"[6, 7, 20, 21, 34, 35, 36, 37]","[7, 20, 35, 36]",8,4,8,8,1,1,0,4,polypyridyl_triazine,BTBP_BTPhen_like_N4,template_pincer,tetra_planar_bent,current_still_failed,template_replan,False
bec89700cf93,e12fcd7548a4,68|CCCCCc1nnc(-c2cccc(-c3cccc(-c4nnc(CCCCC)c(CCCCC)n4)n3)n2)nc1CCCCC|nitrate,Er,nitrate,CCCCCc1nnc(-c2cccc(-c3cccc(-c4nnc(CCCCC)c(CCCCC)n4)n3)n2)nc1CCCCC,"[6, 7, 20, 21, 34, 35, 36, 37]","[7, 20, 35, 36]",8,4,8,8,1,1,0,4,polypyridyl_triazine,BTBP_BTPhen_like_N4,template_pincer,tetra_planar_bent,current_still_failed,template_replan,False
2bda29f72b55,132184907ac8,70|CCCCCc1nnc(-c2cccc(-c3cccc(-c4nnc(CCCCC)c(CCCCC)n4)n3)n2)nc1CCCCC|nitrate,Yb,nitrate,CCCCCc1nnc(-c2cccc(-c3cccc(-c4nnc(CCCCC)c(CCCCC)n4)n3)n2)nc1CCCCC,"[6, 7, 20, 21, 34, 35, 36, 37]","[7, 20, 35, 36]",8,4,8,8,1,1,0,4,polypyridyl_triazine,BTBP_BTPhen_like_N4,template_pincer,tetra_planar_bent,current_still_failed,template_replan,False
ff2323ff5a7c,1e406462b863,71|CCCCCc1nnc(-c2cccc(-c3cccc(-c4nnc(CCCCC)c(CCCCC)n4)n3)n2)nc1CCCCC|nitrate,Lu,nitrate,CCCCCc1nnc(-c2cccc(-c3cccc(-c4nnc(CCCCC)c(CCCCC)n4)n3)n2)nc1CCCCC,"[6, 7, 20, 21, 34, 35, 36, 37]","[7, 20, 35, 36]",8,4,8,8,1,1,0,4,polypyridyl_triazine,BTBP_BTPhen_like_N4,template_pincer,tetra_planar_bent,current_still_failed,template_replan,False
7672a8a7b733,99b569fa6f64,68|CCCCCCn1c(-c2ccccc2)c(-c2ccccc2)c2cc3ccc4cc5c(-c6ccccc6)c(-c6ccccc6)n(CCCCCC)c(=O)c5nc4c3nc2c1=O|water,Er,water,CCCCCCn1c(-c2ccccc2)c(-c2ccccc2)c2cc3ccc4cc5c(-c6ccccc6)c(-c6ccccc6)n(CCCCCC)c(=O)c5nc4c3nc2c1=O,"[6, 43, 51, 53, 56, 59]","[51, 53, 56, 59]",6,4,8,8,1,1,2,4,graph_pocket,large_rigid_filtered_4dent,template_large_rigid,tetra_planar_bent,current_still_failed,template_replan,False
e95e58f27630,07e48b9adbd1,68|CCCCCCn1c(-c2ccccc2)c(-c2ccccc2)c2cc3ccc4cc5c(-c6ccccc6)c(-c6ccccc6)n(CCCCCC)c(=O)c5nc4c3nc2c1=O|nitrate,Er,nitrate,CCCCCCn1c(-c2ccccc2)c(-c2ccccc2)c2cc3ccc4cc5c(-c6ccccc6)c(-c6ccccc6)n(CCCCCC)c(=O)c5nc4c3nc2c1=O,"[6, 43, 51, 53, 56, 59]","[51, 53, 56, 59]",6,4,8,8,1,1,2,4,graph_pocket,large_rigid_filtered_4dent,template_large_rigid,tetra_planar_bent,current_still_failed,template_replan,False
f2837669b392,3055a9eb1f23,68|CCCc1nnc(-c2cccc(-c3nnc(CCC)c(CCC)n3)n2)nc1CCC|nitrate,Er,nitrate,CCCc1nnc(-c2cccc(-c3nnc(CCC)c(CCC)n3)n2)nc1CCC,"[4, 5, 13, 14, 23, 24, 25]","[5, 13, 24]",7,3,8,9,1,3,1,0,polypyridyl_triazine,BTP_like_N3,template_pincer,tri_mer_bent,current_still_failed,template_replan,False
c285dd3a90ba,9bb162612902,71|CCCc1nnc(-c2cccc(-c3nnc(CCC)c(CCC)n3)n2)nc1CCC|nitrate,Lu,nitrate,CCCc1nnc(-c2cccc(-c3nnc(CCC)c(CCC)n3)n2)nc1CCC,"[4, 5, 13, 14, 23, 24, 25]","[5, 13, 24]",7,3,8,9,1,3,1,0,polypyridyl_triazine,BTP_like_N3,template_pincer,tri_mer_bent,deferred_nonfailed_audit,,False
3721b0fce820,fab4dd563558,70|CCCc1nnc(-c2cccc(-c3nnc(CCC)c(CCC)n3)n2)nc1CCC|nitrate,Yb,nitrate,CCCc1nnc(-c2cccc(-c3nnc(CCC)c(CCC)n3)n2)nc1CCC,"[4, 5, 13, 14, 23, 24, 25]","[5, 13, 24]",7,3,8,9,1,3,1,0,polypyridyl_triazine,BTP_like_N3,template_pincer,tri_mer_bent,current_still_failed,template_replan,False
d686408b6267,0aecd3489a9f,69|CCCc1nnc(-c2cccc(-c3nnc(CCC)c(CCC)n3)n2)nc1CCC|nitrate,Tm,nitrate,CCCc1nnc(-c2cccc(-c3nnc(CCC)c(CCC)n3)n2)nc1CCC,"[4, 5, 13, 14, 23, 24, 25]","[5, 13, 24]",7,3,8,9,1,3,1,0,polypyridyl_triazine,BTP_like_N3,template_pincer,tri_mer_bent,current_still_failed,template_replan,False
a25c92c2c3c2,633bb9a91abb,67|CCCc1nnc(-c2cccc(-c3nnc(CCC)c(CCC)n3)n2)nc1CCC|nitrate,Ho,nitrate,CCCc1nnc(-c2cccc(-c3nnc(CCC)c(CCC)n3)n2)nc1CCC,"[4, 5, 13, 14, 23, 24, 25]","[5, 13, 24]",7,3,8,9,1,3,1,0,polypyridyl_triazine,BTP_like_N3,template_pincer,tri_mer_bent,current_still_failed,template_replan,False
edd1c598b6f5,f9bcf88fa10e,65|CCCc1nnc(-c2cccc(-c3nnc(CCC)c(CCC)n3)n2)nc1CCC|nitrate,Tb,nitrate,CCCc1nnc(-c2cccc(-c3nnc(CCC)c(CCC)n3)n2)nc1CCC,"[4, 5, 13, 14, 23, 24, 25]","[5, 13, 24]",7,3,8,9,1,3,1,0,polypyridyl_triazine,BTP_like_N3,template_pincer,tri_mer_bent,current_still_failed,template_replan,False
fc5e058253f6,f62150826242,64|CCCc1nnc(-c2cccc(-c3nnc(CCC)c(CCC)n3)n2)nc1CCC|nitrate,Gd,nitrate,CCCc1nnc(-c2cccc(-c3nnc(CCC)c(CCC)n3)n2)nc1CCC,"[4, 5, 13, 14, 23, 24, 25]","[5, 13, 24]",7,3,9,9,1,3,2,0,polypyridyl_triazine,BTP_like_N3,template_pincer,tri_mer_bent,deferred_nonfailed_audit,,False
ca5af664bc2a,7429951183bc,62|CCCc1nnc(-c2cccc(-c3nnc(CCC)c(CCC)n3)n2)nc1CCC|nitrate,Sm,nitrate,CCCc1nnc(-c2cccc(-c3nnc(CCC)c(CCC)n3)n2)nc1CCC,"[4, 5, 13, 14, 23, 24, 25]","[5, 13, 24]",7,3,9,9,1,3,2,0,polypyridyl_triazine,BTP_like_N3,template_pincer,tri_mer_bent,current_still_failed,template_replan,False
4f3be724a7f9,b70074b9c893,59|CCCc1nnc(-c2cccc(-c3nnc(CCC)c(CCC)n3)n2)nc1CCC|nitrate,Pr,nitrate,CCCc1nnc(-c2cccc(-c3nnc(CCC)c(CCC)n3)n2)nc1CCC,"[4, 5, 13, 14, 23, 24, 25]","[5, 13, 24]",7,3,9,9,1,3,2,0,polypyridyl_triazine,BTP_like_N3,template_pincer,tri_mer_bent,current_still_failed,template_replan,False
d7e8ec9f5e9d,d344f93c2bca,57|CCCc1nnc(-c2cccc(-c3nnc(CCC)c(CCC)n3)n2)nc1CCC|nitrate,La,nitrate,CCCc1nnc(-c2cccc(-c3nnc(CCC)c(CCC)n3)n2)nc1CCC,"[4, 5, 13, 14, 23, 24, 25]","[5, 13, 24]",7,3,9,9,1,3,2,0,polypyridyl_triazine,BTP_like_N3,template_pincer,tri_mer_bent,current_still_failed,template_replan,False
623b05528a11,aa3c3491a89d,63|CCCc1nnc(-c2cccc(-c3nnc(CCC)c(CCC)n3)n2)nc1CCC|nitrate,Eu,nitrate,CCCc1nnc(-c2cccc(-c3nnc(CCC)c(CCC)n3)n2)nc1CCC,"[4, 5, 13, 14, 23, 24, 25]","[5, 13, 24]",7,3,9,9,1,3,2,0,polypyridyl_triazine,BTP_like_N3,template_pincer,tri_mer_bent,current_still_failed,template_replan,False
f6d91e19679c,6b6af1c74412,60|CCCc1nnc(-c2cccc(-c3nnc(CCC)c(CCC)n3)n2)nc1CCC|nitrate,Nd,nitrate,CCCc1nnc(-c2cccc(-c3nnc(CCC)c(CCC)n3)n2)nc1CCC,"[4, 5, 13, 14, 23, 24, 25]","[5, 13, 24]",7,3,9,9,1,3,2,0,polypyridyl_triazine,BTP_like_N3,template_pincer,tri_mer_bent,current_still_failed,template_replan,False
65b25391293d,10998d28d5ed,63|CCCCCCN(CCCCCC)C(=O)COCC(=O)N1CCOCC1|nitrate,Eu,nitrate,CCCCCCN(CCCCCC)C(=O)COCC(=O)N1CCOCC1,"[14, 16, 19, 23]","[14, 16, 19]",4,3,9,9,2,3,1,0,compact_amide_core,compact_amide_core_3dent,template_amide_core,tri_mer_bent,deferred_nonfailed_audit,,False
973e13880b10,5d588faef98c,63|CCCCCCCCN(CCCCCCCC)C(=O)COCC(=O)N1CCOCC1|nitrate,Eu,nitrate,CCCCCCCCN(CCCCCCCC)C(=O)COCC(=O)N1CCOCC1,"[18, 20, 23, 27]","[18, 20, 23]",4,3,9,9,2,3,1,0,compact_amide_core,compact_amide_core_3dent,template_amide_core,tri_mer_bent,deferred_nonfailed_audit,,False
1df9841672b3,fc9034427664,63|CCCCCCCCN(CCCCCCCC)C(=O)COCC(=O)N1CCOCC1|water,Eu,water,CCCCCCCCN(CCCCCCCC)C(=O)COCC(=O)N1CCOCC1,"[18, 20, 23, 27]","[18, 20, 23]",4,3,9,9,2,3,1,0,compact_amide_core,compact_amide_core_3dent,template_amide_core,tri_mer_bent,deferred_nonfailed_audit,,False
881269e891b6,731c1043c740,63|CCCCCCN(CCCCCC)C(=O)COCC(=O)N1CCOCC1|water,Eu,water,CCCCCCN(CCCCCC)C(=O)COCC(=O)N1CCOCC1,"[14, 16, 19, 23]","[14, 16, 19]",4,3,9,9,2,3,1,0,compact_amide_core,compact_amide_core_3dent,template_amide_core,tri_mer_bent,deferred_nonfailed_audit,,False
f2bec3b5bee8,8a0bd0947a2d,63|COCCN(CCOC)C(=O)COCC(=O)N(CCOC)CCOC|water,Eu,water,COCCN(CCOC)C(=O)COCC(=O)N(CCOC)CCOC,"[1, 7, 10, 12, 15, 19, 23]","[10, 12, 15]",7,3,9,9,1,3,2,0,compact_amide_core,compact_amide_core_3dent,template_amide_core,tri_mer_bent,deferred_nonfailed_audit,,False
9d8312a84f84,98dccb589b36,63|CC1(C)CCC(C)(C)c2nc(-c3cccc(-c4cccc(-c5cccc(-c6nnc7c(n6)C(C)(C)CCC7(C)C)n5)n4)n3)nnc21|nitrate,Eu,nitrate,CC1(C)CCC(C)(C)c2nc(-c3cccc(-c4cccc(-c5cccc(-c6nnc7c(n6)C(C)(C)CCC7(C)C)n5)n4)n3)nnc21,"[9, 27, 28, 31, 40, 41, 42, 43]","[27, 40, 41, 42, 43]",8,5,9,9,1,1,1,4,polypyridyl_triazine,BTTP_like_N5,template_pincer,penta_planar_bent,deferred_nonfailed_audit,,False
b42eadd4a6e5,85f24a4c19c9,63|CC1(C)CCC(C)(C)c2nc(-c3cccc(-c4cccc(-c5ccccn5)n4)n3)nnc21|water,Eu,water,CC1(C)CCC(C)(C)c2nc(-c3cccc(-c4cccc(-c5ccccn5)n4)n3)nnc21,"[9, 26, 27, 28, 29, 30]","[26, 27, 28, 29]",6,4,9,9,1,1,3,5,polypyridyl_triazine,BTBP_BTPhen_like_N4,template_pincer,tetra_planar_bent,current_still_failed,template_replan,False
55d76dbadee1,5d3f8f981e36,63|CC1(C)CCC(C)(C)c2nc(-c3cccc(-c4cccc(-c5ccccn5)n4)n3)nnc21|nitrate,Eu,nitrate,CC1(C)CCC(C)(C)c2nc(-c3cccc(-c4cccc(-c5ccccn5)n4)n3)nnc21,"[9, 26, 27, 28, 29, 30]","[26, 27, 28, 29]",6,4,9,9,1,1,3,5,polypyridyl_triazine,BTBP_BTPhen_like_N4,template_pincer,tetra_planar_bent,deferred_nonfailed_audit,,False
ecdd71aa88de,da66a3b16f13,63|CCCCCCCCOc1cc(C(=O)Nc2ccc(C(C)(C)C)cc2)nc(C(=O)Nc2ccc(C(C)(C)C)cc2)c1|nitrate,Eu,nitrate,CCCCCCCCOc1cc(C(=O)Nc2ccc(C(C)(C)C)cc2)nc(C(=O)Nc2ccc(C(C)(C)C)cc2)c1,"[8, 13, 25, 28]","[13, 25, 28]",4,3,9,9,2,3,1,0,compact_amide_core,compact_amide_core_3dent,template_amide_core,tri_mer_bent,current_still_failed,template_replan,False
43dcce0bcec9,37dcfb7d60f1,63|CC1(C)CCC(C)(C)c2nc(-c3ccc4ccc5ccc(-c6nnc7c(n6)C(C)(C)CCC7(C)C)nc5c4n3)nnc21|water,Eu,water,CC1(C)CCC(C)(C)c2nc(-c3ccc4ccc5ccc(-c6nnc7c(n6)C(C)(C)CCC7(C)C)nc5c4n3)nnc21,"[9, 22, 23, 26, 35, 38, 39, 40]","[22, 35, 38, 39]",8,4,9,9,1,1,1,5,polypyridyl_triazine,BTBP_BTPhen_like_N4,template_pincer,tetra_planar_bent,current_still_failed,template_replan,False
5fdbc90e8042,35e0c00b8a88,63|CC1(C)CCC(C)(C)c2nc(-c3ccc4ccc5ccc(-c6nnc7c(n6)C(C)(C)CCC7(C)C)nc5c4n3)nnc21|nitrate,Eu,nitrate,CC1(C)CCC(C)(C)c2nc(-c3ccc4ccc5ccc(-c6nnc7c(n6)C(C)(C)CCC7(C)C)nc5c4n3)nnc21,"[9, 22, 23, 26, 35, 38, 39, 40]","[22, 35, 38, 39]",8,4,9,9,1,1,1,5,polypyridyl_triazine,BTBP_BTPhen_like_N4,template_pincer,tetra_planar_bent,current_still_failed,template_replan,False
8d3294e0ac8d,99c2c5354425,63|CC1(C)OC(C)(C)c2nc(-c3cccc(-c4cccc(-c5nnc6c(n5)C(C)(C)OC6(C)C)n4)n3)nnc21|nitrate,Eu,nitrate,CC1(C)OC(C)(C)c2nc(-c3cccc(-c4cccc(-c5nnc6c(n5)C(C)(C)OC6(C)C)n4)n3)nnc21,"[3, 8, 21, 22, 25, 29, 33, 34]","[21, 33, 34, 35]",8,4,9,9,1,1,1,5,polypyridyl_triazine,BTBP_BTPhen_like_N4,template_pincer,tetra_planar_bent,current_still_failed,template_replan,False
88a67671977b,d69bcbed26a0,63|CC1(C)SC(C)(C)c2nc(-c3cccc(-c4cccc(-c5nnc6c(n5)C(C)(C)SC6(C)C)n4)n3)nnc21|water,Eu,water,CC1(C)SC(C)(C)c2nc(-c3cccc(-c4cccc(-c5nnc6c(n5)C(C)(C)SC6(C)C)n4)n3)nnc21,"[3, 8, 21, 22, 25, 29, 33, 34]","[21, 33, 34, 35]",8,4,9,9,1,1,1,5,polypyridyl_triazine,BTBP_BTPhen_like_N4,template_pincer,tetra_planar_bent,current_still_failed,template_replan,False
11c19850c8fc,cf17beddcb28,63|CC1(C)SC(C)(C)c2nc(-c3cccc(-c4cccc(-c5nnc6c(n5)C(C)(C)SC6(C)C)n4)n3)nnc21|nitrate,Eu,nitrate,CC1(C)SC(C)(C)c2nc(-c3cccc(-c4cccc(-c5nnc6c(n5)C(C)(C)SC6(C)C)n4)n3)nnc21,"[3, 8, 21, 22, 25, 29, 33, 34]","[21, 33, 34, 35]",8,4,9,9,1,1,1,5,polypyridyl_triazine,BTBP_BTPhen_like_N4,template_pincer,tetra_planar_bent,current_still_failed,template_replan,False
4582e319dba6,150992a2339b,63|CCCCCCCCn1cc(-c2cc(CC(=O)O)cc(-c3cn(CCCCCCCC)nn3)n2)nn1|water,Eu,water,CCCCCCCCn1cc(-c2cc(CC(=O)O)cc(-c3cn(CCCCCCCC)nn3)n2)nn1,"[8, 22, 31, 32, 33, 34, 35]","[32, 33, 34]",7,3,9,9,1,3,2,0,pytri,PyTri_like_N3,template_pincer,tri_mer_bent,current_still_failed,template_replan,False
bbe930277304,0eb858552e51,63|CCCCCCCCn1cc(-c2cc(CC(=O)O)cc(-c3cn(CCCCCCCC)nn3)n2)nn1|nitrate,Eu,nitrate,CCCCCCCCn1cc(-c2cc(CC(=O)O)cc(-c3cn(CCCCCCCC)nn3)n2)nn1,"[8, 22, 31, 32, 33, 34, 35]","[32, 33, 34]",7,3,9,9,1,3,2,0,pytri,PyTri_like_N3,template_pincer,tri_mer_bent,current_still_failed,template_replan,False
382cd9e53432,d183c84956a2,63|CCCCOP(=S)(CP(=S)(OCCCC)OCCCC)OCCCC|water,Eu,water,CCCCOP(=S)(CP(=S)(OCCCC)OCCCC)OCCCC,"[4, 6, 9, 10, 15, 20]","[6, 9]",6,2,9,9,1,4,3,1,graph_pocket,phosphoryl_thiophosphoryl_2dent,template_other,bi_cis_chelating,current_still_failed,template_replan,False
240ecd647aa0,e2b5b8ad512b,63|CCCCOP(=S)(CP(=S)(OCCCC)OCCCC)OCCCC|nitrate,Eu,nitrate,CCCCOP(=S)(CP(=S)(OCCCC)OCCCC)OCCCC,"[4, 6, 9, 10, 15, 20]","[6, 9]",6,2,9,9,1,4,3,1,graph_pocket,phosphoryl_thiophosphoryl_2dent,template_other,bi_cis_chelating,deferred_nonfailed_audit,,False
23a2b97a5a9a,8676ff69ff9f,63|CCOP(=S)(COCP(=S)(OCC)OCC)OCC|water,Eu,water,CCOP(=S)(COCP(=S)(OCC)OCC)OCC,"[2, 4, 6, 9, 10, 13, 16]","[4, 6, 9]",7,3,9,9,1,3,2,0,graph_pocket,phosphoryl_thiophosphoryl_3dent,template_other,tri_mer_bent,deferred_nonfailed_audit,,False
5750f55fad0f,49faaeb2e7fb,63|CCOP(=S)(COCP(=S)(OCC)OCC)OCC|nitrate,Eu,nitrate,CCOP(=S)(COCP(=S)(OCC)OCC)OCC,"[2, 4, 6, 9, 10, 13, 16]","[4, 6, 9]",7,3,9,9,1,3,2,0,graph_pocket,phosphoryl_thiophosphoryl_3dent,template_other,tri_mer_bent,deferred_nonfailed_audit,,False
8d7b517c525c,d03af0f3e6a9,63|CCCCOP(=S)(COCP(=S)(OCCCC)OCCCC)OCCCC|water,Eu,water,CCCCOP(=S)(COCP(=S)(OCCCC)OCCCC)OCCCC,"[4, 6, 8, 11, 12, 17, 22]","[6, 8, 11]",7,3,9,9,1,3,2,0,graph_pocket,phosphoryl_thiophosphoryl_3dent,template_other,tri_mer_bent,deferred_nonfailed_audit,,False
50cc1d238b7c,9eb9c34ac812,63|CCCCOP(=S)(COCP(=S)(OCCCC)OCCCC)OCCCC|nitrate,Eu,nitrate,CCCCOP(=S)(COCP(=S)(OCCCC)OCCCC)OCCCC,"[4, 6, 8, 11, 12, 17, 22]","[6, 8, 11]",7,3,9,9,1,3,2,0,graph_pocket,phosphoryl_thiophosphoryl_3dent,template_other,tri_mer_bent,deferred_nonfailed_audit,,False
cb9b04403ae5,edbaf992f7bf,63|Cc1ccn(-c2cncc(-n3ccc(C)n3)n2)n1|nitrate,Eu,nitrate,Cc1ccn(-c2cncc(-n3ccc(C)n3)n2)n1,"[4, 7, 10, 15, 16, 17]","[7, 15, 16, 17]",6,4,9,9,1,2,3,1,graph_pocket,filtered_donor_pocket_4dent,template_other,tetra_planar_bent,current_still_failed,template_replan,False
063ec39d482f,19c18e2bf872,63|Cc1cc(-c2cc(C)cc(-c3nnc4c(n3)C(C)(C)CCC4(C)C)n2)nc(-c2nnc3c(n2)C(C)(C)CCC3(C)C)c1|water,Eu,water,Cc1cc(-c2cc(C)cc(-c3nnc4c(n3)C(C)(C)CCC4(C)C)n2)nc(-c2nnc3c(n2)C(C)(C)CCC3(C)C)c1,"[11, 12, 15, 24, 25, 28, 29, 32]","[11, 24, 25, 28]",8,4,9,9,1,1,1,5,polypyridyl_triazine,BTBP_BTPhen_like_N4,template_pincer,tetra_planar_bent,current_still_failed,template_replan,False
1a8a8a56f3cb,75a002a31497,63|Cc1cc(-c2cc(C)cc(-c3nnc4c(n3)C(C)(C)CCC4(C)C)n2)nc(-c2nnc3c(n2)C(C)(C)CCC3(C)C)c1|nitrate,Eu,nitrate,Cc1cc(-c2cc(C)cc(-c3nnc4c(n3)C(C)(C)CCC4(C)C)n2)nc(-c2nnc3c(n2)C(C)(C)CCC3(C)C)c1,"[11, 12, 15, 24, 25, 28, 29, 32]","[11, 24, 25, 28]",8,4,9,9,1,1,1,5,polypyridyl_triazine,BTBP_BTPhen_like_N4,template_pincer,tetra_planar_bent,current_still_failed,template_replan,False
b327caa3b7fb,82898fce9546,63|Cc1cc(C)n(-c2cncc(-n3nc(C)cc3C)n2)n1|nitrate,Eu,nitrate,Cc1cc(C)n(-c2cncc(-n3nc(C)cc3C)n2)n1,"[5, 8, 11, 12, 18, 19]","[8, 12, 18, 19]",6,4,9,9,1,2,3,1,graph_pocket,filtered_donor_pocket_4dent,template_other,tetra_planar_bent,current_still_failed,template_replan,False
1841839a3d87,3bf0d674d8bd,63|CCCCCCCCN(CCCCCCCC)C(=O)COCP(=O)(OCCCC)OCCCC|water,Eu,water,CCCCCCCCN(CCCCCCCC)C(=O)COCP(=O)(OCCCC)OCCCC,"[18, 20, 23, 24, 29]","[18, 20, 23]",5,3,9,9,1,3,4,0,graph_pocket,phosphoryl_thiophosphoryl_3dent,template_other,tri_mer_bent,deferred_nonfailed_audit,,False
e4175b10a80b,c8637dd9d49d,63|CCCCCCCCN(CCCCCCCC)C(=O)COCP(=O)(OCCCC)OCCCC|nitrate,Eu,nitrate,CCCCCCCCN(CCCCCCCC)C(=O)COCP(=O)(OCCCC)OCCCC,"[18, 20, 23, 24, 29]","[18, 20, 23]",5,3,9,9,1,3,4,0,graph_pocket,phosphoryl_thiophosphoryl_3dent,template_other,tri_mer_bent,deferred_nonfailed_audit,,False
c0236f78b8f1,73bcf4872e2f,63|CCCCCCCCN(CCCCCCCC)C(=O)CNCP(=O)(OCCCC)OCCCC|water,Eu,water,CCCCCCCCN(CCCCCCCC)C(=O)CNCP(=O)(OCCCC)OCCCC,"[18, 20, 23, 24, 29]","[18, 20, 23]",5,3,9,9,1,3,4,0,graph_pocket,phosphoryl_thiophosphoryl_3dent,template_other,tri_mer_bent,deferred_nonfailed_audit,,False
870627e86abc,e91a6a80bd6b,63|CCCCCCCCN(CCCCCCCC)C(=O)CNCP(=O)(OCCCC)OCCCC|nitrate,Eu,nitrate,CCCCCCCCN(CCCCCCCC)C(=O)CNCP(=O)(OCCCC)OCCCC,"[18, 20, 23, 24, 29]","[18, 20, 23]",5,3,9,9,1,3,4,0,graph_pocket,phosphoryl_thiophosphoryl_3dent,template_other,tri_mer_bent,deferred_nonfailed_audit,,False
54b95afb1c96,066e131bab03,63|CC(C)(C)c1cc(-c2cc(C(C)(C)C)cc(-c3nnc4c(n3)C(C)(C)CCC4(C)C)n2)nc(-c2nnc3c(n2)C(C)(C)CCC3(C)C)c1|nitrate,Eu,nitrate,CC(C)(C)c1cc(-c2cc(C(C)(C)C)cc(-c3nnc4c(n3)C(C)(C)CCC4(C)C)n2)nc(-c2nnc3c(n2)C(C)(C)CCC3(C)C)c1,"[17, 18, 21, 30, 31, 34, 35, 38]","[17, 30, 31, 34]",8,4,9,9,1,1,1,5,polypyridyl_triazine,BTBP_BTPhen_like_N4,template_pincer,tetra_planar_bent,current_still_failed,template_replan,False
25ade73f3220,9144cf676175,63|CC1(C)CCC(C)(C)c2nc(-c3cccc(-c4cccc(-c5cccc(-c6nnc7c(n6)C(C)(C)CCC7(C)C)n5)n4)n3)nnc21|water,Eu,water,CC1(C)CCC(C)(C)c2nc(-c3cccc(-c4cccc(-c5cccc(-c6nnc7c(n6)C(C)(C)CCC7(C)C)n5)n4)n3)nnc21,"[9, 27, 28, 31, 40, 41, 42, 43]","[27, 40, 41, 42, 43]",8,5,9,9,1,1,1,4,polypyridyl_triazine,BTTP_like_N5,template_pincer,penta_planar_bent,current_still_failed,template_replan,False
2a477ef1f0f3,e5b3e79347b5,63|CCCCCCn1c(-c2ccccc2)c(-c2ccccc2)c2cc3ccc4cc5c(-c6ccccc6)c(-c6ccccc6)n(CCCCCC)c(=O)c5nc4c3nc2c1=O|nitrate,Eu,nitrate,CCCCCCn1c(-c2ccccc2)c(-c2ccccc2)c2cc3ccc4cc5c(-c6ccccc6)c(-c6ccccc6)n(CCCCCC)c(=O)c5nc4c3nc2c1=O,"[6, 43, 51, 53, 56, 59]","[51, 53, 56, 59]",6,4,9,9,1,1,3,5,graph_pocket,large_rigid_filtered_4dent,template_large_rigid,tetra_planar_bent,current_still_failed,template_replan,False
fbeb4feade31,5355a09ac181,63|CCCCCCn1c(-c2ccccc2)c(-c2ccccc2)c2cc3ccc4cc5c(-c6ccccc6)c(-c6ccccc6)n(CCCCCC)c(=O)c5nc4c3nc2c1=O|water,Eu,water,CCCCCCn1c(-c2ccccc2)c(-c2ccccc2)c2cc3ccc4cc5c(-c6ccccc6)c(-c6ccccc6)n(CCCCCC)c(=O)c5nc4c3nc2c1=O,"[6, 43, 51, 53, 56, 59]","[51, 53, 56, 59]",6,4,9,9,1,1,3,5,graph_pocket,large_rigid_filtered_4dent,template_large_rigid,tetra_planar_bent,current_still_failed,template_replan,False
6657c2fbd39d,3e5d617998e4,63|O=c1c(O)c(-c2ccc(O)c(O)c2)oc2cc(O)cc(O)c12|nitrate,Eu,nitrate,O=c1c(O)c(-c2ccc(O)c(O)c2)oc2cc(O)cc(O)c12,"[0, 3, 9, 11, 13, 17, 20]","[0, 3]",7,2,9,9,1,2,2,5,flavonol_3hydroxy_4oxo,flavonol_3OH_4oxo_bidentate,template_flavonol,bi_cis_chelating,current_still_failed,template_replan,False
337c532af554,fa261639097d,64|COCCN(CCOC)C(=O)COCC(=O)N(CCOC)CCOC|water,Gd,water,COCCN(CCOC)C(=O)COCC(=O)N(CCOC)CCOC,"[1, 7, 10, 12, 15, 19, 23]","[10, 12, 15]",7,3,9,9,1,3,2,0,compact_amide_core,compact_amide_core_3dent,template_amide_core,tri_mer_bent,deferred_nonfailed_audit,,False
05a03a08886e,64774e79e81c,64|CCCCCCn1c(-c2ccccc2)c(-c2ccccc2)c2cc3ccc4cc5c(-c6ccccc6)c(-c6ccccc6)n(CCCCCC)c(=O)c5nc4c3nc2c1=O|nitrate,Gd,nitrate,CCCCCCn1c(-c2ccccc2)c(-c2ccccc2)c2cc3ccc4cc5c(-c6ccccc6)c(-c6ccccc6)n(CCCCCC)c(=O)c5nc4c3nc2c1=O,"[6, 43, 51, 53, 56, 59]","[51, 53, 56, 59]",6,4,9,9,1,1,3,5,graph_pocket,large_rigid_filtered_4dent,template_large_rigid,tetra_planar_bent,current_still_failed,template_replan,False
2e531fb08047,37a7e6578c98,64|CCCCCCn1c(-c2ccccc2)c(-c2ccccc2)c2cc3ccc4cc5c(-c6ccccc6)c(-c6ccccc6)n(CCCCCC)c(=O)c5nc4c3nc2c1=O|water,Gd,water,CCCCCCn1c(-c2ccccc2)c(-c2ccccc2)c2cc3ccc4cc5c(-c6ccccc6)c(-c6ccccc6)n(CCCCCC)c(=O)c5nc4c3nc2c1=O,"[6, 43, 51, 53, 56, 59]","[51, 53, 56, 59]",6,4,9,9,1,1,3,5,graph_pocket,large_rigid_filtered_4dent,template_large_rigid,tetra_planar_bent,current_still_failed,template_replan,False
4c1137e8e97b,2a58096ef2af,67|COCCN(CCOC)C(=O)COCC(=O)N(CCOC)CCOC|water,Ho,water,COCCN(CCOC)C(=O)COCC(=O)N(CCOC)CCOC,"[1, 7, 10, 12, 15, 19, 23]","[10, 12, 15]",7,3,8,8,1,2,1,2,compact_amide_core,compact_amide_core_3dent,template_amide_core,tri_mer_bent,deferred_nonfailed_audit,,False
9b88ecdb5d6a,75c4380e37c9,67|CCCCCCn1c(-c2ccccc2)c(-c2ccccc2)c2cc3ccc4cc5c(-c6ccccc6)c(-c6ccccc6)n(CCCCCC)c(=O)c5nc4c3nc2c1=O|nitrate,Ho,nitrate,CCCCCCn1c(-c2ccccc2)c(-c2ccccc2)c2cc3ccc4cc5c(-c6ccccc6)c(-c6ccccc6)n(CCCCCC)c(=O)c5nc4c3nc2c1=O,"[6, 43, 51, 53, 56, 59]","[51, 53, 56, 59]",6,4,8,8,1,1,2,4,graph_pocket,large_rigid_filtered_4dent,template_large_rigid,tetra_planar_bent,current_still_failed,template_replan,False
62f0b304a15a,45a08ce57e6e,67|CCCCCCn1c(-c2ccccc2)c(-c2ccccc2)c2cc3ccc4cc5c(-c6ccccc6)c(-c6ccccc6)n(CCCCCC)c(=O)c5nc4c3nc2c1=O|water,Ho,water,CCCCCCn1c(-c2ccccc2)c(-c2ccccc2)c2cc3ccc4cc5c(-c6ccccc6)c(-c6ccccc6)n(CCCCCC)c(=O)c5nc4c3nc2c1=O,"[6, 43, 51, 53, 56, 59]","[51, 53, 56, 59]",6,4,8,8,1,1,2,4,graph_pocket,large_rigid_filtered_4dent,template_large_rigid,tetra_planar_bent,current_still_failed,template_replan,False
9823bd9409ca,74304b2aaa89,57|COCCN(CCOC)C(=O)COCC(=O)N(CCOC)CCOC|water,La,water,COCCN(CCOC)C(=O)COCC(=O)N(CCOC)CCOC,"[1, 7, 10, 12, 15, 19, 23]","[10, 12, 15]",7,3,9,9,1,3,2,0,compact_amide_core,compact_amide_core_3dent,template_amide_core,tri_mer_bent,deferred_nonfailed_audit,,False
8895a6ee019b,2f4afdcc8771,57|CCCCCCn1c(-c2ccccc2)c(-c2ccccc2)c2cc3ccc4cc5c(-c6ccccc6)c(-c6ccccc6)n(CCCCCC)c(=O)c5nc4c3nc2c1=O|nitrate,La,nitrate,CCCCCCn1c(-c2ccccc2)c(-c2ccccc2)c2cc3ccc4cc5c(-c6ccccc6)c(-c6ccccc6)n(CCCCCC)c(=O)c5nc4c3nc2c1=O,"[6, 43, 51, 53, 56, 59]","[51, 53, 56, 59]",6,4,9,9,1,1,3,5,graph_pocket,large_rigid_filtered_4dent,template_large_rigid,tetra_planar_bent,current_still_failed,template_replan,False
65d6bea6dcfa,a76a8b802706,57|CCCCCCn1c(-c2ccccc2)c(-c2ccccc2)c2cc3ccc4cc5c(-c6ccccc6)c(-c6ccccc6)n(CCCCCC)c(=O)c5nc4c3nc2c1=O|water,La,water,CCCCCCn1c(-c2ccccc2)c(-c2ccccc2)c2cc3ccc4cc5c(-c6ccccc6)c(-c6ccccc6)n(CCCCCC)c(=O)c5nc4c3nc2c1=O,"[6, 43, 51, 53, 56, 59]","[51, 53, 56, 59]",6,4,9,9,1,1,3,5,graph_pocket,large_rigid_filtered_4dent,template_large_rigid,tetra_planar_bent,current_still_failed,template_replan,False
d655b942946b,3f4387c39fa0,57|O=c1c(O)c(-c2ccc(O)c(O)c2)oc2cc(O)cc(O)c12|nitrate,La,nitrate,O=c1c(O)c(-c2ccc(O)c(O)c2)oc2cc(O)cc(O)c12,"[0, 3, 9, 11, 13, 17, 20]","[0, 3]",7,2,9,9,1,2,2,5,flavonol_3hydroxy_4oxo,flavonol_3OH_4oxo_bidentate,template_flavonol,bi_cis_chelating,deferred_nonfailed_audit,,False
422eaccbf51e,d08732a72754,71|COCCN(CCOC)C(=O)COCC(=O)N(CCOC)CCOC|water,Lu,water,COCCN(CCOC)C(=O)COCC(=O)N(CCOC)CCOC,"[1, 7, 10, 12, 15, 19, 23]","[10, 12, 15]",7,3,8,8,1,2,1,2,compact_amide_core,compact_amide_core_3dent,template_amide_core,tri_mer_bent,current_still_failed,template_replan,False
cc05c1c73d3e,08140b63d6f3,71|CCCCCCn1c(-c2ccccc2)c(-c2ccccc2)c2cc3ccc4cc5c(-c6ccccc6)c(-c6ccccc6)n(CCCCCC)c(=O)c5nc4c3nc2c1=O|nitrate,Lu,nitrate,CCCCCCn1c(-c2ccccc2)c(-c2ccccc2)c2cc3ccc4cc5c(-c6ccccc6)c(-c6ccccc6)n(CCCCCC)c(=O)c5nc4c3nc2c1=O,"[6, 43, 51, 53, 56, 59]","[51, 53, 56, 59]",6,4,8,8,1,1,2,4,graph_pocket,large_rigid_filtered_4dent,template_large_rigid,tetra_planar_bent,current_still_failed,template_replan,False
01e76e93d20f,727bfd0c6ac8,71|CCCCCCn1c(-c2ccccc2)c(-c2ccccc2)c2cc3ccc4cc5c(-c6ccccc6)c(-c6ccccc6)n(CCCCCC)c(=O)c5nc4c3nc2c1=O|water,Lu,water,CCCCCCn1c(-c2ccccc2)c(-c2ccccc2)c2cc3ccc4cc5c(-c6ccccc6)c(-c6ccccc6)n(CCCCCC)c(=O)c5nc4c3nc2c1=O,"[6, 43, 51, 53, 56, 59]","[51, 53, 56, 59]",6,4,8,8,1,1,2,4,graph_pocket,large_rigid_filtered_4dent,template_large_rigid,tetra_planar_bent,current_still_failed,template_replan,False
2008860df8de,4d569da740a8,70|O=c1c(O)c(-c2ccc(O)c(O)c2)oc2cc(O)cc(O)c12|nitrate,Yb,nitrate,O=c1c(O)c(-c2ccc(O)c(O)c2)oc2cc(O)cc(O)c12,"[0, 3, 9, 11, 13, 17, 20]","[0, 3]",7,2,8,8,1,2,1,4,flavonol_3hydroxy_4oxo,flavonol_3OH_4oxo_bidentate,template_flavonol,bi_cis_chelating,deferred_nonfailed_audit,,False
378fee4fe5c6,31dea45a35af,60|COCCN(CCOC)C(=O)COCC(=O)N(CCOC)CCOC|water,Nd,water,COCCN(CCOC)C(=O)COCC(=O)N(CCOC)CCOC,"[1, 7, 10, 12, 15, 19, 23]","[10, 12, 15]",7,3,9,9,1,3,2,0,compact_amide_core,compact_amide_core_3dent,template_amide_core,tri_mer_bent,deferred_nonfailed_audit,,False
11ac249f26c1,f2c95f4a7bc0,60|CCCCCCn1c(-c2ccccc2)c(-c2ccccc2)c2cc3ccc4cc5c(-c6ccccc6)c(-c6ccccc6)n(CCCCCC)c(=O)c5nc4c3nc2c1=O|nitrate,Nd,nitrate,CCCCCCn1c(-c2ccccc2)c(-c2ccccc2)c2cc3ccc4cc5c(-c6ccccc6)c(-c6ccccc6)n(CCCCCC)c(=O)c5nc4c3nc2c1=O,"[6, 43, 51, 53, 56, 59]","[51, 53, 56, 59]",6,4,9,9,1,1,3,5,graph_pocket,large_rigid_filtered_4dent,template_large_rigid,tetra_planar_bent,current_still_failed,template_replan,False
467fe4b7a7ef,c08199fcc06a,60|CCCCCCn1c(-c2ccccc2)c(-c2ccccc2)c2cc3ccc4cc5c(-c6ccccc6)c(-c6ccccc6)n(CCCCCC)c(=O)c5nc4c3nc2c1=O|water,Nd,water,CCCCCCn1c(-c2ccccc2)c(-c2ccccc2)c2cc3ccc4cc5c(-c6ccccc6)c(-c6ccccc6)n(CCCCCC)c(=O)c5nc4c3nc2c1=O,"[6, 43, 51, 53, 56, 59]","[51, 53, 56, 59]",6,4,9,9,1,1,3,5,graph_pocket,large_rigid_filtered_4dent,template_large_rigid,tetra_planar_bent,current_still_failed,template_replan,False
7585da06f83d,81c599af2d28,59|COCCN(CCOC)C(=O)COCC(=O)N(CCOC)CCOC|water,Pr,water,COCCN(CCOC)C(=O)COCC(=O)N(CCOC)CCOC,"[1, 7, 10, 12, 15, 19, 23]","[10, 12, 15]",7,3,9,9,1,3,2,0,compact_amide_core,compact_amide_core_3dent,template_amide_core,tri_mer_bent,deferred_nonfailed_audit,,False
c614ad7fb8d4,5771fd6fb8d5,62|COCCN(CCOC)C(=O)COCC(=O)N(CCOC)CCOC|water,Sm,water,COCCN(CCOC)C(=O)COCC(=O)N(CCOC)CCOC,"[1, 7, 10, 12, 15, 19, 23]","[10, 12, 15]",7,3,9,9,1,3,2,0,compact_amide_core,compact_amide_core_3dent,template_amide_core,tri_mer_bent,deferred_nonfailed_audit,,False
5370ca21e6d7,bfb580bc740f,65|COCCN(CCOC)C(=O)COCC(=O)N(CCOC)CCOC|water,Tb,water,COCCN(CCOC)C(=O)COCC(=O)N(CCOC)CCOC,"[1, 7, 10, 12, 15, 19, 23]","[10, 12, 15]",7,3,8,8,1,2,1,2,compact_amide_core,compact_amide_core_3dent,template_amide_core,tri_mer_bent,deferred_nonfailed_audit,,False
fd3fe197d04d,89e8a53b9f06,69|COCCN(CCOC)C(=O)COCC(=O)N(CCOC)CCOC|water,Tm,water,COCCN(CCOC)C(=O)COCC(=O)N(CCOC)CCOC,"[1, 7, 10, 12, 15, 19, 23]","[10, 12, 15]",7,3,8,8,1,2,1,2,compact_amide_core,compact_amide_core_3dent,template_amide_core,tri_mer_bent,deferred_nonfailed_audit,,False
b9bcc8dbd520,1b5e6448382a,70|COCCN(CCOC)C(=O)COCC(=O)N(CCOC)CCOC|water,Yb,water,COCCN(CCOC)C(=O)COCC(=O)N(CCOC)CCOC,"[1, 7, 10, 12, 15, 19, 23]","[10, 12, 15]",7,3,8,8,1,2,1,2,compact_amide_core,compact_amide_core_3dent,template_amide_core,tri_mer_bent,deferred_nonfailed_audit,,False
ed83b77205f9,9edd30d43217,59|CCCCCCn1c(-c2ccccc2)c(-c2ccccc2)c2cc3ccc4cc5c(-c6ccccc6)c(-c6ccccc6)n(CCCCCC)c(=O)c5nc4c3nc2c1=O|water,Pr,water,CCCCCCn1c(-c2ccccc2)c(-c2ccccc2)c2cc3ccc4cc5c(-c6ccccc6)c(-c6ccccc6)n(CCCCCC)c(=O)c5nc4c3nc2c1=O,"[6, 43, 51, 53, 56, 59]","[51, 53, 56, 59]",6,4,9,9,1,1,3,5,graph_pocket,large_rigid_filtered_4dent,template_large_rigid,tetra_planar_bent,current_still_failed,template_replan,False
a0d3025a66af,e522c6af3da3,59|CCCCCCn1c(-c2ccccc2)c(-c2ccccc2)c2cc3ccc4cc5c(-c6ccccc6)c(-c6ccccc6)n(CCCCCC)c(=O)c5nc4c3nc2c1=O|nitrate,Pr,nitrate,CCCCCCn1c(-c2ccccc2)c(-c2ccccc2)c2cc3ccc4cc5c(-c6ccccc6)c(-c6ccccc6)n(CCCCCC)c(=O)c5nc4c3nc2c1=O,"[6, 43, 51, 53, 56, 59]","[51, 53, 56, 59]",6,4,9,9,1,1,3,5,graph_pocket,large_rigid_filtered_4dent,template_large_rigid,tetra_planar_bent,current_still_failed,template_replan,False
6ddb7853aa70,6814dce4e9a2,62|CCCCCCn1c(-c2ccccc2)c(-c2ccccc2)c2cc3ccc4cc5c(-c6ccccc6)c(-c6ccccc6)n(CCCCCC)c(=O)c5nc4c3nc2c1=O|nitrate,Sm,nitrate,CCCCCCn1c(-c2ccccc2)c(-c2ccccc2)c2cc3ccc4cc5c(-c6ccccc6)c(-c6ccccc6)n(CCCCCC)c(=O)c5nc4c3nc2c1=O,"[6, 43, 51, 53, 56, 59]","[51, 53, 56, 59]",6,4,9,9,1,1,3,5,graph_pocket,large_rigid_filtered_4dent,template_large_rigid,tetra_planar_bent,current_still_failed,template_replan,False
b4c75f037006,cd4e4f1ad90f,62|CCCCCCn1c(-c2ccccc2)c(-c2ccccc2)c2cc3ccc4cc5c(-c6ccccc6)c(-c6ccccc6)n(CCCCCC)c(=O)c5nc4c3nc2c1=O|water,Sm,water,CCCCCCn1c(-c2ccccc2)c(-c2ccccc2)c2cc3ccc4cc5c(-c6ccccc6)c(-c6ccccc6)n(CCCCCC)c(=O)c5nc4c3nc2c1=O,"[6, 43, 51, 53, 56, 59]","[51, 53, 56, 59]",6,4,9,9,1,1,3,5,graph_pocket,large_rigid_filtered_4dent,template_large_rigid,tetra_planar_bent,current_still_failed,template_replan,False
f6e1351abbb0,720248d0b7c3,65|CCCCCCn1c(-c2ccccc2)c(-c2ccccc2)c2cc3ccc4cc5c(-c6ccccc6)c(-c6ccccc6)n(CCCCCC)c(=O)c5nc4c3nc2c1=O|nitrate,Tb,nitrate,CCCCCCn1c(-c2ccccc2)c(-c2ccccc2)c2cc3ccc4cc5c(-c6ccccc6)c(-c6ccccc6)n(CCCCCC)c(=O)c5nc4c3nc2c1=O,"[6, 43, 51, 53, 56, 59]","[51, 53, 56, 59]",6,4,8,8,1,1,2,4,graph_pocket,large_rigid_filtered_4dent,template_large_rigid,tetra_planar_bent,current_still_failed,template_replan,False
a6e2f5bc31e8,5f2b8468aa9e,65|CCCCCCn1c(-c2ccccc2)c(-c2ccccc2)c2cc3ccc4cc5c(-c6ccccc6)c(-c6ccccc6)n(CCCCCC)c(=O)c5nc4c3nc2c1=O|water,Tb,water,CCCCCCn1c(-c2ccccc2)c(-c2ccccc2)c2cc3ccc4cc5c(-c6ccccc6)c(-c6ccccc6)n(CCCCCC)c(=O)c5nc4c3nc2c1=O,"[6, 43, 51, 53, 56, 59]","[51, 53, 56, 59]",6,4,8,8,1,1,2,4,graph_pocket,large_rigid_filtered_4dent,template_large_rigid,tetra_planar_bent,current_still_failed,template_replan,False
b6234ce57a75,467997a16193,70|CCCCCCn1c(-c2ccccc2)c(-c2ccccc2)c2cc3ccc4cc5c(-c6ccccc6)c(-c6ccccc6)n(CCCCCC)c(=O)c5nc4c3nc2c1=O|nitrate,Yb,nitrate,CCCCCCn1c(-c2ccccc2)c(-c2ccccc2)c2cc3ccc4cc5c(-c6ccccc6)c(-c6ccccc6)n(CCCCCC)c(=O)c5nc4c3nc2c1=O,"[6, 43, 51, 53, 56, 59]","[51, 53, 56, 59]",6,4,8,8,1,1,2,4,graph_pocket,large_rigid_filtered_4dent,template_large_rigid,tetra_planar_bent,current_still_failed,template_replan,False
9fc207440e89,489589433060,69|CCCCCCn1c(-c2ccccc2)c(-c2ccccc2)c2cc3ccc4cc5c(-c6ccccc6)c(-c6ccccc6)n(CCCCCC)c(=O)c5nc4c3nc2c1=O|nitrate,Tm,nitrate,CCCCCCn1c(-c2ccccc2)c(-c2ccccc2)c2cc3ccc4cc5c(-c6ccccc6)c(-c6ccccc6)n(CCCCCC)c(=O)c5nc4c3nc2c1=O,"[6, 43, 51, 53, 56, 59]","[51, 53, 56, 59]",6,4,8,8,1,1,2,4,graph_pocket,large_rigid_filtered_4dent,template_large_rigid,tetra_planar_bent,current_still_failed,template_replan,False
a0aa0701cbf7,22118ecd164c,70|CCCCCCn1c(-c2ccccc2)c(-c2ccccc2)c2cc3ccc4cc5c(-c6ccccc6)c(-c6ccccc6)n(CCCCCC)c(=O)c5nc4c3nc2c1=O|water,Yb,water,CCCCCCn1c(-c2ccccc2)c(-c2ccccc2)c2cc3ccc4cc5c(-c6ccccc6)c(-c6ccccc6)n(CCCCCC)c(=O)c5nc4c3nc2c1=O,"[6, 43, 51, 53, 56, 59]","[51, 53, 56, 59]",6,4,8,8,1,1,2,4,graph_pocket,large_rigid_filtered_4dent,template_large_rigid,tetra_planar_bent,current_still_failed,template_replan,False
b6783a4dd86e,b3aab25af2f6,69|CCCCCCn1c(-c2ccccc2)c(-c2ccccc2)c2cc3ccc4cc5c(-c6ccccc6)c(-c6ccccc6)n(CCCCCC)c(=O)c5nc4c3nc2c1=O|water,Tm,water,CCCCCCn1c(-c2ccccc2)c(-c2ccccc2)c2cc3ccc4cc5c(-c6ccccc6)c(-c6ccccc6)n(CCCCCC)c(=O)c5nc4c3nc2c1=O,"[6, 43, 51, 53, 56, 59]","[51, 53, 56, 59]",6,4,8,8,1,1,2,4,graph_pocket,large_rigid_filtered_4dent,template_large_rigid,tetra_planar_bent,current_still_failed,template_replan,False
