build_id,reference,Atomic Number_metal,metal_symbol,metal_ox,SMILES_FOR_ARCHITECTOR,COORDLIST,DONOR_TYPES,DENTATE,coreCN,n_ligs,inner_sphere_anion,fill_ligand,n_fill,xyz_path,mol2_path,sdf_path,energy_eV,status,note,qc_status,smiles_for_architector_original,smiles_for_architector_used,simplified_ligand,ligtype_override,xyz_exists,qc_class,qc_note,nearest_coreCN_sig,coreCN_max_dist,next_donor_dist,gap_after_coreCN,all_nearest,best_qc_class,best_coreCN_max_dist,best_gap_after_coreCN,best_xyz_path,best_failed_xyz_path,failure_note,source_build_id,rescue_route,run_group,ligand_family,donor_strategy,original_COORDLIST,original_DENTATE,original_coreCN,original_n_ligs,original_n_fill,proposed_COORDLIST,proposed_DENTATE,proposed_coreCN,proposed_n_ligs,proposed_n_fill,template_change_note
efb3bcbad38f,,58,Ce,3,CCCCCCn1c(-c2ccccc2)c(-c2ccccc2)c2cc3ccc4cc5c(-c6ccccc6)c(-c6ccccc6)n(CCCCCC)c(=O)c5nc4c3nc2c1=O,"[51, 53, 56, 59]","[""O(amide_carbonyl)"", ""N(aromatic)"", ""N(aromatic)"", ""O(amide_carbonyl)""]",4,9,1,nitrate,nitrate,5,/nfs/home/nshank3/lanthanide_dataset_builder/data/geometries/Ce/Ce_Z58_ox3_CN9_nlig1_nitrate_23bc11341179.xyz,/nfs/home/nshank3/lanthanide_dataset_builder/data/geometries/Ce/Ce_Z58_ox3_CN9_nlig1_nitrate_23bc11341179.mol2,,,existing_ok,recovered_from_disk,accepted,CCCCCCn1c(-c2ccccc2)c(-c2ccccc2)c2cc3ccc4cc5c(-c6ccccc6)c(-c6ccccc6)n(CCCCCC)c(=O)c5nc4c3nc2c1=O,CCCCCCn1c(-c2ccccc2)c(-c2ccccc2)c2cc3ccc4cc5c(-c6ccccc6)c(-c6ccccc6)n(CCCCCC)c(=O)c5nc4c3nc2c1=O,False,,True,FAIL_LONG_BOND,coreCN_max_dist>3.10,O114:2.152;O113:2.184;O60:2.311;O52:2.332;N57:2.519;N111:2.531;N54:2.535;O115:2.882;O112:3.707,3.7069,3.7339,0.027,O114:2.152;O113:2.184;O60:2.311;O52:2.332;N57:2.519;N111:2.531;N54:2.535;O115:2.882;O112:3.707;N44:3.734;N7:4.138,FAIL_LONG_BOND,3.2927,0.3734,data/processed/geometries_regenerated_fail_long_bond/rejected/Ce/Ce_Z58_ox3_CN9_nlig1_nitrate_23bc11341179_attempt01_standard_dup2.xyz,data/processed/geometries_regenerated_fail_long_bond/best_failed/Ce/Ce_Z58_ox3_CN9_nlig1_nitrate_23bc11341179_attempt01_standard_dup2.xyz,no_structures_returned,23bc11341179,template_replan,template_large_rigid,large_rigid_filtered_4dent,graph_pocket,"[6, 43, 51, 53, 56, 59]",6,9,1,3,"[51, 53, 56, 59]",4,9,1,5,donors 6->4; coreCN 9->9; n_ligs 1->1; n_fill 3->5; new build_id preserves original geometry
767120592b2e,,58,Ce,3,CCCCCCn1c(-c2ccccc2)c(-c2ccccc2)c2cc3ccc4cc5c(-c6ccccc6)c(-c6ccccc6)n(CCCCCC)c(=O)c5nc4c3nc2c1=O,"[51, 53, 56, 59]","[""O(amide_carbonyl)"", ""N(aromatic)"", ""N(aromatic)"", ""O(amide_carbonyl)""]",4,9,1,water,water,5,/nfs/home/nshank3/lanthanide_dataset_builder/data/geometries/Ce/Ce_Z58_ox3_CN9_nlig1_water_1e103e29e69e.xyz,/nfs/home/nshank3/lanthanide_dataset_builder/data/geometries/Ce/Ce_Z58_ox3_CN9_nlig1_water_1e103e29e69e.mol2,,,existing_ok,recovered_from_disk,accepted,CCCCCCn1c(-c2ccccc2)c(-c2ccccc2)c2cc3ccc4cc5c(-c6ccccc6)c(-c6ccccc6)n(CCCCCC)c(=O)c5nc4c3nc2c1=O,CCCCCCn1c(-c2ccccc2)c(-c2ccccc2)c2cc3ccc4cc5c(-c6ccccc6)c(-c6ccccc6)n(CCCCCC)c(=O)c5nc4c3nc2c1=O,False,,True,FAIL_LONG_BOND,coreCN_max_dist>3.10,O60:2.209;O52:2.290;O117:2.495;N54:2.566;O114:2.583;N57:2.584;O111:2.675;N7:4.132;N44:4.279,4.2793,inf,inf,O60:2.209;O52:2.290;O117:2.495;N54:2.566;O114:2.583;N57:2.584;O111:2.675;N7:4.132;N44:4.279,FAIL_LONG_BOND,4.3586,inf,data/processed/geometries_regenerated_fail_long_bond/rejected/Ce/Ce_Z58_ox3_CN9_nlig1_water_1e103e29e69e_attempt01_standard_dup2.xyz,data/processed/geometries_regenerated_fail_long_bond/best_failed/Ce/Ce_Z58_ox3_CN9_nlig1_water_1e103e29e69e_attempt01_standard_dup2.xyz,coreCN_max_dist>3.10,1e103e29e69e,template_replan,template_large_rigid,large_rigid_filtered_4dent,graph_pocket,"[6, 43, 51, 53, 56, 59]",6,9,1,3,"[51, 53, 56, 59]",4,9,1,5,donors 6->4; coreCN 9->9; n_ligs 1->1; n_fill 3->5; new build_id preserves original geometry
2a517d56ff41,,66,Dy,3,CCCCCCn1c(-c2ccccc2)c(-c2ccccc2)c2cc3ccc4cc5c(-c6ccccc6)c(-c6ccccc6)n(CCCCCC)c(=O)c5nc4c3nc2c1=O,"[51, 53, 56, 59]","[""O(amide_carbonyl)"", ""N(aromatic)"", ""N(aromatic)"", ""O(amide_carbonyl)""]",4,8,1,nitrate,nitrate,4,/nfs/home/nshank3/lanthanide_dataset_builder/data/geometries/Dy/Dy_Z66_ox3_CN8_nlig1_nitrate_af2a56f162b8.xyz,/nfs/home/nshank3/lanthanide_dataset_builder/data/geometries/Dy/Dy_Z66_ox3_CN8_nlig1_nitrate_af2a56f162b8.mol2,,,existing_ok,recovered_from_disk,accepted,CCCCCCn1c(-c2ccccc2)c(-c2ccccc2)c2cc3ccc4cc5c(-c6ccccc6)c(-c6ccccc6)n(CCCCCC)c(=O)c5nc4c3nc2c1=O,CCCCCCn1c(-c2ccccc2)c(-c2ccccc2)c2cc3ccc4cc5c(-c6ccccc6)c(-c6ccccc6)n(CCCCCC)c(=O)c5nc4c3nc2c1=O,False,,True,FAIL_LONG_BOND,coreCN_max_dist>3.10,O114:2.018;O113:2.075;O52:2.125;O60:2.132;N111:2.413;N54:2.581;N57:2.659;O112:3.574,3.5737,3.9968,0.4231,O114:2.018;O113:2.075;O52:2.125;O60:2.132;N111:2.413;N54:2.581;N57:2.659;O112:3.574;N44:3.997;N7:4.114,FAIL_LONG_BOND,3.4876,0.0255,data/processed/geometries_regenerated_fail_long_bond/rejected/Dy/Dy_Z66_ox3_CN8_nlig1_nitrate_af2a56f162b8_attempt01_standard_dup2.xyz,data/processed/geometries_regenerated_fail_long_bond/best_failed/Dy/Dy_Z66_ox3_CN8_nlig1_nitrate_af2a56f162b8_attempt01_standard_dup2.xyz,coreCN_max_dist>3.10,af2a56f162b8,template_replan,template_large_rigid,large_rigid_filtered_4dent,graph_pocket,"[6, 43, 51, 53, 56, 59]",6,8,1,2,"[51, 53, 56, 59]",4,8,1,4,donors 6->4; coreCN 8->8; n_ligs 1->1; n_fill 2->4; new build_id preserves original geometry
ae268fc436f5,,66,Dy,3,CCCCCCn1c(-c2ccccc2)c(-c2ccccc2)c2cc3ccc4cc5c(-c6ccccc6)c(-c6ccccc6)n(CCCCCC)c(=O)c5nc4c3nc2c1=O,"[51, 53, 56, 59]","[""O(amide_carbonyl)"", ""N(aromatic)"", ""N(aromatic)"", ""O(amide_carbonyl)""]",4,8,1,water,water,4,/nfs/home/nshank3/lanthanide_dataset_builder/data/geometries/Dy/Dy_Z66_ox3_CN8_nlig1_water_a61bb065986b.xyz,/nfs/home/nshank3/lanthanide_dataset_builder/data/geometries/Dy/Dy_Z66_ox3_CN8_nlig1_water_a61bb065986b.mol2,,,existing_ok,recovered_from_disk,accepted,CCCCCCn1c(-c2ccccc2)c(-c2ccccc2)c2cc3ccc4cc5c(-c6ccccc6)c(-c6ccccc6)n(CCCCCC)c(=O)c5nc4c3nc2c1=O,CCCCCCn1c(-c2ccccc2)c(-c2ccccc2)c2cc3ccc4cc5c(-c6ccccc6)c(-c6ccccc6)n(CCCCCC)c(=O)c5nc4c3nc2c1=O,False,,True,FAIL_LONG_BOND,coreCN_max_dist>3.10,O52:2.242;O60:2.416;O111:2.426;N57:2.498;O114:2.527;N54:2.545;N44:4.152;N7:4.538,4.5381,inf,inf,O52:2.242;O60:2.416;O111:2.426;N57:2.498;O114:2.527;N54:2.545;N44:4.152;N7:4.538,FAIL_LONG_BOND,4.3793,inf,data/processed/geometries_regenerated_fail_long_bond/rejected/Dy/Dy_Z66_ox3_CN8_nlig1_water_a61bb065986b_attempt01_standard_dup2.xyz,data/processed/geometries_regenerated_fail_long_bond/best_failed/Dy/Dy_Z66_ox3_CN8_nlig1_water_a61bb065986b_attempt01_standard_dup2.xyz,coreCN_max_dist>3.10,a61bb065986b,template_replan,template_large_rigid,large_rigid_filtered_4dent,graph_pocket,"[6, 43, 51, 53, 56, 59]",6,8,1,2,"[51, 53, 56, 59]",4,8,1,4,donors 6->4; coreCN 8->8; n_ligs 1->1; n_fill 2->4; new build_id preserves original geometry
07e48b9adbd1,,68,Er,3,CCCCCCn1c(-c2ccccc2)c(-c2ccccc2)c2cc3ccc4cc5c(-c6ccccc6)c(-c6ccccc6)n(CCCCCC)c(=O)c5nc4c3nc2c1=O,"[51, 53, 56, 59]","[""O(amide_carbonyl)"", ""N(aromatic)"", ""N(aromatic)"", ""O(amide_carbonyl)""]",4,8,1,nitrate,nitrate,4,/nfs/home/nshank3/lanthanide_dataset_builder/data/geometries/Er/Er_Z68_ox3_CN8_nlig1_nitrate_e95e58f27630.xyz,/nfs/home/nshank3/lanthanide_dataset_builder/data/geometries/Er/Er_Z68_ox3_CN8_nlig1_nitrate_e95e58f27630.mol2,,,existing_ok,recovered_from_disk,accepted,CCCCCCn1c(-c2ccccc2)c(-c2ccccc2)c2cc3ccc4cc5c(-c6ccccc6)c(-c6ccccc6)n(CCCCCC)c(=O)c5nc4c3nc2c1=O,CCCCCCn1c(-c2ccccc2)c(-c2ccccc2)c2cc3ccc4cc5c(-c6ccccc6)c(-c6ccccc6)n(CCCCCC)c(=O)c5nc4c3nc2c1=O,False,,True,FAIL_LONG_BOND,coreCN_max_dist>3.10,O60:2.074;O52:2.114;O114:2.115;O113:2.262;N57:2.450;N54:2.460;N111:2.544;N7:3.548,3.5477,3.6788,0.1311,O60:2.074;O52:2.114;O114:2.115;O113:2.262;N57:2.450;N54:2.460;N111:2.544;N7:3.548;N44:3.679;O112:3.704,FAIL_LONG_BOND,3.5086,0.2267,data/processed/geometries_regenerated_fail_long_bond/rejected/Er/Er_Z68_ox3_CN8_nlig1_nitrate_e95e58f27630_attempt02_standard_dup2.xyz,data/processed/geometries_regenerated_fail_long_bond/best_failed/Er/Er_Z68_ox3_CN8_nlig1_nitrate_e95e58f27630_attempt02_standard_dup2.xyz,coreCN_max_dist>3.10,e95e58f27630,template_replan,template_large_rigid,large_rigid_filtered_4dent,graph_pocket,"[6, 43, 51, 53, 56, 59]",6,8,1,2,"[51, 53, 56, 59]",4,8,1,4,donors 6->4; coreCN 8->8; n_ligs 1->1; n_fill 2->4; new build_id preserves original geometry
99b569fa6f64,,68,Er,3,CCCCCCn1c(-c2ccccc2)c(-c2ccccc2)c2cc3ccc4cc5c(-c6ccccc6)c(-c6ccccc6)n(CCCCCC)c(=O)c5nc4c3nc2c1=O,"[51, 53, 56, 59]","[""O(amide_carbonyl)"", ""N(aromatic)"", ""N(aromatic)"", ""O(amide_carbonyl)""]",4,8,1,water,water,4,/nfs/home/nshank3/lanthanide_dataset_builder/data/geometries/Er/Er_Z68_ox3_CN8_nlig1_water_7672a8a7b733.xyz,/nfs/home/nshank3/lanthanide_dataset_builder/data/geometries/Er/Er_Z68_ox3_CN8_nlig1_water_7672a8a7b733.mol2,,,existing_ok,recovered_from_disk,accepted,CCCCCCn1c(-c2ccccc2)c(-c2ccccc2)c2cc3ccc4cc5c(-c6ccccc6)c(-c6ccccc6)n(CCCCCC)c(=O)c5nc4c3nc2c1=O,CCCCCCn1c(-c2ccccc2)c(-c2ccccc2)c2cc3ccc4cc5c(-c6ccccc6)c(-c6ccccc6)n(CCCCCC)c(=O)c5nc4c3nc2c1=O,False,,True,FAIL_LONG_BOND,coreCN_max_dist>3.10,O52:2.084;O60:2.180;N57:2.359;O114:2.436;N54:2.459;O111:2.490;N44:4.014;N7:4.251,4.2514,inf,inf,O52:2.084;O60:2.180;N57:2.359;O114:2.436;N54:2.459;O111:2.490;N44:4.014;N7:4.251,FAIL_LONG_BOND,3.7213,inf,data/processed/geometries_regenerated_fail_long_bond/rejected/Er/Er_Z68_ox3_CN8_nlig1_water_7672a8a7b733_attempt02_standard_dup2.xyz,data/processed/geometries_regenerated_fail_long_bond/best_failed/Er/Er_Z68_ox3_CN8_nlig1_water_7672a8a7b733_attempt02_standard_dup2.xyz,coreCN_max_dist>3.10,7672a8a7b733,template_replan,template_large_rigid,large_rigid_filtered_4dent,graph_pocket,"[6, 43, 51, 53, 56, 59]",6,8,1,2,"[51, 53, 56, 59]",4,8,1,4,donors 6->4; coreCN 8->8; n_ligs 1->1; n_fill 2->4; new build_id preserves original geometry
e5b3e79347b5,,63,Eu,3,CCCCCCn1c(-c2ccccc2)c(-c2ccccc2)c2cc3ccc4cc5c(-c6ccccc6)c(-c6ccccc6)n(CCCCCC)c(=O)c5nc4c3nc2c1=O,"[51, 53, 56, 59]","[""O(amide_carbonyl)"", ""N(aromatic)"", ""N(aromatic)"", ""O(amide_carbonyl)""]",4,9,1,nitrate,nitrate,5,/nfs/home/nshank3/lanthanide_dataset_builder/data/geometries/Eu/Eu_Z63_ox3_CN9_nlig1_nitrate_2a477ef1f0f3.xyz,/nfs/home/nshank3/lanthanide_dataset_builder/data/geometries/Eu/Eu_Z63_ox3_CN9_nlig1_nitrate_2a477ef1f0f3.mol2,,,existing_ok,recovered_from_disk,accepted,CCCCCCn1c(-c2ccccc2)c(-c2ccccc2)c2cc3ccc4cc5c(-c6ccccc6)c(-c6ccccc6)n(CCCCCC)c(=O)c5nc4c3nc2c1=O,CCCCCCn1c(-c2ccccc2)c(-c2ccccc2)c2cc3ccc4cc5c(-c6ccccc6)c(-c6ccccc6)n(CCCCCC)c(=O)c5nc4c3nc2c1=O,False,,True,FAIL_LONG_BOND,coreCN_max_dist>3.10,O113:2.085;O114:2.095;O52:2.296;O60:2.320;N111:2.344;O115:2.564;N57:2.572;N54:2.572;O112:3.405,3.4049,4.4732,1.0684,O113:2.085;O114:2.095;O52:2.296;O60:2.320;N111:2.344;O115:2.564;N57:2.572;N54:2.572;O112:3.405;N44:4.473;N7:4.487,FAIL_LONG_BOND,3.1934,0.5938,data/processed/geometries_regenerated_fail_long_bond/rejected/Eu/Eu_Z63_ox3_CN9_nlig1_nitrate_2a477ef1f0f3_attempt02_standard.xyz,data/processed/geometries_regenerated_fail_long_bond/best_failed/Eu/Eu_Z63_ox3_CN9_nlig1_nitrate_2a477ef1f0f3_attempt02_standard.xyz,coreCN_max_dist>3.10,2a477ef1f0f3,template_replan,template_large_rigid,large_rigid_filtered_4dent,graph_pocket,"[6, 43, 51, 53, 56, 59]",6,9,1,3,"[51, 53, 56, 59]",4,9,1,5,donors 6->4; coreCN 9->9; n_ligs 1->1; n_fill 3->5; new build_id preserves original geometry
5355a09ac181,,63,Eu,3,CCCCCCn1c(-c2ccccc2)c(-c2ccccc2)c2cc3ccc4cc5c(-c6ccccc6)c(-c6ccccc6)n(CCCCCC)c(=O)c5nc4c3nc2c1=O,"[51, 53, 56, 59]","[""O(amide_carbonyl)"", ""N(aromatic)"", ""N(aromatic)"", ""O(amide_carbonyl)""]",4,9,1,water,water,5,/nfs/home/nshank3/lanthanide_dataset_builder/data/geometries/Eu/Eu_Z63_ox3_CN9_nlig1_water_fbeb4feade31.xyz,/nfs/home/nshank3/lanthanide_dataset_builder/data/geometries/Eu/Eu_Z63_ox3_CN9_nlig1_water_fbeb4feade31.mol2,,,existing_ok,recovered_from_disk,accepted,CCCCCCn1c(-c2ccccc2)c(-c2ccccc2)c2cc3ccc4cc5c(-c6ccccc6)c(-c6ccccc6)n(CCCCCC)c(=O)c5nc4c3nc2c1=O,CCCCCCn1c(-c2ccccc2)c(-c2ccccc2)c2cc3ccc4cc5c(-c6ccccc6)c(-c6ccccc6)n(CCCCCC)c(=O)c5nc4c3nc2c1=O,False,,True,FAIL_LONG_BOND,coreCN_max_dist>3.10,O60:2.279;O52:2.289;N57:2.441;N54:2.515;O117:2.517;O114:2.573;O111:2.802;N44:4.318;N7:4.351,4.3512,inf,inf,O60:2.279;O52:2.289;N57:2.441;N54:2.515;O117:2.517;O114:2.573;O111:2.802;N44:4.318;N7:4.351,FAIL_LONG_BOND,4.2607,inf,data/processed/geometries_regenerated_fail_long_bond/rejected/Eu/Eu_Z63_ox3_CN9_nlig1_water_fbeb4feade31_attempt01_standard_dup2.xyz,data/processed/geometries_regenerated_fail_long_bond/best_failed/Eu/Eu_Z63_ox3_CN9_nlig1_water_fbeb4feade31_attempt01_standard_dup2.xyz,no_structures_returned,fbeb4feade31,template_replan,template_large_rigid,large_rigid_filtered_4dent,graph_pocket,"[6, 43, 51, 53, 56, 59]",6,9,1,3,"[51, 53, 56, 59]",4,9,1,5,donors 6->4; coreCN 9->9; n_ligs 1->1; n_fill 3->5; new build_id preserves original geometry
64774e79e81c,,64,Gd,3,CCCCCCn1c(-c2ccccc2)c(-c2ccccc2)c2cc3ccc4cc5c(-c6ccccc6)c(-c6ccccc6)n(CCCCCC)c(=O)c5nc4c3nc2c1=O,"[51, 53, 56, 59]","[""O(amide_carbonyl)"", ""N(aromatic)"", ""N(aromatic)"", ""O(amide_carbonyl)""]",4,9,1,nitrate,nitrate,5,/nfs/home/nshank3/lanthanide_dataset_builder/data/geometries/Gd/Gd_Z64_ox3_CN9_nlig1_nitrate_05a03a08886e.xyz,/nfs/home/nshank3/lanthanide_dataset_builder/data/geometries/Gd/Gd_Z64_ox3_CN9_nlig1_nitrate_05a03a08886e.mol2,,,existing_ok,recovered_from_disk,accepted,CCCCCCn1c(-c2ccccc2)c(-c2ccccc2)c2cc3ccc4cc5c(-c6ccccc6)c(-c6ccccc6)n(CCCCCC)c(=O)c5nc4c3nc2c1=O,CCCCCCn1c(-c2ccccc2)c(-c2ccccc2)c2cc3ccc4cc5c(-c6ccccc6)c(-c6ccccc6)n(CCCCCC)c(=O)c5nc4c3nc2c1=O,False,,True,FAIL_LONG_BOND,coreCN_max_dist>3.10,O60:2.120;O52:2.167;O114:2.181;O113:2.249;N111:2.583;N54:2.611;N57:2.674;O115:2.729;N7:3.610,3.6103,3.6815,0.0712,O60:2.120;O52:2.167;O114:2.181;O113:2.249;N111:2.583;N54:2.611;N57:2.674;O115:2.729;N7:3.610;N44:3.682;O112:3.746,,,,,,no_structures_returned,05a03a08886e,template_replan,template_large_rigid,large_rigid_filtered_4dent,graph_pocket,"[6, 43, 51, 53, 56, 59]",6,9,1,3,"[51, 53, 56, 59]",4,9,1,5,donors 6->4; coreCN 9->9; n_ligs 1->1; n_fill 3->5; new build_id preserves original geometry
37a7e6578c98,,64,Gd,3,CCCCCCn1c(-c2ccccc2)c(-c2ccccc2)c2cc3ccc4cc5c(-c6ccccc6)c(-c6ccccc6)n(CCCCCC)c(=O)c5nc4c3nc2c1=O,"[51, 53, 56, 59]","[""O(amide_carbonyl)"", ""N(aromatic)"", ""N(aromatic)"", ""O(amide_carbonyl)""]",4,9,1,water,water,5,/nfs/home/nshank3/lanthanide_dataset_builder/data/geometries/Gd/Gd_Z64_ox3_CN9_nlig1_water_2e531fb08047.xyz,/nfs/home/nshank3/lanthanide_dataset_builder/data/geometries/Gd/Gd_Z64_ox3_CN9_nlig1_water_2e531fb08047.mol2,,,existing_ok,recovered_from_disk,accepted,CCCCCCn1c(-c2ccccc2)c(-c2ccccc2)c2cc3ccc4cc5c(-c6ccccc6)c(-c6ccccc6)n(CCCCCC)c(=O)c5nc4c3nc2c1=O,CCCCCCn1c(-c2ccccc2)c(-c2ccccc2)c2cc3ccc4cc5c(-c6ccccc6)c(-c6ccccc6)n(CCCCCC)c(=O)c5nc4c3nc2c1=O,False,,True,FAIL_LONG_BOND,coreCN_max_dist>3.10,O60:2.237;O52:2.276;O111:2.424;N57:2.447;O117:2.478;O114:2.548;N54:2.569;N44:4.207;N7:4.358,4.3581,inf,inf,O60:2.237;O52:2.276;O111:2.424;N57:2.447;O117:2.478;O114:2.548;N54:2.569;N44:4.207;N7:4.358,FAIL_LONG_BOND,4.4637,inf,data/processed/geometries_regenerated_fail_long_bond/rejected/Gd/Gd_Z64_ox3_CN9_nlig1_water_2e531fb08047_attempt01_standard_dup2.xyz,data/processed/geometries_regenerated_fail_long_bond/best_failed/Gd/Gd_Z64_ox3_CN9_nlig1_water_2e531fb08047_attempt01_standard_dup2.xyz,no_structures_returned,2e531fb08047,template_replan,template_large_rigid,large_rigid_filtered_4dent,graph_pocket,"[6, 43, 51, 53, 56, 59]",6,9,1,3,"[51, 53, 56, 59]",4,9,1,5,donors 6->4; coreCN 9->9; n_ligs 1->1; n_fill 3->5; new build_id preserves original geometry
75c4380e37c9,,67,Ho,3,CCCCCCn1c(-c2ccccc2)c(-c2ccccc2)c2cc3ccc4cc5c(-c6ccccc6)c(-c6ccccc6)n(CCCCCC)c(=O)c5nc4c3nc2c1=O,"[51, 53, 56, 59]","[""O(amide_carbonyl)"", ""N(aromatic)"", ""N(aromatic)"", ""O(amide_carbonyl)""]",4,8,1,nitrate,nitrate,4,/nfs/home/nshank3/lanthanide_dataset_builder/data/geometries/Ho/Ho_Z67_ox3_CN8_nlig1_nitrate_9b88ecdb5d6a.xyz,/nfs/home/nshank3/lanthanide_dataset_builder/data/geometries/Ho/Ho_Z67_ox3_CN8_nlig1_nitrate_9b88ecdb5d6a.mol2,,,existing_ok,recovered_from_disk,accepted,CCCCCCn1c(-c2ccccc2)c(-c2ccccc2)c2cc3ccc4cc5c(-c6ccccc6)c(-c6ccccc6)n(CCCCCC)c(=O)c5nc4c3nc2c1=O,CCCCCCn1c(-c2ccccc2)c(-c2ccccc2)c2cc3ccc4cc5c(-c6ccccc6)c(-c6ccccc6)n(CCCCCC)c(=O)c5nc4c3nc2c1=O,False,,True,FAIL_LONG_BOND,coreCN_max_dist>3.10,O113:2.063;O114:2.092;O52:2.101;O60:2.167;N111:2.243;N57:2.438;N54:2.510;O112:3.195,3.1952,3.9441,0.7489,O113:2.063;O114:2.092;O52:2.101;O60:2.167;N111:2.243;N57:2.438;N54:2.510;O112:3.195;N44:3.944;N7:4.238,FAIL_LONG_BOND,3.2883,0.2355,data/processed/geometries_regenerated_fail_long_bond/rejected/Ho/Ho_Z67_ox3_CN8_nlig1_nitrate_9b88ecdb5d6a_attempt01_standard_dup2.xyz,data/processed/geometries_regenerated_fail_long_bond/best_failed/Ho/Ho_Z67_ox3_CN8_nlig1_nitrate_9b88ecdb5d6a_attempt01_standard_dup2.xyz,coreCN_max_dist>3.10,9b88ecdb5d6a,template_replan,template_large_rigid,large_rigid_filtered_4dent,graph_pocket,"[6, 43, 51, 53, 56, 59]",6,8,1,2,"[51, 53, 56, 59]",4,8,1,4,donors 6->4; coreCN 8->8; n_ligs 1->1; n_fill 2->4; new build_id preserves original geometry
45a08ce57e6e,,67,Ho,3,CCCCCCn1c(-c2ccccc2)c(-c2ccccc2)c2cc3ccc4cc5c(-c6ccccc6)c(-c6ccccc6)n(CCCCCC)c(=O)c5nc4c3nc2c1=O,"[51, 53, 56, 59]","[""O(amide_carbonyl)"", ""N(aromatic)"", ""N(aromatic)"", ""O(amide_carbonyl)""]",4,8,1,water,water,4,/nfs/home/nshank3/lanthanide_dataset_builder/data/geometries/Ho/Ho_Z67_ox3_CN8_nlig1_water_62f0b304a15a.xyz,/nfs/home/nshank3/lanthanide_dataset_builder/data/geometries/Ho/Ho_Z67_ox3_CN8_nlig1_water_62f0b304a15a.mol2,,,existing_ok,recovered_from_disk,accepted,CCCCCCn1c(-c2ccccc2)c(-c2ccccc2)c2cc3ccc4cc5c(-c6ccccc6)c(-c6ccccc6)n(CCCCCC)c(=O)c5nc4c3nc2c1=O,CCCCCCn1c(-c2ccccc2)c(-c2ccccc2)c2cc3ccc4cc5c(-c6ccccc6)c(-c6ccccc6)n(CCCCCC)c(=O)c5nc4c3nc2c1=O,False,,True,FAIL_LONG_BOND,coreCN_max_dist>3.10,O52:2.069;O60:2.151;N57:2.327;N54:2.380;O111:2.393;O114:2.527;N44:4.083;N7:4.091,4.0909,inf,inf,O52:2.069;O60:2.151;N57:2.327;N54:2.380;O111:2.393;O114:2.527;N44:4.083;N7:4.091,FAIL_LONG_BOND,3.9115,inf,data/processed/geometries_regenerated_fail_long_bond/rejected/Ho/Ho_Z67_ox3_CN8_nlig1_water_62f0b304a15a_attempt02_standard_dup2.xyz,data/processed/geometries_regenerated_fail_long_bond/best_failed/Ho/Ho_Z67_ox3_CN8_nlig1_water_62f0b304a15a_attempt02_standard_dup2.xyz,coreCN_max_dist>3.10,62f0b304a15a,template_replan,template_large_rigid,large_rigid_filtered_4dent,graph_pocket,"[6, 43, 51, 53, 56, 59]",6,8,1,2,"[51, 53, 56, 59]",4,8,1,4,donors 6->4; coreCN 8->8; n_ligs 1->1; n_fill 2->4; new build_id preserves original geometry
2f4afdcc8771,,57,La,3,CCCCCCn1c(-c2ccccc2)c(-c2ccccc2)c2cc3ccc4cc5c(-c6ccccc6)c(-c6ccccc6)n(CCCCCC)c(=O)c5nc4c3nc2c1=O,"[51, 53, 56, 59]","[""O(amide_carbonyl)"", ""N(aromatic)"", ""N(aromatic)"", ""O(amide_carbonyl)""]",4,9,1,nitrate,nitrate,5,/nfs/home/nshank3/lanthanide_dataset_builder/data/geometries/La/La_Z57_ox3_CN9_nlig1_nitrate_8895a6ee019b.xyz,/nfs/home/nshank3/lanthanide_dataset_builder/data/geometries/La/La_Z57_ox3_CN9_nlig1_nitrate_8895a6ee019b.mol2,,,existing_ok,recovered_from_disk,accepted,CCCCCCn1c(-c2ccccc2)c(-c2ccccc2)c2cc3ccc4cc5c(-c6ccccc6)c(-c6ccccc6)n(CCCCCC)c(=O)c5nc4c3nc2c1=O,CCCCCCn1c(-c2ccccc2)c(-c2ccccc2)c2cc3ccc4cc5c(-c6ccccc6)c(-c6ccccc6)n(CCCCCC)c(=O)c5nc4c3nc2c1=O,False,,True,FAIL_LONG_BOND,coreCN_max_dist>3.10,O114:2.252;O52:2.293;O113:2.319;O60:2.417;N111:2.445;N54:2.540;N57:2.547;O115:2.679;O112:3.384,3.3841,4.0399,0.6558,O114:2.252;O52:2.293;O113:2.319;O60:2.417;N111:2.445;N54:2.540;N57:2.547;O115:2.679;O112:3.384;N44:4.040;N7:4.408,FAIL_LONG_BOND,3.4562,1.0823,data/processed/geometries_regenerated_fail_long_bond/rejected/La/La_Z57_ox3_CN9_nlig1_nitrate_8895a6ee019b_attempt02_standard.xyz,data/processed/geometries_regenerated_fail_long_bond/best_failed/La/La_Z57_ox3_CN9_nlig1_nitrate_8895a6ee019b_attempt02_standard.xyz,coreCN_max_dist>3.10,8895a6ee019b,template_replan,template_large_rigid,large_rigid_filtered_4dent,graph_pocket,"[6, 43, 51, 53, 56, 59]",6,9,1,3,"[51, 53, 56, 59]",4,9,1,5,donors 6->4; coreCN 9->9; n_ligs 1->1; n_fill 3->5; new build_id preserves original geometry
a76a8b802706,,57,La,3,CCCCCCn1c(-c2ccccc2)c(-c2ccccc2)c2cc3ccc4cc5c(-c6ccccc6)c(-c6ccccc6)n(CCCCCC)c(=O)c5nc4c3nc2c1=O,"[51, 53, 56, 59]","[""O(amide_carbonyl)"", ""N(aromatic)"", ""N(aromatic)"", ""O(amide_carbonyl)""]",4,9,1,water,water,5,/nfs/home/nshank3/lanthanide_dataset_builder/data/geometries/La/La_Z57_ox3_CN9_nlig1_water_65d6bea6dcfa.xyz,/nfs/home/nshank3/lanthanide_dataset_builder/data/geometries/La/La_Z57_ox3_CN9_nlig1_water_65d6bea6dcfa.mol2,,,existing_ok,recovered_from_disk,accepted,CCCCCCn1c(-c2ccccc2)c(-c2ccccc2)c2cc3ccc4cc5c(-c6ccccc6)c(-c6ccccc6)n(CCCCCC)c(=O)c5nc4c3nc2c1=O,CCCCCCn1c(-c2ccccc2)c(-c2ccccc2)c2cc3ccc4cc5c(-c6ccccc6)c(-c6ccccc6)n(CCCCCC)c(=O)c5nc4c3nc2c1=O,False,,True,FAIL_LONG_BOND,coreCN_max_dist>3.10,O52:2.274;O60:2.408;N57:2.478;N54:2.527;O117:2.539;O114:2.563;O111:2.563;N44:4.150;N7:4.537,4.537,inf,inf,O52:2.274;O60:2.408;N57:2.478;N54:2.527;O117:2.539;O114:2.563;O111:2.563;N44:4.150;N7:4.537,FAIL_LONG_BOND,4.3599,inf,data/processed/geometries_regenerated_fail_long_bond/rejected/La/La_Z57_ox3_CN9_nlig1_water_65d6bea6dcfa_attempt02_standard_dup2.xyz,data/processed/geometries_regenerated_fail_long_bond/best_failed/La/La_Z57_ox3_CN9_nlig1_water_65d6bea6dcfa_attempt02_standard_dup2.xyz,coreCN_max_dist>3.10,65d6bea6dcfa,template_replan,template_large_rigid,large_rigid_filtered_4dent,graph_pocket,"[6, 43, 51, 53, 56, 59]",6,9,1,3,"[51, 53, 56, 59]",4,9,1,5,donors 6->4; coreCN 9->9; n_ligs 1->1; n_fill 3->5; new build_id preserves original geometry
08140b63d6f3,,71,Lu,3,CCCCCCn1c(-c2ccccc2)c(-c2ccccc2)c2cc3ccc4cc5c(-c6ccccc6)c(-c6ccccc6)n(CCCCCC)c(=O)c5nc4c3nc2c1=O,"[51, 53, 56, 59]","[""O(amide_carbonyl)"", ""N(aromatic)"", ""N(aromatic)"", ""O(amide_carbonyl)""]",4,8,1,nitrate,nitrate,4,/nfs/home/nshank3/lanthanide_dataset_builder/data/geometries/Lu/Lu_Z71_ox3_CN8_nlig1_nitrate_cc05c1c73d3e.xyz,/nfs/home/nshank3/lanthanide_dataset_builder/data/geometries/Lu/Lu_Z71_ox3_CN8_nlig1_nitrate_cc05c1c73d3e.mol2,,,existing_ok,recovered_from_disk,accepted,CCCCCCn1c(-c2ccccc2)c(-c2ccccc2)c2cc3ccc4cc5c(-c6ccccc6)c(-c6ccccc6)n(CCCCCC)c(=O)c5nc4c3nc2c1=O,CCCCCCn1c(-c2ccccc2)c(-c2ccccc2)c2cc3ccc4cc5c(-c6ccccc6)c(-c6ccccc6)n(CCCCCC)c(=O)c5nc4c3nc2c1=O,False,,True,FAIL_LONG_BOND,coreCN_max_dist>3.10,O113:1.990;O114:2.067;O52:2.115;O60:2.141;N111:2.403;N57:2.603;N54:2.603;O112:3.575,3.5753,3.9087,0.3335,O113:1.990;O114:2.067;O52:2.115;O60:2.141;N111:2.403;N57:2.603;N54:2.603;O112:3.575;N7:3.909;N44:3.932,FAIL_LONG_BOND,3.3783,0.431,data/processed/geometries_regenerated_fail_long_bond/rejected/Lu/Lu_Z71_ox3_CN8_nlig1_nitrate_cc05c1c73d3e_attempt02_standard_dup2.xyz,data/processed/geometries_regenerated_fail_long_bond/best_failed/Lu/Lu_Z71_ox3_CN8_nlig1_nitrate_cc05c1c73d3e_attempt02_standard_dup2.xyz,coreCN_max_dist>3.10,cc05c1c73d3e,template_replan,template_large_rigid,large_rigid_filtered_4dent,graph_pocket,"[6, 43, 51, 53, 56, 59]",6,8,1,2,"[51, 53, 56, 59]",4,8,1,4,donors 6->4; coreCN 8->8; n_ligs 1->1; n_fill 2->4; new build_id preserves original geometry
727bfd0c6ac8,,71,Lu,3,CCCCCCn1c(-c2ccccc2)c(-c2ccccc2)c2cc3ccc4cc5c(-c6ccccc6)c(-c6ccccc6)n(CCCCCC)c(=O)c5nc4c3nc2c1=O,"[51, 53, 56, 59]","[""O(amide_carbonyl)"", ""N(aromatic)"", ""N(aromatic)"", ""O(amide_carbonyl)""]",4,8,1,water,water,4,/nfs/home/nshank3/lanthanide_dataset_builder/data/geometries/Lu/Lu_Z71_ox3_CN8_nlig1_water_01e76e93d20f.xyz,/nfs/home/nshank3/lanthanide_dataset_builder/data/geometries/Lu/Lu_Z71_ox3_CN8_nlig1_water_01e76e93d20f.mol2,,,existing_ok,recovered_from_disk,accepted,CCCCCCn1c(-c2ccccc2)c(-c2ccccc2)c2cc3ccc4cc5c(-c6ccccc6)c(-c6ccccc6)n(CCCCCC)c(=O)c5nc4c3nc2c1=O,CCCCCCn1c(-c2ccccc2)c(-c2ccccc2)c2cc3ccc4cc5c(-c6ccccc6)c(-c6ccccc6)n(CCCCCC)c(=O)c5nc4c3nc2c1=O,False,,True,FAIL_LONG_BOND,coreCN_max_dist>3.10,O52:2.104;O60:2.211;N57:2.261;N54:2.378;O111:2.382;O114:2.593;N7:3.544;N44:3.904,3.9041,inf,inf,O52:2.104;O60:2.211;N57:2.261;N54:2.378;O111:2.382;O114:2.593;N7:3.544;N44:3.904,FAIL_LONG_BOND,3.9511,inf,data/processed/geometries_regenerated_fail_long_bond/rejected/Lu/Lu_Z71_ox3_CN8_nlig1_water_01e76e93d20f_attempt02_standard.xyz,data/processed/geometries_regenerated_fail_long_bond/best_failed/Lu/Lu_Z71_ox3_CN8_nlig1_water_01e76e93d20f_attempt02_standard.xyz,coreCN_max_dist>3.10,01e76e93d20f,template_replan,template_large_rigid,large_rigid_filtered_4dent,graph_pocket,"[6, 43, 51, 53, 56, 59]",6,8,1,2,"[51, 53, 56, 59]",4,8,1,4,donors 6->4; coreCN 8->8; n_ligs 1->1; n_fill 2->4; new build_id preserves original geometry
f2c95f4a7bc0,,60,Nd,3,CCCCCCn1c(-c2ccccc2)c(-c2ccccc2)c2cc3ccc4cc5c(-c6ccccc6)c(-c6ccccc6)n(CCCCCC)c(=O)c5nc4c3nc2c1=O,"[51, 53, 56, 59]","[""O(amide_carbonyl)"", ""N(aromatic)"", ""N(aromatic)"", ""O(amide_carbonyl)""]",4,9,1,nitrate,nitrate,5,/nfs/home/nshank3/lanthanide_dataset_builder/data/geometries/Nd/Nd_Z60_ox3_CN9_nlig1_nitrate_11ac249f26c1.xyz,/nfs/home/nshank3/lanthanide_dataset_builder/data/geometries/Nd/Nd_Z60_ox3_CN9_nlig1_nitrate_11ac249f26c1.mol2,,,existing_ok,recovered_from_disk,accepted,CCCCCCn1c(-c2ccccc2)c(-c2ccccc2)c2cc3ccc4cc5c(-c6ccccc6)c(-c6ccccc6)n(CCCCCC)c(=O)c5nc4c3nc2c1=O,CCCCCCn1c(-c2ccccc2)c(-c2ccccc2)c2cc3ccc4cc5c(-c6ccccc6)c(-c6ccccc6)n(CCCCCC)c(=O)c5nc4c3nc2c1=O,False,,True,FAIL_LONG_BOND,coreCN_max_dist>3.10,O113:2.132;O114:2.196;O52:2.258;O60:2.288;N111:2.349;O115:2.501;N57:2.530;N54:2.548;O112:3.351,3.3506,4.1045,0.7539,O113:2.132;O114:2.196;O52:2.258;O60:2.288;N111:2.349;O115:2.501;N57:2.530;N54:2.548;O112:3.351;N44:4.105;N7:4.138,FAIL_LONG_BOND,3.6458,0.3212,data/processed/geometries_regenerated_fail_long_bond/rejected/Nd/Nd_Z60_ox3_CN9_nlig1_nitrate_11ac249f26c1_attempt01_standard.xyz,data/processed/geometries_regenerated_fail_long_bond/best_failed/Nd/Nd_Z60_ox3_CN9_nlig1_nitrate_11ac249f26c1_attempt01_standard.xyz,no_structures_returned,11ac249f26c1,template_replan,template_large_rigid,large_rigid_filtered_4dent,graph_pocket,"[6, 43, 51, 53, 56, 59]",6,9,1,3,"[51, 53, 56, 59]",4,9,1,5,donors 6->4; coreCN 9->9; n_ligs 1->1; n_fill 3->5; new build_id preserves original geometry
c08199fcc06a,,60,Nd,3,CCCCCCn1c(-c2ccccc2)c(-c2ccccc2)c2cc3ccc4cc5c(-c6ccccc6)c(-c6ccccc6)n(CCCCCC)c(=O)c5nc4c3nc2c1=O,"[51, 53, 56, 59]","[""O(amide_carbonyl)"", ""N(aromatic)"", ""N(aromatic)"", ""O(amide_carbonyl)""]",4,9,1,water,water,5,/nfs/home/nshank3/lanthanide_dataset_builder/data/geometries/Nd/Nd_Z60_ox3_CN9_nlig1_water_467fe4b7a7ef.xyz,/nfs/home/nshank3/lanthanide_dataset_builder/data/geometries/Nd/Nd_Z60_ox3_CN9_nlig1_water_467fe4b7a7ef.mol2,,,existing_ok,recovered_from_disk,accepted,CCCCCCn1c(-c2ccccc2)c(-c2ccccc2)c2cc3ccc4cc5c(-c6ccccc6)c(-c6ccccc6)n(CCCCCC)c(=O)c5nc4c3nc2c1=O,CCCCCCn1c(-c2ccccc2)c(-c2ccccc2)c2cc3ccc4cc5c(-c6ccccc6)c(-c6ccccc6)n(CCCCCC)c(=O)c5nc4c3nc2c1=O,False,,True,FAIL_LONG_BOND,coreCN_max_dist>3.10,O52:2.143;O60:2.193;N57:2.395;O114:2.398;N54:2.446;O117:2.546;O111:2.967;N44:3.753;N7:3.845,3.845,inf,inf,O52:2.143;O60:2.193;N57:2.395;O114:2.398;N54:2.446;O117:2.546;O111:2.967;N44:3.753;N7:3.845,FAIL_LONG_BOND,4.5148,inf,data/processed/geometries_regenerated_fail_long_bond/rejected/Nd/Nd_Z60_ox3_CN9_nlig1_water_467fe4b7a7ef_attempt01_standard.xyz,data/processed/geometries_regenerated_fail_long_bond/best_failed/Nd/Nd_Z60_ox3_CN9_nlig1_water_467fe4b7a7ef_attempt01_standard.xyz,no_structures_returned,467fe4b7a7ef,template_replan,template_large_rigid,large_rigid_filtered_4dent,graph_pocket,"[6, 43, 51, 53, 56, 59]",6,9,1,3,"[51, 53, 56, 59]",4,9,1,5,donors 6->4; coreCN 9->9; n_ligs 1->1; n_fill 3->5; new build_id preserves original geometry
880bcc070ebf,,60,Nd,3,CCCCCCCCCCCCN(CCCCCCCCCCCC)C(=O)COCCOCC(=O)N(CCCCCCCCCCCC)CCCCCCCCCCCC,"[26, 28, 31, 34]","[""O(amide_carbonyl)"", ""O(ether)"", ""O(ether)"", ""O(amide_carbonyl)""]",4,9,1,water,water,5,/nfs/home/nshank3/lanthanide_dataset_builder/data/geometries/Nd/Nd_Z60_ox3_CN9_nlig2_water_64eab4384a5e.xyz,/nfs/home/nshank3/lanthanide_dataset_builder/data/geometries/Nd/Nd_Z60_ox3_CN9_nlig2_water_64eab4384a5e.mol2,,,existing_ok,recovered_from_disk,accepted,CCCCCCCCCCCCN(CCCCCCCCCCCC)C(=O)COCCOCC(=O)N(CCCCCCCCCCCC)CCCCCCCCCCCC,CCCCCCCCCCCCN(CCCCCCCCCCCC)C(=O)COCCOCC(=O)N(CCCCCCCCCCCC)CCCCCCCCCCCC,False,,True,FAIL_LONG_BOND,coreCN_max_dist>3.10,O200:2.353;O337:2.386;O195:2.392;O32:2.407;O197:2.549;O35:2.597;O27:2.608;O29:2.713;O203:3.432,3.4321,4.1716,0.7395,O200:2.353;O337:2.386;O195:2.392;O32:2.407;O197:2.549;O35:2.597;O27:2.608;O29:2.713;O203:3.432;N181:4.172;N13:4.427;N36:4.660;N204:5.236,BORDERLINE_LONGISH,2.9677,0.9369,data/processed/geometries_regenerated_fail_long_bond/rejected/Nd/Nd_Z60_ox3_CN9_nlig2_water_64eab4384a5e_attempt02_standard.xyz,data/processed/geometries_regenerated_fail_long_bond/best_failed/Nd/Nd_Z60_ox3_CN9_nlig2_water_64eab4384a5e_attempt02_standard.xyz,coreCN_max_dist>2.95,64eab4384a5e,template_replan,template_large_rigid,large_rigid_filtered_4dent,graph_pocket,"[26, 28, 31, 34]",4,9,2,1,"[26, 28, 31, 34]",4,9,1,5,donors 4->4; coreCN 9->9; n_ligs 2->1; n_fill 1->5; new build_id preserves original geometry
e522c6af3da3,,59,Pr,3,CCCCCCn1c(-c2ccccc2)c(-c2ccccc2)c2cc3ccc4cc5c(-c6ccccc6)c(-c6ccccc6)n(CCCCCC)c(=O)c5nc4c3nc2c1=O,"[51, 53, 56, 59]","[""O(amide_carbonyl)"", ""N(aromatic)"", ""N(aromatic)"", ""O(amide_carbonyl)""]",4,9,1,nitrate,nitrate,5,/nfs/home/nshank3/lanthanide_dataset_builder/data/geometries/Pr/Pr_Z59_ox3_CN9_nlig1_nitrate_a0d3025a66af.xyz,/nfs/home/nshank3/lanthanide_dataset_builder/data/geometries/Pr/Pr_Z59_ox3_CN9_nlig1_nitrate_a0d3025a66af.mol2,,,existing_ok,recovered_from_disk,accepted,CCCCCCn1c(-c2ccccc2)c(-c2ccccc2)c2cc3ccc4cc5c(-c6ccccc6)c(-c6ccccc6)n(CCCCCC)c(=O)c5nc4c3nc2c1=O,CCCCCCn1c(-c2ccccc2)c(-c2ccccc2)c2cc3ccc4cc5c(-c6ccccc6)c(-c6ccccc6)n(CCCCCC)c(=O)c5nc4c3nc2c1=O,False,,True,FAIL_LONG_BOND,coreCN_max_dist>3.10,O114:2.149;O52:2.190;O60:2.235;O113:2.239;N57:2.426;N54:2.457;N111:2.564;N7:3.293;O115:3.439,3.4395,3.7388,0.2993,O114:2.149;O52:2.190;O60:2.235;O113:2.239;N57:2.426;N54:2.457;N111:2.564;N7:3.293;O115:3.439;O112:3.739;N44:3.980,FAIL_LONG_BOND,3.4228,0.3658,data/processed/geometries_regenerated_fail_long_bond/rejected/Pr/Pr_Z59_ox3_CN9_nlig1_nitrate_a0d3025a66af_attempt01_standard_dup2.xyz,data/processed/geometries_regenerated_fail_long_bond/best_failed/Pr/Pr_Z59_ox3_CN9_nlig1_nitrate_a0d3025a66af_attempt01_standard_dup2.xyz,no_structures_returned,a0d3025a66af,template_replan,template_large_rigid,large_rigid_filtered_4dent,graph_pocket,"[6, 43, 51, 53, 56, 59]",6,9,1,3,"[51, 53, 56, 59]",4,9,1,5,donors 6->4; coreCN 9->9; n_ligs 1->1; n_fill 3->5; new build_id preserves original geometry
9edd30d43217,,59,Pr,3,CCCCCCn1c(-c2ccccc2)c(-c2ccccc2)c2cc3ccc4cc5c(-c6ccccc6)c(-c6ccccc6)n(CCCCCC)c(=O)c5nc4c3nc2c1=O,"[51, 53, 56, 59]","[""O(amide_carbonyl)"", ""N(aromatic)"", ""N(aromatic)"", ""O(amide_carbonyl)""]",4,9,1,water,water,5,/nfs/home/nshank3/lanthanide_dataset_builder/data/geometries/Pr/Pr_Z59_ox3_CN9_nlig1_water_ed83b77205f9.xyz,/nfs/home/nshank3/lanthanide_dataset_builder/data/geometries/Pr/Pr_Z59_ox3_CN9_nlig1_water_ed83b77205f9.mol2,,,existing_ok,recovered_from_disk,accepted,CCCCCCn1c(-c2ccccc2)c(-c2ccccc2)c2cc3ccc4cc5c(-c6ccccc6)c(-c6ccccc6)n(CCCCCC)c(=O)c5nc4c3nc2c1=O,CCCCCCn1c(-c2ccccc2)c(-c2ccccc2)c2cc3ccc4cc5c(-c6ccccc6)c(-c6ccccc6)n(CCCCCC)c(=O)c5nc4c3nc2c1=O,False,,True,FAIL_LONG_BOND,coreCN_max_dist>3.10,O60:2.169;O52:2.270;O111:2.529;O114:2.624;N57:2.639;N54:2.707;O117:2.721;N7:4.361;N44:4.461,4.4614,inf,inf,O60:2.169;O52:2.270;O111:2.529;O114:2.624;N57:2.639;N54:2.707;O117:2.721;N7:4.361;N44:4.461,FAIL_LONG_BOND,4.1234,inf,data/processed/geometries_regenerated_fail_long_bond/rejected/Pr/Pr_Z59_ox3_CN9_nlig1_water_ed83b77205f9_attempt02_standard.xyz,data/processed/geometries_regenerated_fail_long_bond/best_failed/Pr/Pr_Z59_ox3_CN9_nlig1_water_ed83b77205f9_attempt02_standard.xyz,coreCN_max_dist>3.10,ed83b77205f9,template_replan,template_large_rigid,large_rigid_filtered_4dent,graph_pocket,"[6, 43, 51, 53, 56, 59]",6,9,1,3,"[51, 53, 56, 59]",4,9,1,5,donors 6->4; coreCN 9->9; n_ligs 1->1; n_fill 3->5; new build_id preserves original geometry
6814dce4e9a2,,62,Sm,3,CCCCCCn1c(-c2ccccc2)c(-c2ccccc2)c2cc3ccc4cc5c(-c6ccccc6)c(-c6ccccc6)n(CCCCCC)c(=O)c5nc4c3nc2c1=O,"[51, 53, 56, 59]","[""O(amide_carbonyl)"", ""N(aromatic)"", ""N(aromatic)"", ""O(amide_carbonyl)""]",4,9,1,nitrate,nitrate,5,/nfs/home/nshank3/lanthanide_dataset_builder/data/geometries/Sm/Sm_Z62_ox3_CN9_nlig1_nitrate_6ddb7853aa70.xyz,/nfs/home/nshank3/lanthanide_dataset_builder/data/geometries/Sm/Sm_Z62_ox3_CN9_nlig1_nitrate_6ddb7853aa70.mol2,,,existing_ok,recovered_from_disk,accepted,CCCCCCn1c(-c2ccccc2)c(-c2ccccc2)c2cc3ccc4cc5c(-c6ccccc6)c(-c6ccccc6)n(CCCCCC)c(=O)c5nc4c3nc2c1=O,CCCCCCn1c(-c2ccccc2)c(-c2ccccc2)c2cc3ccc4cc5c(-c6ccccc6)c(-c6ccccc6)n(CCCCCC)c(=O)c5nc4c3nc2c1=O,False,,True,FAIL_LONG_BOND,coreCN_max_dist>3.10,O114:2.155;O113:2.219;O60:2.261;O52:2.339;N111:2.458;O115:2.496;N57:2.537;N54:2.580;O112:3.555,3.5552,4.0646,0.5094,O114:2.155;O113:2.219;O60:2.261;O52:2.339;N111:2.458;O115:2.496;N57:2.537;N54:2.580;O112:3.555;N7:4.065;N44:4.092,FAIL_LONG_BOND,3.5035,0.8339,data/processed/geometries_regenerated_fail_long_bond/rejected/Sm/Sm_Z62_ox3_CN9_nlig1_nitrate_6ddb7853aa70_attempt02_standard_dup2.xyz,data/processed/geometries_regenerated_fail_long_bond/best_failed/Sm/Sm_Z62_ox3_CN9_nlig1_nitrate_6ddb7853aa70_attempt02_standard_dup2.xyz,coreCN_max_dist>3.10,6ddb7853aa70,template_replan,template_large_rigid,large_rigid_filtered_4dent,graph_pocket,"[6, 43, 51, 53, 56, 59]",6,9,1,3,"[51, 53, 56, 59]",4,9,1,5,donors 6->4; coreCN 9->9; n_ligs 1->1; n_fill 3->5; new build_id preserves original geometry
cd4e4f1ad90f,,62,Sm,3,CCCCCCn1c(-c2ccccc2)c(-c2ccccc2)c2cc3ccc4cc5c(-c6ccccc6)c(-c6ccccc6)n(CCCCCC)c(=O)c5nc4c3nc2c1=O,"[51, 53, 56, 59]","[""O(amide_carbonyl)"", ""N(aromatic)"", ""N(aromatic)"", ""O(amide_carbonyl)""]",4,9,1,water,water,5,/nfs/home/nshank3/lanthanide_dataset_builder/data/geometries/Sm/Sm_Z62_ox3_CN9_nlig1_water_b4c75f037006.xyz,/nfs/home/nshank3/lanthanide_dataset_builder/data/geometries/Sm/Sm_Z62_ox3_CN9_nlig1_water_b4c75f037006.mol2,,,existing_ok,recovered_from_disk,accepted,CCCCCCn1c(-c2ccccc2)c(-c2ccccc2)c2cc3ccc4cc5c(-c6ccccc6)c(-c6ccccc6)n(CCCCCC)c(=O)c5nc4c3nc2c1=O,CCCCCCn1c(-c2ccccc2)c(-c2ccccc2)c2cc3ccc4cc5c(-c6ccccc6)c(-c6ccccc6)n(CCCCCC)c(=O)c5nc4c3nc2c1=O,False,,True,FAIL_LONG_BOND,coreCN_max_dist>3.10,O52:2.091;O60:2.167;O117:2.373;O111:2.436;N54:2.474;O114:2.508;N57:2.566;N44:4.206;N7:4.324,4.324,inf,inf,O52:2.091;O60:2.167;O117:2.373;O111:2.436;N54:2.474;O114:2.508;N57:2.566;N44:4.206;N7:4.324,FAIL_LONG_BOND,4.0113,inf,data/processed/geometries_regenerated_fail_long_bond/rejected/Sm/Sm_Z62_ox3_CN9_nlig1_water_b4c75f037006_attempt01_standard_dup2.xyz,data/processed/geometries_regenerated_fail_long_bond/best_failed/Sm/Sm_Z62_ox3_CN9_nlig1_water_b4c75f037006_attempt01_standard_dup2.xyz,coreCN_max_dist>3.10,b4c75f037006,template_replan,template_large_rigid,large_rigid_filtered_4dent,graph_pocket,"[6, 43, 51, 53, 56, 59]",6,9,1,3,"[51, 53, 56, 59]",4,9,1,5,donors 6->4; coreCN 9->9; n_ligs 1->1; n_fill 3->5; new build_id preserves original geometry
720248d0b7c3,,65,Tb,3,CCCCCCn1c(-c2ccccc2)c(-c2ccccc2)c2cc3ccc4cc5c(-c6ccccc6)c(-c6ccccc6)n(CCCCCC)c(=O)c5nc4c3nc2c1=O,"[51, 53, 56, 59]","[""O(amide_carbonyl)"", ""N(aromatic)"", ""N(aromatic)"", ""O(amide_carbonyl)""]",4,8,1,nitrate,nitrate,4,/nfs/home/nshank3/lanthanide_dataset_builder/data/geometries/Tb/Tb_Z65_ox3_CN8_nlig1_nitrate_f6e1351abbb0.xyz,/nfs/home/nshank3/lanthanide_dataset_builder/data/geometries/Tb/Tb_Z65_ox3_CN8_nlig1_nitrate_f6e1351abbb0.mol2,,,existing_ok,recovered_from_disk,accepted,CCCCCCn1c(-c2ccccc2)c(-c2ccccc2)c2cc3ccc4cc5c(-c6ccccc6)c(-c6ccccc6)n(CCCCCC)c(=O)c5nc4c3nc2c1=O,CCCCCCn1c(-c2ccccc2)c(-c2ccccc2)c2cc3ccc4cc5c(-c6ccccc6)c(-c6ccccc6)n(CCCCCC)c(=O)c5nc4c3nc2c1=O,False,,True,FAIL_LONG_BOND,coreCN_max_dist>3.10,O113:2.064;O112:2.149;O60:2.211;N111:2.230;O52:2.357;N57:2.533;N54:2.571;O114:3.127,3.127,4.3843,1.2573,O113:2.064;O112:2.149;O60:2.211;N111:2.230;O52:2.357;N57:2.533;N54:2.571;O114:3.127;N7:4.384;N44:4.514,FAIL_LONG_BOND,3.1275,0.3727,data/processed/geometries_regenerated_fail_long_bond/rejected/Tb/Tb_Z65_ox3_CN8_nlig1_nitrate_f6e1351abbb0_attempt02_standard_dup2.xyz,data/processed/geometries_regenerated_fail_long_bond/best_failed/Tb/Tb_Z65_ox3_CN8_nlig1_nitrate_f6e1351abbb0_attempt02_standard_dup2.xyz,coreCN_max_dist>3.10,f6e1351abbb0,template_replan,template_large_rigid,large_rigid_filtered_4dent,graph_pocket,"[6, 43, 51, 53, 56, 59]",6,8,1,2,"[51, 53, 56, 59]",4,8,1,4,donors 6->4; coreCN 8->8; n_ligs 1->1; n_fill 2->4; new build_id preserves original geometry
5f2b8468aa9e,,65,Tb,3,CCCCCCn1c(-c2ccccc2)c(-c2ccccc2)c2cc3ccc4cc5c(-c6ccccc6)c(-c6ccccc6)n(CCCCCC)c(=O)c5nc4c3nc2c1=O,"[51, 53, 56, 59]","[""O(amide_carbonyl)"", ""N(aromatic)"", ""N(aromatic)"", ""O(amide_carbonyl)""]",4,8,1,water,water,4,/nfs/home/nshank3/lanthanide_dataset_builder/data/geometries/Tb/Tb_Z65_ox3_CN8_nlig1_water_a6e2f5bc31e8.xyz,/nfs/home/nshank3/lanthanide_dataset_builder/data/geometries/Tb/Tb_Z65_ox3_CN8_nlig1_water_a6e2f5bc31e8.mol2,,,existing_ok,recovered_from_disk,accepted,CCCCCCn1c(-c2ccccc2)c(-c2ccccc2)c2cc3ccc4cc5c(-c6ccccc6)c(-c6ccccc6)n(CCCCCC)c(=O)c5nc4c3nc2c1=O,CCCCCCn1c(-c2ccccc2)c(-c2ccccc2)c2cc3ccc4cc5c(-c6ccccc6)c(-c6ccccc6)n(CCCCCC)c(=O)c5nc4c3nc2c1=O,False,,True,FAIL_LONG_BOND,coreCN_max_dist>3.10,O60:2.103;O52:2.130;N57:2.422;O111:2.455;N54:2.492;O114:2.548;N7:3.357;N44:4.299,4.2986,inf,inf,O60:2.103;O52:2.130;N57:2.422;O111:2.455;N54:2.492;O114:2.548;N7:3.357;N44:4.299,FAIL_LONG_BOND,3.8859,inf,data/processed/geometries_regenerated_fail_long_bond/rejected/Tb/Tb_Z65_ox3_CN8_nlig1_water_a6e2f5bc31e8_attempt02_standard_dup2.xyz,data/processed/geometries_regenerated_fail_long_bond/best_failed/Tb/Tb_Z65_ox3_CN8_nlig1_water_a6e2f5bc31e8_attempt02_standard_dup2.xyz,coreCN_max_dist>3.10,a6e2f5bc31e8,template_replan,template_large_rigid,large_rigid_filtered_4dent,graph_pocket,"[6, 43, 51, 53, 56, 59]",6,8,1,2,"[51, 53, 56, 59]",4,8,1,4,donors 6->4; coreCN 8->8; n_ligs 1->1; n_fill 2->4; new build_id preserves original geometry
489589433060,,69,Tm,3,CCCCCCn1c(-c2ccccc2)c(-c2ccccc2)c2cc3ccc4cc5c(-c6ccccc6)c(-c6ccccc6)n(CCCCCC)c(=O)c5nc4c3nc2c1=O,"[51, 53, 56, 59]","[""O(amide_carbonyl)"", ""N(aromatic)"", ""N(aromatic)"", ""O(amide_carbonyl)""]",4,8,1,nitrate,nitrate,4,/nfs/home/nshank3/lanthanide_dataset_builder/data/geometries/Tm/Tm_Z69_ox3_CN8_nlig1_nitrate_9fc207440e89.xyz,/nfs/home/nshank3/lanthanide_dataset_builder/data/geometries/Tm/Tm_Z69_ox3_CN8_nlig1_nitrate_9fc207440e89.mol2,,,existing_ok,recovered_from_disk,accepted,CCCCCCn1c(-c2ccccc2)c(-c2ccccc2)c2cc3ccc4cc5c(-c6ccccc6)c(-c6ccccc6)n(CCCCCC)c(=O)c5nc4c3nc2c1=O,CCCCCCn1c(-c2ccccc2)c(-c2ccccc2)c2cc3ccc4cc5c(-c6ccccc6)c(-c6ccccc6)n(CCCCCC)c(=O)c5nc4c3nc2c1=O,False,,True,FAIL_LONG_BOND,coreCN_max_dist>3.10,O113:2.089;O114:2.100;O52:2.169;O60:2.390;N111:2.391;N57:2.412;N54:2.456;O112:3.491,3.4913,3.7965,0.3053,O113:2.089;O114:2.100;O52:2.169;O60:2.390;N111:2.391;N57:2.412;N54:2.456;O112:3.491;N44:3.797;N7:4.506,FAIL_LONG_BOND,3.3408,0.1861,data/processed/geometries_regenerated_fail_long_bond/rejected/Tm/Tm_Z69_ox3_CN8_nlig1_nitrate_9fc207440e89_attempt02_standard.xyz,data/processed/geometries_regenerated_fail_long_bond/best_failed/Tm/Tm_Z69_ox3_CN8_nlig1_nitrate_9fc207440e89_attempt02_standard.xyz,coreCN_max_dist>3.10,9fc207440e89,template_replan,template_large_rigid,large_rigid_filtered_4dent,graph_pocket,"[6, 43, 51, 53, 56, 59]",6,8,1,2,"[51, 53, 56, 59]",4,8,1,4,donors 6->4; coreCN 8->8; n_ligs 1->1; n_fill 2->4; new build_id preserves original geometry
b3aab25af2f6,,69,Tm,3,CCCCCCn1c(-c2ccccc2)c(-c2ccccc2)c2cc3ccc4cc5c(-c6ccccc6)c(-c6ccccc6)n(CCCCCC)c(=O)c5nc4c3nc2c1=O,"[51, 53, 56, 59]","[""O(amide_carbonyl)"", ""N(aromatic)"", ""N(aromatic)"", ""O(amide_carbonyl)""]",4,8,1,water,water,4,/nfs/home/nshank3/lanthanide_dataset_builder/data/geometries/Tm/Tm_Z69_ox3_CN8_nlig1_water_b6783a4dd86e.xyz,/nfs/home/nshank3/lanthanide_dataset_builder/data/geometries/Tm/Tm_Z69_ox3_CN8_nlig1_water_b6783a4dd86e.mol2,,,existing_ok,recovered_from_disk,accepted,CCCCCCn1c(-c2ccccc2)c(-c2ccccc2)c2cc3ccc4cc5c(-c6ccccc6)c(-c6ccccc6)n(CCCCCC)c(=O)c5nc4c3nc2c1=O,CCCCCCn1c(-c2ccccc2)c(-c2ccccc2)c2cc3ccc4cc5c(-c6ccccc6)c(-c6ccccc6)n(CCCCCC)c(=O)c5nc4c3nc2c1=O,False,,True,FAIL_LONG_BOND,coreCN_max_dist>3.10,O60:2.052;O52:2.058;N57:2.437;N54:2.454;O111:2.458;O114:2.895;N44:3.765;N7:3.853,3.8528,inf,inf,O60:2.052;O52:2.058;N57:2.437;N54:2.454;O111:2.458;O114:2.895;N44:3.765;N7:3.853,FAIL_LONG_BOND,4.3083,inf,data/processed/geometries_regenerated_fail_long_bond/rejected/Tm/Tm_Z69_ox3_CN8_nlig1_water_b6783a4dd86e_attempt01_standard_dup2.xyz,data/processed/geometries_regenerated_fail_long_bond/best_failed/Tm/Tm_Z69_ox3_CN8_nlig1_water_b6783a4dd86e_attempt01_standard_dup2.xyz,coreCN_max_dist>3.10,b6783a4dd86e,template_replan,template_large_rigid,large_rigid_filtered_4dent,graph_pocket,"[6, 43, 51, 53, 56, 59]",6,8,1,2,"[51, 53, 56, 59]",4,8,1,4,donors 6->4; coreCN 8->8; n_ligs 1->1; n_fill 2->4; new build_id preserves original geometry
467997a16193,,70,Yb,3,CCCCCCn1c(-c2ccccc2)c(-c2ccccc2)c2cc3ccc4cc5c(-c6ccccc6)c(-c6ccccc6)n(CCCCCC)c(=O)c5nc4c3nc2c1=O,"[51, 53, 56, 59]","[""O(amide_carbonyl)"", ""N(aromatic)"", ""N(aromatic)"", ""O(amide_carbonyl)""]",4,8,1,nitrate,nitrate,4,/nfs/home/nshank3/lanthanide_dataset_builder/data/geometries/Yb/Yb_Z70_ox3_CN8_nlig1_nitrate_b6234ce57a75.xyz,/nfs/home/nshank3/lanthanide_dataset_builder/data/geometries/Yb/Yb_Z70_ox3_CN8_nlig1_nitrate_b6234ce57a75.mol2,,,existing_ok,recovered_from_disk,accepted,CCCCCCn1c(-c2ccccc2)c(-c2ccccc2)c2cc3ccc4cc5c(-c6ccccc6)c(-c6ccccc6)n(CCCCCC)c(=O)c5nc4c3nc2c1=O,CCCCCCn1c(-c2ccccc2)c(-c2ccccc2)c2cc3ccc4cc5c(-c6ccccc6)c(-c6ccccc6)n(CCCCCC)c(=O)c5nc4c3nc2c1=O,False,,True,FAIL_LONG_BOND,coreCN_max_dist>3.10,O52:2.030;O114:2.057;O113:2.091;O60:2.154;N57:2.339;N111:2.371;N54:2.466;N7:3.397,3.3974,3.4672,0.0698,O52:2.030;O114:2.057;O113:2.091;O60:2.154;N57:2.339;N111:2.371;N54:2.466;N7:3.397;O112:3.467;N44:3.769,FAIL_LONG_BOND,3.2109,0.7856,data/processed/geometries_regenerated_fail_long_bond/rejected/Yb/Yb_Z70_ox3_CN8_nlig1_nitrate_b6234ce57a75_attempt02_standard_dup2.xyz,data/processed/geometries_regenerated_fail_long_bond/best_failed/Yb/Yb_Z70_ox3_CN8_nlig1_nitrate_b6234ce57a75_attempt02_standard_dup2.xyz,coreCN_max_dist>3.10,b6234ce57a75,template_replan,template_large_rigid,large_rigid_filtered_4dent,graph_pocket,"[6, 43, 51, 53, 56, 59]",6,8,1,2,"[51, 53, 56, 59]",4,8,1,4,donors 6->4; coreCN 8->8; n_ligs 1->1; n_fill 2->4; new build_id preserves original geometry
22118ecd164c,,70,Yb,3,CCCCCCn1c(-c2ccccc2)c(-c2ccccc2)c2cc3ccc4cc5c(-c6ccccc6)c(-c6ccccc6)n(CCCCCC)c(=O)c5nc4c3nc2c1=O,"[51, 53, 56, 59]","[""O(amide_carbonyl)"", ""N(aromatic)"", ""N(aromatic)"", ""O(amide_carbonyl)""]",4,8,1,water,water,4,/nfs/home/nshank3/lanthanide_dataset_builder/data/geometries/Yb/Yb_Z70_ox3_CN8_nlig1_water_a0aa0701cbf7.xyz,/nfs/home/nshank3/lanthanide_dataset_builder/data/geometries/Yb/Yb_Z70_ox3_CN8_nlig1_water_a0aa0701cbf7.mol2,,,existing_ok,recovered_from_disk,accepted,CCCCCCn1c(-c2ccccc2)c(-c2ccccc2)c2cc3ccc4cc5c(-c6ccccc6)c(-c6ccccc6)n(CCCCCC)c(=O)c5nc4c3nc2c1=O,CCCCCCn1c(-c2ccccc2)c(-c2ccccc2)c2cc3ccc4cc5c(-c6ccccc6)c(-c6ccccc6)n(CCCCCC)c(=O)c5nc4c3nc2c1=O,False,,True,FAIL_LONG_BOND,coreCN_max_dist>3.10,O52:1.984;O60:2.100;N57:2.296;O111:2.323;O114:2.354;N54:2.371;N44:4.002;N7:4.187,4.1874,inf,inf,O52:1.984;O60:2.100;N57:2.296;O111:2.323;O114:2.354;N54:2.371;N44:4.002;N7:4.187,FAIL_LONG_BOND,4.0882,inf,data/processed/geometries_regenerated_fail_long_bond/rejected/Yb/Yb_Z70_ox3_CN8_nlig1_water_a0aa0701cbf7_attempt01_standard.xyz,data/processed/geometries_regenerated_fail_long_bond/best_failed/Yb/Yb_Z70_ox3_CN8_nlig1_water_a0aa0701cbf7_attempt01_standard.xyz,coreCN_max_dist>3.10,a0aa0701cbf7,template_replan,template_large_rigid,large_rigid_filtered_4dent,graph_pocket,"[6, 43, 51, 53, 56, 59]",6,8,1,2,"[51, 53, 56, 59]",4,8,1,4,donors 6->4; coreCN 8->8; n_ligs 1->1; n_fill 2->4; new build_id preserves original geometry
